Date,Ticker,Investment_Value_Numeric
2021-10-06,HDFCBANK.NS,100000.0
2021-10-07,HDFCBANK.NS,99728.0
2021-10-08,HDFCBANK.NS,99241.0
2021-10-11,HDFCBANK.NS,101170.0
2021-10-12,HDFCBANK.NS,100910.0
2021-10-13,HDFCBANK.NS,101517.0
2021-10-14,HDFCBANK.NS,104489.0
2021-10-18,HDFCBANK.NS,103431.0
2021-10-19,HDFCBANK.NS,104570.0
2021-10-20,HDFCBANK.NS,103650.0
2021-10-21,HDFCBANK.NS,103802.0
2021-10-22,HDFCBANK.NS,104078.0
2021-10-25,HDFCBANK.NS,102607.0
2021-10-26,HDFCBANK.NS,102344.0
2021-10-27,HDFCBANK.NS,101728.0
2021-10-28,HDFCBANK.NS,98681.0
2021-10-29,HDFCBANK.NS,98015.0
2021-11-01,HDFCBANK.NS,99406.0
2021-11-02,HDFCBANK.NS,99495.0
2021-11-03,HDFCBANK.NS,97929.0
2021-11-04,HDFCBANK.NS,98703.0
2021-11-08,HDFCBANK.NS,99093.0
2021-11-09,HDFCBANK.NS,97359.0
2021-11-10,HDFCBANK.NS,96306.0
2021-11-11,HDFCBANK.NS,95876.0
2021-11-12,HDFCBANK.NS,96167.0
2021-11-15,HDFCBANK.NS,96430.0
2021-11-16,HDFCBANK.NS,95857.0
2021-11-17,HDFCBANK.NS,94792.0
2021-11-18,HDFCBANK.NS,95325.0
2021-11-22,HDFCBANK.NS,93836.0
2021-11-23,HDFCBANK.NS,93848.0
2021-11-24,HDFCBANK.NS,94003.0
2021-11-25,HDFCBANK.NS,94492.0
2021-11-26,HDFCBANK.NS,92260.0
2021-11-29,HDFCBANK.NS,92962.0
2021-11-30,HDFCBANK.NS,92486.0
2021-12-01,HDFCBANK.NS,93173.0
2021-12-02,HDFCBANK.NS,94480.0
2021-12-03,HDFCBANK.NS,93724.0
2021-12-06,HDFCBANK.NS,93120.0
2021-12-07,HDFCBANK.NS,94476.0
2021-12-08,HDFCBANK.NS,96216.0
2021-12-09,HDFCBANK.NS,94548.0
2021-12-10,HDFCBANK.NS,94281.0
2021-12-13,HDFCBANK.NS,93575.0
2021-12-14,HDFCBANK.NS,93037.0
2021-12-15,HDFCBANK.NS,92885.0
2021-12-16,HDFCBANK.NS,92891.0
2021-12-17,HDFCBANK.NS,91216.0
2021-12-20,HDFCBANK.NS,88281.0
2021-12-21,HDFCBANK.NS,89281.0
2021-12-22,HDFCBANK.NS,89492.0
2021-12-23,HDFCBANK.NS,89423.0
2021-12-24,HDFCBANK.NS,89101.0
2021-12-27,HDFCBANK.NS,89838.0
2021-12-28,HDFCBANK.NS,90458.0
2021-12-29,HDFCBANK.NS,90027.0
2021-12-30,HDFCBANK.NS,90501.0
2021-12-31,HDFCBANK.NS,91609.0
2022-01-03,HDFCBANK.NS,94102.0
2022-01-04,HDFCBANK.NS,94653.0
2022-01-05,HDFCBANK.NS,96901.0
2022-01-06,HDFCBANK.NS,95346.0
2022-01-07,HDFCBANK.NS,96015.0
2022-01-10,HDFCBANK.NS,96548.0
2022-01-11,HDFCBANK.NS,96966.0
2022-01-12,HDFCBANK.NS,96393.0
2022-01-13,HDFCBANK.NS,94619.0
2022-01-14,HDFCBANK.NS,95681.0
2022-01-17,HDFCBANK.NS,94216.0
2022-01-18,HDFCBANK.NS,94696.0
2022-01-19,HDFCBANK.NS,94027.0
2022-01-20,HDFCBANK.NS,93442.0
2022-01-21,HDFCBANK.NS,94223.0
2022-01-24,HDFCBANK.NS,92058.0
2022-01-25,HDFCBANK.NS,92145.0
2022-01-27,HDFCBANK.NS,91334.0
2022-01-28,HDFCBANK.NS,90609.0
2022-01-31,HDFCBANK.NS,92000.0
2022-02-01,HDFCBANK.NS,92699.0
2022-02-02,HDFCBANK.NS,94817.0
2022-02-03,HDFCBANK.NS,93836.0
2022-02-04,HDFCBANK.NS,94371.0
2022-02-07,HDFCBANK.NS,90913.0
2022-02-08,HDFCBANK.NS,90523.0
2022-02-09,HDFCBANK.NS,92736.0
2022-02-10,HDFCBANK.NS,94439.0
2022-02-11,HDFCBANK.NS,94052.0
2022-02-14,HDFCBANK.NS,91256.0
2022-02-15,HDFCBANK.NS,93987.0
2022-02-16,HDFCBANK.NS,93860.0
2022-02-17,HDFCBANK.NS,93288.0
2022-02-18,HDFCBANK.NS,93650.0
2022-02-21,HDFCBANK.NS,94254.0
2022-02-22,HDFCBANK.NS,93548.0
2022-02-23,HDFCBANK.NS,92941.0
2022-02-24,HDFCBANK.NS,87894.0
2022-02-25,HDFCBANK.NS,90167.0
2022-02-28,HDFCBANK.NS,88318.0
2022-03-02,HDFCBANK.NS,85098.0
2022-03-03,HDFCBANK.NS,84897.0
2022-03-04,HDFCBANK.NS,84618.0
2022-03-07,HDFCBANK.NS,82036.0
2022-03-08,HDFCBANK.NS,82222.0
2022-03-09,HDFCBANK.NS,84906.0
2022-03-10,HDFCBANK.NS,86241.0
2022-03-11,HDFCBANK.NS,86495.0
2022-03-14,HDFCBANK.NS,89328.0
2022-03-15,HDFCBANK.NS,88179.0
2022-03-16,HDFCBANK.NS,89674.0
2022-03-17,HDFCBANK.NS,91650.0
2022-03-21,HDFCBANK.NS,92049.0
2022-03-22,HDFCBANK.NS,92523.0
2022-03-23,HDFCBANK.NS,91600.0
2022-03-24,HDFCBANK.NS,89334.0
2022-03-25,HDFCBANK.NS,88606.0
2022-03-28,HDFCBANK.NS,88724.0
2022-03-29,HDFCBANK.NS,89900.0
2022-03-30,HDFCBANK.NS,91458.0
2022-03-31,HDFCBANK.NS,91049.0
2022-04-01,HDFCBANK.NS,93257.0
2022-04-04,HDFCBANK.NS,102595.0
2022-04-05,HDFCBANK.NS,99588.0
2022-04-06,HDFCBANK.NS,96034.0
2022-04-07,HDFCBANK.NS,93922.0
2022-04-08,HDFCBANK.NS,93792.0
2022-04-11,HDFCBANK.NS,92647.0
2022-04-12,HDFCBANK.NS,92483.0
2022-04-13,HDFCBANK.NS,90715.0
2022-04-18,HDFCBANK.NS,86411.0
2022-04-19,HDFCBANK.NS,83114.0
2022-04-20,HDFCBANK.NS,83863.0
2022-04-21,HDFCBANK.NS,85104.0
2022-04-22,HDFCBANK.NS,83943.0
2022-04-25,HDFCBANK.NS,84572.0
2022-04-26,HDFCBANK.NS,84962.0
2022-04-27,HDFCBANK.NS,84993.0
2022-04-28,HDFCBANK.NS,84919.0
2022-04-29,HDFCBANK.NS,85739.0
2022-05-02,HDFCBANK.NS,86922.0
2022-05-04,HDFCBANK.NS,83968.0
2022-05-05,HDFCBANK.NS,83779.0
2022-05-06,HDFCBANK.NS,81590.0
2022-05-09,HDFCBANK.NS,81730.0
2022-05-10,HDFCBANK.NS,83042.0
2022-05-11,HDFCBANK.NS,83510.0
2022-05-12,HDFCBANK.NS,80689.0
2022-05-13,HDFCBANK.NS,79965.0
2022-05-16,HDFCBANK.NS,80816.0
2022-05-17,HDFCBANK.NS,81367.0
2022-05-18,HDFCBANK.NS,81361.0
2022-05-19,HDFCBANK.NS,79698.0
2022-05-20,HDFCBANK.NS,81798.0
2022-05-23,HDFCBANK.NS,80748.0
2022-05-24,HDFCBANK.NS,81674.0
2022-05-25,HDFCBANK.NS,82284.0
2022-05-26,HDFCBANK.NS,84631.0
2022-05-27,HDFCBANK.NS,86200.0
2022-05-30,HDFCBANK.NS,86789.0
2022-05-31,HDFCBANK.NS,86008.0
2022-06-01,HDFCBANK.NS,86374.0
2022-06-02,HDFCBANK.NS,85770.0
2022-06-03,HDFCBANK.NS,85473.0
2022-06-06,HDFCBANK.NS,85358.0
2022-06-07,HDFCBANK.NS,84377.0
2022-06-08,HDFCBANK.NS,84674.0
2022-06-09,HDFCBANK.NS,85312.0
2022-06-10,HDFCBANK.NS,83665.0
2022-06-13,HDFCBANK.NS,82147.0
2022-06-14,HDFCBANK.NS,81243.0
2022-06-15,HDFCBANK.NS,80962.0
2022-06-16,HDFCBANK.NS,79342.0
2022-06-17,HDFCBANK.NS,79866.0
2022-06-20,HDFCBANK.NS,81872.0
2022-06-21,HDFCBANK.NS,82764.0
2022-06-22,HDFCBANK.NS,82374.0
2022-06-23,HDFCBANK.NS,82677.0
2022-06-24,HDFCBANK.NS,83832.0
2022-06-27,HDFCBANK.NS,83984.0
2022-06-28,HDFCBANK.NS,83343.0
2022-06-29,HDFCBANK.NS,83222.0
2022-06-30,HDFCBANK.NS,83473.0
2022-07-01,HDFCBANK.NS,83829.0
2022-07-04,HDFCBANK.NS,83946.0
2022-07-05,HDFCBANK.NS,83758.0
2022-07-06,HDFCBANK.NS,84912.0
2022-07-07,HDFCBANK.NS,86433.0
2022-07-08,HDFCBANK.NS,86513.0
2022-07-11,HDFCBANK.NS,87074.0
2022-07-12,HDFCBANK.NS,86185.0
2022-07-13,HDFCBANK.NS,84083.0
2022-07-14,HDFCBANK.NS,83662.0
2022-07-15,HDFCBANK.NS,84343.0
2022-07-18,HDFCBANK.NS,83445.0
2022-07-19,HDFCBANK.NS,83476.0
2022-07-20,HDFCBANK.NS,84528.0
2022-07-21,HDFCBANK.NS,84262.0
2022-07-22,HDFCBANK.NS,86228.0
2022-07-25,HDFCBANK.NS,86482.0
2022-07-26,HDFCBANK.NS,86306.0
2022-07-27,HDFCBANK.NS,86965.0
2022-07-28,HDFCBANK.NS,87736.0
2022-07-29,HDFCBANK.NS,88810.0
2022-08-01,HDFCBANK.NS,89550.0
2022-08-02,HDFCBANK.NS,88566.0
2022-08-03,HDFCBANK.NS,88773.0
2022-08-04,HDFCBANK.NS,88668.0
2022-08-05,HDFCBANK.NS,88368.0
2022-08-08,HDFCBANK.NS,90535.0
2022-08-10,HDFCBANK.NS,90798.0
2022-08-11,HDFCBANK.NS,92000.0
2022-08-12,HDFCBANK.NS,91965.0
2022-08-16,HDFCBANK.NS,93018.0
2022-08-17,HDFCBANK.NS,93498.0
2022-08-18,HDFCBANK.NS,93610.0
2022-08-19,HDFCBANK.NS,92455.0
2022-08-22,HDFCBANK.NS,91049.0
2022-08-23,HDFCBANK.NS,90767.0
2022-08-24,HDFCBANK.NS,91204.0
2022-08-25,HDFCBANK.NS,90708.0
2022-08-26,HDFCBANK.NS,90724.0
2022-08-29,HDFCBANK.NS,89132.0
2022-08-30,HDFCBANK.NS,92024.0
2022-09-01,HDFCBANK.NS,91160.0
2022-09-02,HDFCBANK.NS,91987.0
2022-09-05,HDFCBANK.NS,92578.0
2022-09-06,HDFCBANK.NS,92226.0
2022-09-07,HDFCBANK.NS,91789.0
2022-09-08,HDFCBANK.NS,92736.0
2022-09-09,HDFCBANK.NS,92798.0
2022-09-12,HDFCBANK.NS,92486.0
2022-09-13,HDFCBANK.NS,93696.0
2022-09-14,HDFCBANK.NS,94659.0
2022-09-15,HDFCBANK.NS,94167.0
2022-09-16,HDFCBANK.NS,92436.0
2022-09-19,HDFCBANK.NS,93046.0
2022-09-20,HDFCBANK.NS,94167.0
2022-09-21,HDFCBANK.NS,94021.0
2022-09-22,HDFCBANK.NS,92018.0
2022-09-23,HDFCBANK.NS,89550.0
2022-09-26,HDFCBANK.NS,88343.0
2022-09-27,HDFCBANK.NS,87550.0
2022-09-28,HDFCBANK.NS,86046.0
2022-09-29,HDFCBANK.NS,85600.0
2022-09-30,HDFCBANK.NS,88015.0
2022-10-03,HDFCBANK.NS,87510.0
2022-10-04,HDFCBANK.NS,89975.0
2022-10-06,HDFCBANK.NS,88984.0
2022-10-07,HDFCBANK.NS,88600.0
2022-10-10,HDFCBANK.NS,87622.0
2022-10-11,HDFCBANK.NS,86733.0
2022-10-12,HDFCBANK.NS,87300.0
2022-10-13,HDFCBANK.NS,86296.0
2022-10-14,HDFCBANK.NS,89108.0
2022-10-17,HDFCBANK.NS,89575.0
2022-10-18,HDFCBANK.NS,89408.0
2022-10-19,HDFCBANK.NS,90324.0
2022-10-20,HDFCBANK.NS,89715.0
2022-10-21,HDFCBANK.NS,89083.0
2022-10-24,HDFCBANK.NS,90473.0
2022-10-25,HDFCBANK.NS,89845.0
2022-10-27,HDFCBANK.NS,90061.0
2022-10-28,HDFCBANK.NS,90328.0
2022-10-31,HDFCBANK.NS,92681.0
2022-11-01,HDFCBANK.NS,93705.0
2022-11-02,HDFCBANK.NS,93764.0
2022-11-03,HDFCBANK.NS,93353.0
2022-11-04,HDFCBANK.NS,92709.0
2022-11-07,HDFCBANK.NS,93430.0
2022-11-09,HDFCBANK.NS,93402.0
2022-11-10,HDFCBANK.NS,94418.0
2022-11-11,HDFCBANK.NS,99768.0
2022-11-14,HDFCBANK.NS,100009.0
2022-11-15,HDFCBANK.NS,100254.0
2022-11-16,HDFCBANK.NS,101115.0
2022-11-17,HDFCBANK.NS,100201.0
2022-11-18,HDFCBANK.NS,99938.0
2022-11-21,HDFCBANK.NS,98913.0
2022-11-22,HDFCBANK.NS,98768.0
2022-11-23,HDFCBANK.NS,99025.0
2022-11-24,HDFCBANK.NS,100635.0
2022-11-25,HDFCBANK.NS,100170.0
2022-11-28,HDFCBANK.NS,99093.0
2022-11-29,HDFCBANK.NS,98944.0
2022-11-30,HDFCBANK.NS,99601.0
2022-12-01,HDFCBANK.NS,100285.0
2022-12-02,HDFCBANK.NS,99517.0
2022-12-05,HDFCBANK.NS,99879.0
2022-12-06,HDFCBANK.NS,99768.0
2022-12-07,HDFCBANK.NS,99724.0
2022-12-08,HDFCBANK.NS,100285.0
2022-12-09,HDFCBANK.NS,101000.0
2022-12-12,HDFCBANK.NS,101786.0
2022-12-13,HDFCBANK.NS,102068.0
2022-12-14,HDFCBANK.NS,102932.0
2022-12-15,HDFCBANK.NS,101047.0
2022-12-16,HDFCBANK.NS,101533.0
2022-12-19,HDFCBANK.NS,101848.0
2022-12-20,HDFCBANK.NS,101146.0
2022-12-21,HDFCBANK.NS,100167.0
2022-12-22,HDFCBANK.NS,99824.0
2022-12-23,HDFCBANK.NS,98932.0
2022-12-26,HDFCBANK.NS,100901.0
2022-12-27,HDFCBANK.NS,101003.0
2022-12-28,HDFCBANK.NS,100923.0
2022-12-29,HDFCBANK.NS,101635.0
2022-12-30,HDFCBANK.NS,100820.0
2023-01-02,HDFCBANK.NS,100855.0
2023-01-03,HDFCBANK.NS,101514.0
2023-01-04,HDFCBANK.NS,99700.0
2023-01-05,HDFCBANK.NS,99059.0
2023-01-06,HDFCBANK.NS,98731.0
2023-01-09,HDFCBANK.NS,98923.0
2023-01-10,HDFCBANK.NS,97114.0
2023-01-11,HDFCBANK.NS,98514.0
2023-01-12,HDFCBANK.NS,99040.0
2023-01-13,HDFCBANK.NS,99118.0
2023-01-16,HDFCBANK.NS,98167.0
2023-01-17,HDFCBANK.NS,99628.0
2023-01-18,HDFCBANK.NS,101387.0
2023-01-19,HDFCBANK.NS,101808.0
2023-01-20,HDFCBANK.NS,102852.0
2023-01-23,HDFCBANK.NS,103604.0
2023-01-24,HDFCBANK.NS,104991.0
2023-01-25,HDFCBANK.NS,102090.0
2023-01-27,HDFCBANK.NS,100056.0
2023-01-30,HDFCBANK.NS,99954.0
2023-01-31,HDFCBANK.NS,99294.0
2023-02-01,HDFCBANK.NS,100783.0
2023-02-02,HDFCBANK.NS,99285.0
2023-02-03,HDFCBANK.NS,102718.0
2023-02-06,HDFCBANK.NS,102282.0
2023-02-07,HDFCBANK.NS,102434.0
2023-02-08,HDFCBANK.NS,102421.0
2023-02-09,HDFCBANK.NS,102208.0
2023-02-10,HDFCBANK.NS,102613.0
2023-02-13,HDFCBANK.NS,102691.0
2023-02-14,HDFCBANK.NS,103641.0
2023-02-15,HDFCBANK.NS,103431.0
2023-02-16,HDFCBANK.NS,103056.0
2023-02-17,HDFCBANK.NS,102539.0
2023-02-20,HDFCBANK.NS,101576.0
2023-02-21,HDFCBANK.NS,101957.0
2023-02-22,HDFCBANK.NS,99957.0
2023-02-23,HDFCBANK.NS,99279.0
2023-02-24,HDFCBANK.NS,98393.0
2023-02-27,HDFCBANK.NS,98638.0
2023-02-28,HDFCBANK.NS,99053.0
2023-03-01,HDFCBANK.NS,98957.0
2023-03-02,HDFCBANK.NS,98114.0
2023-03-03,HDFCBANK.NS,100062.0
2023-03-06,HDFCBANK.NS,100768.0
2023-03-08,HDFCBANK.NS,100969.0
2023-03-09,HDFCBANK.NS,100978.0
2023-03-10,HDFCBANK.NS,98375.0
2023-03-13,HDFCBANK.NS,97130.0
2023-03-14,HDFCBANK.NS,96870.0
2023-03-15,HDFCBANK.NS,95480.0
2023-03-16,HDFCBANK.NS,96099.0
2023-03-17,HDFCBANK.NS,97384.0
2023-03-20,HDFCBANK.NS,96709.0
2023-03-21,HDFCBANK.NS,97805.0
2023-03-22,HDFCBANK.NS,97579.0
2023-03-23,HDFCBANK.NS,96795.0
2023-03-24,HDFCBANK.NS,96641.0
2023-03-27,HDFCBANK.NS,97062.0
2023-03-28,HDFCBANK.NS,97851.0
2023-03-29,HDFCBANK.NS,98322.0
2023-03-31,HDFCBANK.NS,99669.0
2023-04-03,HDFCBANK.NS,99731.0
2023-04-05,HDFCBANK.NS,102406.0
2023-04-06,HDFCBANK.NS,103186.0
2023-04-10,HDFCBANK.NS,102697.0
2023-04-11,HDFCBANK.NS,102997.0
2023-04-12,HDFCBANK.NS,104335.0
2023-04-13,HDFCBANK.NS,104802.0
2023-04-17,HDFCBANK.NS,103205.0
2023-04-18,HDFCBANK.NS,102768.0
2023-04-19,HDFCBANK.NS,103146.0
2023-04-20,HDFCBANK.NS,103530.0
2023-04-21,HDFCBANK.NS,103697.0
2023-04-24,HDFCBANK.NS,104536.0
2023-04-25,HDFCBANK.NS,103050.0
2023-04-26,HDFCBANK.NS,103523.0
2023-04-27,HDFCBANK.NS,104093.0
2023-04-28,HDFCBANK.NS,104502.0
2023-05-02,HDFCBANK.NS,104480.0
2023-05-03,HDFCBANK.NS,104846.0
2023-05-04,HDFCBANK.NS,106991.0
2023-05-05,HDFCBANK.NS,100666.0
2023-05-08,HDFCBANK.NS,101830.0
2023-05-09,HDFCBANK.NS,101833.0
2023-05-10,HDFCBANK.NS,102304.0
2023-05-11,HDFCBANK.NS,102372.0
2023-05-12,HDFCBANK.NS,103276.0
2023-05-15,HDFCBANK.NS,103771.0
2023-05-16,HDFCBANK.NS,102006.0
2023-05-17,HDFCBANK.NS,101458.0
2023-05-18,HDFCBANK.NS,101864.0
2023-05-19,HDFCBANK.NS,101982.0
2023-05-22,HDFCBANK.NS,101619.0
2023-05-23,HDFCBANK.NS,101381.0
2023-05-24,HDFCBANK.NS,100056.0
2023-05-25,HDFCBANK.NS,99672.0
2023-05-26,HDFCBANK.NS,100056.0
2023-05-29,HDFCBANK.NS,101276.0
2023-05-30,HDFCBANK.NS,101353.0
2023-05-31,HDFCBANK.NS,99749.0
2023-06-01,HDFCBANK.NS,99325.0
2023-06-02,HDFCBANK.NS,99480.0
2023-06-05,HDFCBANK.NS,99350.0
2023-06-06,HDFCBANK.NS,99040.0
2023-06-07,HDFCBANK.NS,99554.0
2023-06-08,HDFCBANK.NS,99616.0
2023-06-09,HDFCBANK.NS,99734.0
2023-06-12,HDFCBANK.NS,99127.0
2023-06-13,HDFCBANK.NS,99294.0
2023-06-14,HDFCBANK.NS,99186.0
2023-06-15,HDFCBANK.NS,97966.0
2023-06-16,HDFCBANK.NS,99248.0
2023-06-19,HDFCBANK.NS,99334.0
2023-06-20,HDFCBANK.NS,99542.0
2023-06-21,HDFCBANK.NS,101282.0
2023-06-22,HDFCBANK.NS,101777.0
2023-06-23,HDFCBANK.NS,101771.0
2023-06-26,HDFCBANK.NS,101279.0
2023-06-27,HDFCBANK.NS,102706.0
2023-06-28,HDFCBANK.NS,103793.0
2023-06-30,HDFCBANK.NS,105356.0
2023-07-03,HDFCBANK.NS,106496.0
2023-07-04,HDFCBANK.NS,107016.0
2023-07-05,HDFCBANK.NS,103616.0
2023-07-06,HDFCBANK.NS,103722.0
2023-07-07,HDFCBANK.NS,102818.0
2023-07-10,HDFCBANK.NS,102573.0
2023-07-11,HDFCBANK.NS,102074.0
2023-07-12,HDFCBANK.NS,101118.0
2023-07-13,HDFCBANK.NS,101622.0
2023-07-14,HDFCBANK.NS,101833.0
2023-07-17,HDFCBANK.NS,103963.0
2023-07-18,HDFCBANK.NS,103876.0
2023-07-19,HDFCBANK.NS,104347.0
2023-07-20,HDFCBANK.NS,104573.0
2023-07-21,HDFCBANK.NS,103768.0
2023-07-24,HDFCBANK.NS,103932.0
2023-07-25,HDFCBANK.NS,105059.0
2023-07-26,HDFCBANK.NS,104694.0
2023-07-27,HDFCBANK.NS,103607.0
2023-07-28,HDFCBANK.NS,101771.0
2023-07-31,HDFCBANK.NS,102248.0
2023-08-01,HDFCBANK.NS,102932.0
2023-08-02,HDFCBANK.NS,101585.0
2023-08-03,HDFCBANK.NS,100851.0
2023-08-04,HDFCBANK.NS,102310.0
2023-08-07,HDFCBANK.NS,102251.0
2023-08-08,HDFCBANK.NS,102167.0
2023-08-09,HDFCBANK.NS,102204.0
2023-08-10,HDFCBANK.NS,101297.0
2023-08-11,HDFCBANK.NS,100242.0
2023-08-14,HDFCBANK.NS,99752.0
2023-08-16,HDFCBANK.NS,99461.0
2023-08-17,HDFCBANK.NS,98910.0
2023-08-18,HDFCBANK.NS,98505.0
2023-08-21,HDFCBANK.NS,98427.0
2023-08-22,HDFCBANK.NS,98006.0
2023-08-23,HDFCBANK.NS,98248.0
2023-08-24,HDFCBANK.NS,97796.0
2023-08-25,HDFCBANK.NS,96693.0
2023-08-28,HDFCBANK.NS,97700.0
2023-08-29,HDFCBANK.NS,98477.0
2023-08-30,HDFCBANK.NS,97758.0
2023-08-31,HDFCBANK.NS,97309.0
2023-09-01,HDFCBANK.NS,97511.0
2023-09-04,HDFCBANK.NS,98121.0
2023-09-05,HDFCBANK.NS,97523.0
2023-09-06,HDFCBANK.NS,98799.0
2023-09-07,HDFCBANK.NS,99749.0
2023-09-08,HDFCBANK.NS,100526.0
2023-09-11,HDFCBANK.NS,101047.0
2023-09-12,HDFCBANK.NS,101362.0
2023-09-13,HDFCBANK.NS,101796.0
2023-09-14,HDFCBANK.NS,101734.0
2023-09-15,HDFCBANK.NS,102901.0
2023-09-18,HDFCBANK.NS,100876.0
2023-09-20,HDFCBANK.NS,96830.0
2023-09-21,HDFCBANK.NS,96189.0
2023-09-22,HDFCBANK.NS,94721.0
2023-09-25,HDFCBANK.NS,94805.0
2023-09-26,HDFCBANK.NS,95216.0
2023-09-27,HDFCBANK.NS,94548.0
2023-09-28,HDFCBANK.NS,94353.0
2023-09-29,HDFCBANK.NS,94514.0
2023-10-03,HDFCBANK.NS,93383.0
2023-10-04,HDFCBANK.NS,94715.0
2023-10-05,HDFCBANK.NS,95099.0
2023-10-06,HDFCBANK.NS,94993.0
2023-10-09,HDFCBANK.NS,93891.0
2023-10-10,HDFCBANK.NS,94424.0
2023-10-11,HDFCBANK.NS,95337.0
2023-10-12,HDFCBANK.NS,95972.0
2023-10-13,HDFCBANK.NS,95099.0
2023-10-16,HDFCBANK.NS,94718.0
2023-10-17,HDFCBANK.NS,95436.0
2023-10-18,HDFCBANK.NS,94108.0
2023-10-19,HDFCBANK.NS,93811.0
2023-10-20,HDFCBANK.NS,94297.0
2023-10-23,HDFCBANK.NS,93260.0
2023-10-25,HDFCBANK.NS,92668.0
2023-10-26,HDFCBANK.NS,90619.0
2023-10-27,HDFCBANK.NS,90975.0
2023-10-30,HDFCBANK.NS,91962.0
2023-10-31,HDFCBANK.NS,91430.0
2023-11-01,HDFCBANK.NS,91306.0
2023-11-02,HDFCBANK.NS,91445.0
2023-11-03,HDFCBANK.NS,91879.0
2023-11-06,HDFCBANK.NS,92544.0
2023-11-07,HDFCBANK.NS,92095.0
2023-11-08,HDFCBANK.NS,92362.0
2023-11-09,HDFCBANK.NS,91996.0
2023-11-10,HDFCBANK.NS,92359.0
2023-11-13,HDFCBANK.NS,92191.0
2023-11-15,HDFCBANK.NS,93157.0
2023-11-16,HDFCBANK.NS,93402.0
2023-11-17,HDFCBANK.NS,93201.0
2023-11-20,HDFCBANK.NS,93207.0
2023-11-21,HDFCBANK.NS,93997.0
2023-11-22,HDFCBANK.NS,93662.0
2023-11-23,HDFCBANK.NS,94204.0
2023-11-24,HDFCBANK.NS,94873.0
2023-11-28,HDFCBANK.NS,94659.0
2023-11-29,HDFCBANK.NS,96548.0
2023-11-30,HDFCBANK.NS,96526.0
2023-12-01,HDFCBANK.NS,96316.0
2023-12-04,HDFCBANK.NS,99659.0
2023-12-05,HDFCBANK.NS,100545.0
2023-12-06,HDFCBANK.NS,100799.0
2023-12-07,HDFCBANK.NS,100963.0
2023-12-08,HDFCBANK.NS,102372.0
2023-12-11,HDFCBANK.NS,102235.0
2023-12-12,HDFCBANK.NS,101220.0
2023-12-13,HDFCBANK.NS,100991.0
2023-12-14,HDFCBANK.NS,102183.0
2023-12-15,HDFCBANK.NS,102579.0
2023-12-18,HDFCBANK.NS,102526.0
2023-12-19,HDFCBANK.NS,102353.0
2023-12-20,HDFCBANK.NS,102607.0
2023-12-21,HDFCBANK.NS,104446.0
2023-12-22,HDFCBANK.NS,103465.0
2023-12-26,HDFCBANK.NS,104183.0
2023-12-27,HDFCBANK.NS,105474.0
2023-12-28,HDFCBANK.NS,105595.0
2023-12-29,HDFCBANK.NS,105842.0
2024-01-01,HDFCBANK.NS,105152.0
2024-01-02,HDFCBANK.NS,105214.0
2024-01-03,HDFCBANK.NS,103592.0
2024-01-04,HDFCBANK.NS,104703.0
2024-01-05,HDFCBANK.NS,104167.0
2024-01-08,HDFCBANK.NS,103006.0
2024-01-09,HDFCBANK.NS,102204.0
2024-01-10,HDFCBANK.NS,102542.0
2024-01-11,HDFCBANK.NS,102112.0
2024-01-12,HDFCBANK.NS,101629.0
2024-01-15,HDFCBANK.NS,103585.0
2024-01-16,HDFCBANK.NS,103979.0
2024-01-17,HDFCBANK.NS,95207.0
2024-01-18,HDFCBANK.NS,92027.0
2024-01-19,HDFCBANK.NS,91068.0
2024-01-23,HDFCBANK.NS,88386.0
2024-01-24,HDFCBANK.NS,90154.0
2024-01-25,HDFCBANK.NS,88854.0
2024-01-29,HDFCBANK.NS,90077.0
2024-01-30,HDFCBANK.NS,89436.0
2024-01-31,HDFCBANK.NS,90566.0
2024-02-01,HDFCBANK.NS,90801.0
2024-02-02,HDFCBANK.NS,89550.0
2024-02-05,HDFCBANK.NS,89470.0
2024-02-06,HDFCBANK.NS,89423.0
2024-02-07,HDFCBANK.NS,88547.0
2024-02-08,HDFCBANK.NS,86882.0
2024-02-09,HDFCBANK.NS,86916.0
2024-02-12,HDFCBANK.NS,86073.0
2024-02-13,HDFCBANK.NS,86349.0
2024-02-14,HDFCBANK.NS,85705.0
2024-02-15,HDFCBANK.NS,87563.0
2024-02-16,HDFCBANK.NS,87925.0
2024-02-19,HDFCBANK.NS,87752.0
2024-02-20,HDFCBANK.NS,90055.0
2024-02-21,HDFCBANK.NS,89117.0
2024-02-22,HDFCBANK.NS,87903.0
2024-02-23,HDFCBANK.NS,87968.0
2024-02-26,HDFCBANK.NS,88074.0
2024-02-27,HDFCBANK.NS,87940.0
2024-02-28,HDFCBANK.NS,87275.0
2024-02-29,HDFCBANK.NS,86903.0
2024-03-01,HDFCBANK.NS,88597.0
2024-03-04,HDFCBANK.NS,88718.0
2024-03-05,HDFCBANK.NS,89222.0
2024-03-06,HDFCBANK.NS,89331.0
2024-03-07,HDFCBANK.NS,89547.0
2024-03-11,HDFCBANK.NS,88414.0
2024-03-12,HDFCBANK.NS,90380.0
2024-03-13,HDFCBANK.NS,90433.0
2024-03-14,HDFCBANK.NS,90126.0
2024-03-15,HDFCBANK.NS,89953.0
2024-03-18,HDFCBANK.NS,89544.0
2024-03-19,HDFCBANK.NS,89749.0
2024-03-20,HDFCBANK.NS,88615.0
2024-03-21,HDFCBANK.NS,89526.0
2024-03-22,HDFCBANK.NS,89346.0
2024-03-26,HDFCBANK.NS,88266.0
2024-03-27,HDFCBANK.NS,89213.0
2024-03-28,HDFCBANK.NS,89659.0
2024-04-01,HDFCBANK.NS,91058.0
2024-04-02,HDFCBANK.NS,91656.0
2024-04-03,HDFCBANK.NS,91789.0
2024-04-04,HDFCBANK.NS,94594.0
2024-04-05,HDFCBANK.NS,95953.0
2024-04-08,HDFCBANK.NS,95771.0
2024-04-09,HDFCBANK.NS,95891.0
2024-04-10,HDFCBANK.NS,95136.0
2024-04-12,HDFCBANK.NS,94058.0
2024-04-15,HDFCBANK.NS,92557.0
2024-04-16,HDFCBANK.NS,93458.0
2024-04-18,HDFCBANK.NS,92557.0
2024-04-19,HDFCBANK.NS,94823.0
2024-04-22,HDFCBANK.NS,93640.0
2024-04-23,HDFCBANK.NS,93356.0
2024-04-24,HDFCBANK.NS,93610.0
2024-04-25,HDFCBANK.NS,93551.0
2024-04-26,HDFCBANK.NS,93492.0
2024-04-29,HDFCBANK.NS,94712.0
2024-04-30,HDFCBANK.NS,94130.0
2024-05-02,HDFCBANK.NS,94882.0
2024-05-03,HDFCBANK.NS,94099.0
2024-05-06,HDFCBANK.NS,94288.0
2024-05-07,HDFCBANK.NS,93266.0
2024-05-08,HDFCBANK.NS,91811.0
2024-05-09,HDFCBANK.NS,89634.0
2024-05-10,HDFCBANK.NS,89040.0
2024-05-13,HDFCBANK.NS,90114.0
2024-05-14,HDFCBANK.NS,90467.0
2024-05-15,HDFCBANK.NS,89077.0
2024-05-16,HDFCBANK.NS,90424.0
2024-05-17,HDFCBANK.NS,90662.0
2024-05-21,HDFCBANK.NS,90334.0
2024-05-22,HDFCBANK.NS,90359.0
2024-05-23,HDFCBANK.NS,92427.0
2024-05-24,HDFCBANK.NS,93950.0
2024-05-27,HDFCBANK.NS,94600.0
2024-05-28,HDFCBANK.NS,94774.0
2024-05-29,HDFCBANK.NS,93399.0
2024-05-30,HDFCBANK.NS,93805.0
2024-05-31,HDFCBANK.NS,94839.0
2024-06-03,HDFCBANK.NS,97356.0
2024-06-04,HDFCBANK.NS,91842.0
2024-06-05,HDFCBANK.NS,96093.0
2024-06-06,HDFCBANK.NS,96582.0
2024-06-07,HDFCBANK.NS,97427.0
2024-06-10,HDFCBANK.NS,96681.0
2024-06-11,HDFCBANK.NS,96898.0
2024-06-12,HDFCBANK.NS,97477.0
2024-06-13,HDFCBANK.NS,97885.0
2024-06-14,HDFCBANK.NS,98885.0
2024-06-18,HDFCBANK.NS,99560.0
2024-06-19,HDFCBANK.NS,102660.0
2024-06-20,HDFCBANK.NS,103372.0
2024-06-21,HDFCBANK.NS,103149.0
2024-06-24,HDFCBANK.NS,103561.0
2024-06-25,HDFCBANK.NS,105973.0
2024-06-26,HDFCBANK.NS,105363.0
2024-06-27,HDFCBANK.NS,105031.0
2024-06-28,HDFCBANK.NS,104267.0
2024-07-01,HDFCBANK.NS,105592.0
2024-07-02,HDFCBANK.NS,107165.0
2024-07-03,HDFCBANK.NS,109521.0
2024-07-04,HDFCBANK.NS,106951.0
2024-07-05,HDFCBANK.NS,102056.0
2024-07-08,HDFCBANK.NS,101266.0
2024-07-09,HDFCBANK.NS,101338.0
2024-07-10,HDFCBANK.NS,100694.0
2024-07-11,HDFCBANK.NS,100433.0
2024-07-12,HDFCBANK.NS,100483.0
2024-07-15,HDFCBANK.NS,100446.0
2024-07-16,HDFCBANK.NS,100300.0
2024-07-18,HDFCBANK.NS,99994.0
2024-07-19,HDFCBANK.NS,99529.0
2024-07-22,HDFCBANK.NS,101712.0
2024-07-23,HDFCBANK.NS,100217.0
2024-07-24,HDFCBANK.NS,99328.0
2024-07-25,HDFCBANK.NS,100105.0
2024-07-26,HDFCBANK.NS,100201.0
2024-07-29,HDFCBANK.NS,99390.0
2024-07-30,HDFCBANK.NS,100040.0
2024-07-31,HDFCBANK.NS,100053.0
2024-08-01,HDFCBANK.NS,101480.0
2024-08-02,HDFCBANK.NS,102740.0
2024-08-05,HDFCBANK.NS,100053.0
2024-08-06,HDFCBANK.NS,99152.0
2024-08-07,HDFCBANK.NS,100533.0
2024-08-08,HDFCBANK.NS,101721.0
2024-08-09,HDFCBANK.NS,102186.0
2024-08-12,HDFCBANK.NS,102799.0
2024-08-13,HDFCBANK.NS,99275.0
2024-08-14,HDFCBANK.NS,99560.0
2024-08-16,HDFCBANK.NS,101065.0
2024-08-19,HDFCBANK.NS,101031.0
2024-08-20,HDFCBANK.NS,101412.0
2024-08-21,HDFCBANK.NS,100675.0
2024-08-22,HDFCBANK.NS,101016.0
2024-08-23,HDFCBANK.NS,100629.0
2024-08-26,HDFCBANK.NS,101551.0
2024-08-27,HDFCBANK.NS,101415.0
2024-08-28,HDFCBANK.NS,101375.0
2024-08-29,HDFCBANK.NS,101464.0
2024-08-30,HDFCBANK.NS,101362.0
2024-09-02,HDFCBANK.NS,100746.0
2024-09-03,HDFCBANK.NS,101390.0
2024-09-04,HDFCBANK.NS,101666.0
2024-09-05,HDFCBANK.NS,101892.0
2024-09-06,HDFCBANK.NS,101365.0
2024-09-09,HDFCBANK.NS,101957.0
2024-09-10,HDFCBANK.NS,102195.0
2024-09-11,HDFCBANK.NS,101796.0
2024-09-12,HDFCBANK.NS,103201.0
2024-09-13,HDFCBANK.NS,103161.0
2024-09-16,HDFCBANK.NS,103471.0
2024-09-17,HDFCBANK.NS,103338.0
2024-09-18,HDFCBANK.NS,104948.0
2024-09-19,HDFCBANK.NS,105796.0
2024-09-20,HDFCBANK.NS,107821.0
2024-09-23,HDFCBANK.NS,108973.0
2024-09-24,HDFCBANK.NS,109484.0
2024-09-25,HDFCBANK.NS,110168.0
2024-09-26,HDFCBANK.NS,110437.0
2024-09-27,HDFCBANK.NS,108530.0
2024-09-30,HDFCBANK.NS,107254.0
2024-10-01,HDFCBANK.NS,106892.0
2024-10-03,HDFCBANK.NS,104155.0
2024-10-04,HDFCBANK.NS,102647.0
2024-10-07,HDFCBANK.NS,100180.0
2024-10-08,HDFCBANK.NS,102239.0
2024-10-09,HDFCBANK.NS,101130.0
2024-10-10,HDFCBANK.NS,102941.0
2024-10-11,HDFCBANK.NS,102235.0
2024-10-14,HDFCBANK.NS,104533.0
2024-10-15,HDFCBANK.NS,104285.0
2024-10-16,HDFCBANK.NS,105257.0
2024-10-17,HDFCBANK.NS,103607.0
2024-10-18,HDFCBANK.NS,104146.0
2024-10-21,HDFCBANK.NS,107047.0
2024-10-22,HDFCBANK.NS,106171.0
2024-10-23,HDFCBANK.NS,107487.0
2024-10-24,HDFCBANK.NS,108344.0
2024-10-25,HDFCBANK.NS,107957.0
2024-10-28,HDFCBANK.NS,107387.0
2024-10-29,HDFCBANK.NS,108480.0
2024-10-30,HDFCBANK.NS,107412.0
2024-10-31,HDFCBANK.NS,107480.0
2024-11-01,HDFCBANK.NS,107579.0
2024-11-04,HDFCBANK.NS,106143.0
2024-11-05,HDFCBANK.NS,108852.0
2024-11-06,HDFCBANK.NS,108691.0
2024-11-07,HDFCBANK.NS,108152.0
2024-11-08,HDFCBANK.NS,108641.0
2024-11-11,HDFCBANK.NS,109375.0
2024-11-12,HDFCBANK.NS,106397.0
2024-11-13,HDFCBANK.NS,104115.0
2024-11-14,HDFCBANK.NS,104821.0
2024-11-18,HDFCBANK.NS,105585.0
2024-11-19,HDFCBANK.NS,107886.0
2024-11-21,HDFCBANK.NS,107821.0
2024-11-22,HDFCBANK.NS,108093.0
2024-11-25,HDFCBANK.NS,110570.0
2024-11-26,HDFCBANK.NS,110567.0
2024-11-27,HDFCBANK.NS,112224.0
2024-11-28,HDFCBANK.NS,111038.0
2024-11-29,HDFCBANK.NS,111217.0
2024-12-02,HDFCBANK.NS,111753.0
2024-12-03,HDFCBANK.NS,113091.0
2024-12-04,HDFCBANK.NS,115184.0
2024-12-05,HDFCBANK.NS,115533.0
2024-12-06,HDFCBANK.NS,114920.0
2024-12-09,HDFCBANK.NS,115797.0
2024-12-10,HDFCBANK.NS,115679.0
2024-12-11,HDFCBANK.NS,115369.0
2024-12-12,HDFCBANK.NS,115131.0
2024-12-13,HDFCBANK.NS,115905.0
2024-12-16,HDFCBANK.NS,115499.0
2024-12-17,HDFCBANK.NS,113521.0
2024-12-18,HDFCBANK.NS,112125.0
2024-12-19,HDFCBANK.NS,111060.0
2024-12-20,HDFCBANK.NS,109697.0
2024-12-23,HDFCBANK.NS,111524.0
2024-12-24,HDFCBANK.NS,111344.0
2024-12-26,HDFCBANK.NS,110889.0
2024-12-27,HDFCBANK.NS,111354.0
2024-12-30,HDFCBANK.NS,110094.0
2024-12-31,HDFCBANK.NS,109781.0
2025-01-01,HDFCBANK.NS,110394.0
2025-01-02,HDFCBANK.NS,111075.0
2025-01-03,HDFCBANK.NS,108316.0
2025-01-06,HDFCBANK.NS,105920.0
2025-01-07,HDFCBANK.NS,106099.0
2025-01-08,HDFCBANK.NS,104917.0
2025-01-09,HDFCBANK.NS,103276.0
2025-01-10,HDFCBANK.NS,102591.0
2025-01-13,HDFCBANK.NS,100988.0
2025-01-14,HDFCBANK.NS,101963.0
2025-01-15,HDFCBANK.NS,101743.0
2025-01-16,HDFCBANK.NS,102300.0
2025-01-17,HDFCBANK.NS,101353.0
2025-01-20,HDFCBANK.NS,102251.0
2025-01-21,HDFCBANK.NS,101703.0
2025-01-22,HDFCBANK.NS,103167.0
2025-01-23,HDFCBANK.NS,103096.0
2025-01-24,HDFCBANK.NS,102161.0
2025-01-27,HDFCBANK.NS,100923.0
2025-01-28,HDFCBANK.NS,103437.0
2025-01-29,HDFCBANK.NS,103864.0
2025-01-30,HDFCBANK.NS,104743.0
2025-01-31,HDFCBANK.NS,105192.0
2025-02-01,HDFCBANK.NS,104709.0
2025-02-03,HDFCBANK.NS,103907.0
2025-02-04,HDFCBANK.NS,106564.0
2025-02-05,HDFCBANK.NS,107610.0
2025-02-06,HDFCBANK.NS,107985.0
2025-02-07,HDFCBANK.NS,107298.0
2025-02-10,HDFCBANK.NS,106245.0
2025-02-11,HDFCBANK.NS,105356.0
2025-02-12,HDFCBANK.NS,105691.0
2025-02-13,HDFCBANK.NS,105127.0
2025-02-14,HDFCBANK.NS,104951.0
2025-02-17,HDFCBANK.NS,106344.0
2025-02-18,HDFCBANK.NS,106697.0
2025-02-19,HDFCBANK.NS,106954.0
2025-02-20,HDFCBANK.NS,104471.0
2025-02-21,HDFCBANK.NS,104805.0
2025-02-24,HDFCBANK.NS,103852.0
2025-02-25,HDFCBANK.NS,104177.0
2025-02-27,HDFCBANK.NS,105313.0
2025-02-28,HDFCBANK.NS,107276.0
2025-03-03,HDFCBANK.NS,105366.0
2025-03-04,HDFCBANK.NS,105889.0
2025-03-05,HDFCBANK.NS,104650.0
2025-03-06,HDFCBANK.NS,104725.0
2025-03-07,HDFCBANK.NS,104604.0
2025-03-10,HDFCBANK.NS,104496.0
2025-03-11,HDFCBANK.NS,104372.0
2025-03-12,HDFCBANK.NS,105960.0
2025-03-13,HDFCBANK.NS,105678.0
2025-03-17,HDFCBANK.NS,105914.0
2025-03-18,HDFCBANK.NS,105914.0
2025-03-19,HDFCBANK.NS,108000.0
2025-03-20,HDFCBANK.NS,109527.0
2025-03-21,HDFCBANK.NS,109626.0
2025-03-24,HDFCBANK.NS,111462.0
2025-03-25,HDFCBANK.NS,112790.0
2025-03-26,HDFCBANK.NS,111868.0
2025-03-27,HDFCBANK.NS,113032.0
2025-03-28,HDFCBANK.NS,113208.0
2025-04-01,HDFCBANK.NS,109471.0
2025-04-02,HDFCBANK.NS,111270.0
2025-04-03,HDFCBANK.NS,111143.0
2025-04-04,HDFCBANK.NS,112533.0
2025-04-07,HDFCBANK.NS,108843.0
2025-04-08,HDFCBANK.NS,109552.0
2025-04-09,HDFCBANK.NS,109295.0
2025-04-11,HDFCBANK.NS,111880.0
2025-04-15,HDFCBANK.NS,115481.0
2025-04-16,HDFCBANK.NS,116292.0
2025-04-17,HDFCBANK.NS,118069.0
2025-04-21,HDFCBANK.NS,119332.0
2025-04-22,HDFCBANK.NS,121475.0
2025-04-23,HDFCBANK.NS,119134.0
2025-04-24,HDFCBANK.NS,118695.0
2025-04-25,HDFCBANK.NS,118348.0
2025-04-28,HDFCBANK.NS,118905.0
2025-04-29,HDFCBANK.NS,118199.0
2025-04-30,HDFCBANK.NS,119202.0
2025-05-02,HDFCBANK.NS,119010.0
2025-05-05,HDFCBANK.NS,119933.0
2025-05-06,HDFCBANK.NS,119617.0
2025-05-07,HDFCBANK.NS,120478.0
2025-05-08,HDFCBANK.NS,119419.0
2025-05-09,HDFCBANK.NS,117017.0
2025-05-12,HDFCBANK.NS,121196.0
2025-05-13,HDFCBANK.NS,119054.0
2025-05-14,HDFCBANK.NS,118311.0
2025-05-15,HDFCBANK.NS,119747.0
2025-05-16,HDFCBANK.NS,119803.0
2025-05-19,HDFCBANK.NS,120051.0
2025-05-20,HDFCBANK.NS,118577.0
2025-05-21,HDFCBANK.NS,119314.0
2025-05-22,HDFCBANK.NS,118887.0
2025-05-23,HDFCBANK.NS,119735.0
2025-05-26,HDFCBANK.NS,120144.0
2025-05-27,HDFCBANK.NS,119283.0
2025-05-28,HDFCBANK.NS,119110.0
2025-05-29,HDFCBANK.NS,119357.0
2025-05-30,HDFCBANK.NS,120435.0
2025-06-02,HDFCBANK.NS,119642.0
2025-06-03,HDFCBANK.NS,119178.0
2025-06-04,HDFCBANK.NS,120206.0
2025-06-05,HDFCBANK.NS,120726.0
2025-06-06,HDFCBANK.NS,122528.0
2025-06-09,HDFCBANK.NS,122540.0
2025-06-10,HDFCBANK.NS,121698.0
2025-06-11,HDFCBANK.NS,120775.0
2025-06-12,HDFCBANK.NS,120342.0
2025-06-13,HDFCBANK.NS,118744.0
2025-06-16,HDFCBANK.NS,119846.0
2025-06-17,HDFCBANK.NS,119487.0
2025-06-18,HDFCBANK.NS,119754.0
2025-06-19,HDFCBANK.NS,119840.0
2025-06-20,HDFCBANK.NS,121661.0
2025-06-23,HDFCBANK.NS,120651.0
2025-06-24,HDFCBANK.NS,121425.0
2025-06-25,HDFCBANK.NS,122621.0
2025-06-26,HDFCBANK.NS,125197.0
2025-06-27,HDFCBANK.NS,124769.0
2025-06-30,HDFCBANK.NS,123940.0
2025-07-01,HDFCBANK.NS,124596.0
2025-07-02,HDFCBANK.NS,122980.0
2025-07-03,HDFCBANK.NS,123048.0
2025-07-04,HDFCBANK.NS,123184.0
2025-07-07,HDFCBANK.NS,123066.0
2025-07-08,HDFCBANK.NS,123933.0
2025-07-09,HDFCBANK.NS,124540.0
2025-07-10,HDFCBANK.NS,124231.0
2025-07-11,HDFCBANK.NS,122837.0
2025-07-14,HDFCBANK.NS,122794.0
2025-07-15,HDFCBANK.NS,123568.0
2025-07-16,HDFCBANK.NS,123618.0
2025-07-17,HDFCBANK.NS,123035.0
2025-07-18,HDFCBANK.NS,121209.0
2025-07-21,HDFCBANK.NS,123878.0
2025-07-22,HDFCBANK.NS,124286.0
2025-07-23,HDFCBANK.NS,125351.0
2025-07-24,HDFCBANK.NS,124726.0
2025-07-25,HDFCBANK.NS,124132.0
2025-07-28,HDFCBANK.NS,124373.0
2025-07-29,HDFCBANK.NS,125184.0
2025-07-30,HDFCBANK.NS,125444.0
2025-07-31,HDFCBANK.NS,124974.0
2025-08-01,HDFCBANK.NS,124602.0
2025-08-04,HDFCBANK.NS,123351.0
2025-08-05,HDFCBANK.NS,122460.0
2025-08-06,HDFCBANK.NS,122936.0
2025-08-07,HDFCBANK.NS,123562.0
2025-08-08,HDFCBANK.NS,122230.0
2025-08-11,HDFCBANK.NS,123574.0
2025-08-12,HDFCBANK.NS,121983.0
2025-08-13,HDFCBANK.NS,122627.0
2025-08-14,HDFCBANK.NS,123296.0
2025-08-18,HDFCBANK.NS,124070.0
2025-08-19,HDFCBANK.NS,123296.0
2025-08-20,HDFCBANK.NS,123116.0
2025-08-21,HDFCBANK.NS,123302.0
2025-08-22,HDFCBANK.NS,121655.0
2025-08-25,HDFCBANK.NS,121624.0
2025-08-26,HDFCBANK.NS,120552.0
2025-08-28,HDFCBANK.NS,118620.0
2025-08-29,HDFCBANK.NS,117852.0
2025-09-01,HDFCBANK.NS,117729.0
2025-09-02,HDFCBANK.NS,116973.0
2025-09-03,HDFCBANK.NS,118205.0
2025-09-04,HDFCBANK.NS,119048.0
2025-09-05,HDFCBANK.NS,119314.0
2025-09-08,HDFCBANK.NS,119636.0
2025-09-09,HDFCBANK.NS,119531.0
2025-09-10,HDFCBANK.NS,119624.0
2025-09-11,HDFCBANK.NS,119859.0
2025-09-12,HDFCBANK.NS,119797.0
2025-09-15,HDFCBANK.NS,119766.0
2025-09-16,HDFCBANK.NS,119741.0
2025-09-17,HDFCBANK.NS,119698.0
2025-09-18,HDFCBANK.NS,120986.0
2025-09-19,HDFCBANK.NS,119747.0
2025-09-22,HDFCBANK.NS,119413.0
2025-09-23,HDFCBANK.NS,118546.0
2025-09-24,HDFCBANK.NS,117784.0
2025-09-25,HDFCBANK.NS,117636.0
2025-09-26,HDFCBANK.NS,117041.0
2025-09-29,HDFCBANK.NS,117691.0
2025-09-30,HDFCBANK.NS,117778.0
2025-10-01,HDFCBANK.NS,119543.0
2025-10-03,HDFCBANK.NS,119531.0
2025-10-06,HDFCBANK.NS,120559.0
2025-10-07,HDFCBANK.NS,121679.0
2025-10-08,HDFCBANK.NS,121209.0
2025-10-09,HDFCBANK.NS,121011.0
2025-10-10,HDFCBANK.NS,121481.0
2025-10-13,HDFCBANK.NS,120998.0
2025-10-14,HDFCBANK.NS,121017.0
2025-10-15,HDFCBANK.NS,121153.0
2025-10-16,HDFCBANK.NS,123147.0
2025-10-17,HDFCBANK.NS,124162.0
2025-10-20,HDFCBANK.NS,124212.0
2025-10-21,HDFCBANK.NS,124800.0
2025-10-23,HDFCBANK.NS,124937.0
2025-10-24,HDFCBANK.NS,123196.0
2025-10-27,HDFCBANK.NS,124212.0
2025-10-28,HDFCBANK.NS,124286.0
2025-10-29,HDFCBANK.NS,124819.0
2025-10-30,HDFCBANK.NS,123618.0
2025-10-31,HDFCBANK.NS,122274.0
2025-11-03,HDFCBANK.NS,122936.0
2025-11-04,HDFCBANK.NS,122020.0
2025-11-06,HDFCBANK.NS,121946.0
2025-11-07,HDFCBANK.NS,121655.0
2025-11-10,HDFCBANK.NS,121927.0
2025-11-11,HDFCBANK.NS,122819.0
2025-11-12,HDFCBANK.NS,122546.0
2025-11-13,HDFCBANK.NS,122193.0
2025-11-14,HDFCBANK.NS,122559.0
2025-11-17,HDFCBANK.NS,123419.0
2025-11-18,HDFCBANK.NS,122912.0
2025-11-19,HDFCBANK.NS,123178.0
2025-11-20,HDFCBANK.NS,124943.0
2025-11-21,HDFCBANK.NS,123605.0
2025-11-24,HDFCBANK.NS,123741.0
2025-11-25,HDFCBANK.NS,122583.0
2025-11-26,HDFCBANK.NS,124330.0
2025-11-27,HDFCBANK.NS,125023.0
2025-11-28,HDFCBANK.NS,124788.0
2025-12-01,HDFCBANK.NS,124107.0
2025-12-02,HDFCBANK.NS,122583.0
2025-12-03,HDFCBANK.NS,123909.0
2025-12-04,HDFCBANK.NS,123500.0
2025-12-05,HDFCBANK.NS,124255.0
2025-12-08,HDFCBANK.NS,124231.0
2025-12-09,HDFCBANK.NS,123488.0
2025-12-10,HDFCBANK.NS,122583.0
2025-12-11,HDFCBANK.NS,123884.0
2025-12-12,HDFCBANK.NS,124032.0
2025-12-15,HDFCBANK.NS,123364.0
2025-12-16,HDFCBANK.NS,123141.0
2025-12-17,HDFCBANK.NS,121865.0
2025-12-18,HDFCBANK.NS,121333.0
2025-12-19,HDFCBANK.NS,122051.0
2025-12-22,HDFCBANK.NS,122323.0
2025-12-23,HDFCBANK.NS,123426.0
2025-12-24,HDFCBANK.NS,123500.0
2025-12-26,HDFCBANK.NS,122868.0
2025-12-29,HDFCBANK.NS,122819.0
2025-12-30,HDFCBANK.NS,122720.0
2025-12-31,HDFCBANK.NS,122757.0
2026-01-01,HDFCBANK.NS,122751.0
2026-01-02,HDFCBANK.NS,124045.0
2026-01-05,HDFCBANK.NS,121060.0
2026-01-06,HDFCBANK.NS,119165.0
2026-01-07,HDFCBANK.NS,117537.0
2026-01-08,HDFCBANK.NS,117246.0
2026-01-09,HDFCBANK.NS,116292.0
2026-01-12,HDFCBANK.NS,116038.0
2026-01-13,HDFCBANK.NS,116088.0
2026-01-14,HDFCBANK.NS,114614.0
2026-01-15,HDFCBANK.NS,114614.0
2026-01-16,HDFCBANK.NS,115314.0
2026-01-19,HDFCBANK.NS,114917.0
2026-01-20,HDFCBANK.NS,115326.0
2026-01-21,HDFCBANK.NS,113982.0
2026-01-22,HDFCBANK.NS,113778.0
2026-01-23,HDFCBANK.NS,113456.0
2026-01-27,HDFCBANK.NS,114732.0
2026-01-28,HDFCBANK.NS,115512.0
2026-01-29,HDFCBANK.NS,115859.0
2026-01-30,HDFCBANK.NS,115085.0
2026-02-02,HDFCBANK.NS,114942.0
2026-02-03,HDFCBANK.NS,117493.0
2026-02-04,HDFCBANK.NS,118038.0
2026-02-05,HDFCBANK.NS,117617.0
2026-02-06,HDFCBANK.NS,116552.0
2026-02-09,HDFCBANK.NS,116075.0
2026-02-10,HDFCBANK.NS,115475.0
2026-02-11,HDFCBANK.NS,114818.0
2026-02-12,HDFCBANK.NS,114013.0
2026-02-13,HDFCBANK.NS,111945.0
2026-02-16,HDFCBANK.NS,114657.0
2026-02-17,HDFCBANK.NS,114645.0
2026-02-18,HDFCBANK.NS,114521.0
2026-02-19,HDFCBANK.NS,113394.0
2026-02-20,HDFCBANK.NS,112930.0
2026-02-23,HDFCBANK.NS,114385.0
2026-02-24,HDFCBANK.NS,112762.0
2026-02-25,HDFCBANK.NS,112403.0
2026-02-26,HDFCBANK.NS,111289.0
2026-02-27,HDFCBANK.NS,109945.0
2026-03-02,HDFCBANK.NS,108911.0
2026-03-04,HDFCBANK.NS,107579.0
2026-03-05,HDFCBANK.NS,108706.0
2026-03-06,HDFCBANK.NS,106143.0
2026-03-09,HDFCBANK.NS,104118.0
2026-03-10,HDFCBANK.NS,105202.0
2026-03-11,HDFCBANK.NS,103282.0
2026-03-12,HDFCBANK.NS,103133.0
2026-03-13,HDFCBANK.NS,101183.0
2026-03-16,HDFCBANK.NS,104106.0
2026-03-17,HDFCBANK.NS,104694.0
2026-03-18,HDFCBANK.NS,104409.0
2026-03-19,HDFCBANK.NS,98854.0
2026-03-20,HDFCBANK.NS,96656.0
2026-03-23,HDFCBANK.NS,92161.0
2026-03-24,HDFCBANK.NS,94730.0
2026-03-25,HDFCBANK.NS,96885.0
2026-03-27,HDFCBANK.NS,93653.0
2026-03-30,HDFCBANK.NS,90600.0
2026-04-01,HDFCBANK.NS,91925.0
2026-04-02,HDFCBANK.NS,92996.0
2026-04-06,HDFCBANK.NS,95486.0
2026-04-07,HDFCBANK.NS,95610.0
2026-04-08,HDFCBANK.NS,101071.0
2026-04-09,HDFCBANK.NS,98792.0
2026-04-10,HDFCBANK.NS,100353.0
2026-04-13,HDFCBANK.NS,98421.0
2026-04-15,HDFCBANK.NS,100303.0
2026-04-16,HDFCBANK.NS,98514.0
2026-04-17,HDFCBANK.NS,99065.0
2026-04-20,HDFCBANK.NS,98514.0
2026-04-21,HDFCBANK.NS,100533.0
2026-04-22,HDFCBANK.NS,99065.0
2026-04-23,HDFCBANK.NS,97139.0
2026-04-24,HDFCBANK.NS,97201.0
2026-04-27,HDFCBANK.NS,97814.0
2026-04-28,HDFCBANK.NS,96916.0
2026-04-29,HDFCBANK.NS,96477.0
2026-04-30,HDFCBANK.NS,95572.0
2026-05-01,HDFCBANK.NS,95572.0
2026-05-04,HDFCBANK.NS,96526.0
2026-05-05,HDFCBANK.NS,95647.0
2026-05-06,HDFCBANK.NS,98650.0
2026-05-07,HDFCBANK.NS,98588.0
2026-05-08,HDFCBANK.NS,96706.0
2026-05-11,HDFCBANK.NS,94576.0
2026-05-12,HDFCBANK.NS,92941.0
2026-05-13,HDFCBANK.NS,92835.0
2026-05-14,HDFCBANK.NS,95306.0
2026-05-15,HDFCBANK.NS,95052.0
2026-05-18,HDFCBANK.NS,95195.0
2026-05-19,HDFCBANK.NS,94427.0
2026-05-20,HDFCBANK.NS,94062.0
2026-05-21,HDFCBANK.NS,94018.0
2026-05-22,HDFCBANK.NS,94966.0
2026-05-25,HDFCBANK.NS,97449.0
2026-05-26,HDFCBANK.NS,96464.0
2026-05-27,HDFCBANK.NS,93956.0
2026-05-28,HDFCBANK.NS,93956.0
2026-05-29,HDFCBANK.NS,92210.0
2026-06-01,HDFCBANK.NS,91981.0
2026-06-02,HDFCBANK.NS,92668.0
2026-06-03,HDFCBANK.NS,93337.0
2026-06-04,HDFCBANK.NS,93405.0
2026-06-05,HDFCBANK.NS,92520.0
2026-06-08,HDFCBANK.NS,91479.0
2026-06-09,HDFCBANK.NS,91442.0
2026-06-10,HDFCBANK.NS,92495.0
2026-06-11,HDFCBANK.NS,92216.0
2026-06-12,HDFCBANK.NS,95665.0
2026-06-15,HDFCBANK.NS,96272.0
2026-06-16,HDFCBANK.NS,97207.0
2026-06-17,HDFCBANK.NS,97480.0
2026-06-18,HDFCBANK.NS,98953.0
2026-06-19,HDFCBANK.NS,96576.0
2026-06-22,HDFCBANK.NS,97393.0
2026-06-23,HDFCBANK.NS,95938.0
2026-06-24,HDFCBANK.NS,98235.0
2026-06-25,HDFCBANK.NS,98619.0
2026-06-26,HDFCBANK.NS,98619.0
2026-06-29,HDFCBANK.NS,98941.0
2026-06-30,HDFCBANK.NS,98823.0
2026-07-01,HDFCBANK.NS,98601.0
2026-07-02,HDFCBANK.NS,98570.0
2026-07-03,HDFCBANK.NS,99207.0
2026-07-06,HDFCBANK.NS,102774.0
2026-07-07,HDFCBANK.NS,102706.0
2026-07-08,HDFCBANK.NS,100353.0
2026-07-09,HDFCBANK.NS,101251.0
2026-07-10,HDFCBANK.NS,102167.0
2026-07-13,HDFCBANK.NS,101300.0
2026-07-14,HDFCBANK.NS,100242.0
2026-07-15,HDFCBANK.NS,100991.0
2026-07-16,HDFCBANK.NS,100105.0
2026-07-17,HDFCBANK.NS,101505.0
2026-07-20,HDFCBANK.NS,96303.0
2026-07-21,HDFCBANK.NS,94303.0
2026-07-22,HDFCBANK.NS,93275.0
2026-07-23,HDFCBANK.NS,92544.0
2026-07-24,HDFCBANK.NS,91993.0
2026-07-27,HDFCBANK.NS,91591.0
2026-07-28,HDFCBANK.NS,91077.0
2026-07-29,HDFCBANK.NS,92662.0
2026-07-30,HDFCBANK.NS,93374.0
2026-07-31,HDFCBANK.NS,92656.0
2026-08-03,HDFCBANK.NS,93257.0
2026-08-04,HDFCBANK.NS,91894.0
2026-08-05,HDFCBANK.NS,91027.0
2026-08-06,HDFCBANK.NS,90941.0
2026-08-07,HDFCBANK.NS,90532.0
2026-08-10,HDFCBANK.NS,90532.0
2026-08-11,HDFCBANK.NS,90284.0
2026-08-12,HDFCBANK.NS,90284.0
2026-08-13,HDFCBANK.NS,89789.0
2026-08-14,HDFCBANK.NS,90037.0
2026-08-17,HDFCBANK.NS,90284.0
2026-08-18,HDFCBANK.NS,89541.0
2026-08-19,HDFCBANK.NS,89170.0
2026-08-20,HDFCBANK.NS,89795.0
2026-08-21,HDFCBANK.NS,90030.0
2026-08-24,HDFCBANK.NS,90284.0
2026-08-25,HDFCBANK.NS,90098.0
2026-08-26,HDFCBANK.NS,90061.0
2026-08-27,HDFCBANK.NS,88055.0
2026-08-28,HDFCBANK.NS,89207.0
2026-08-31,HDFCBANK.NS,87807.0
2026-09-01,HDFCBANK.NS,88166.0
2026-09-02,HDFCBANK.NS,86792.0
2026-09-03,HDFCBANK.NS,87516.0
2026-09-04,HDFCBANK.NS,88191.0
2026-09-07,HDFCBANK.NS,87993.0
2026-09-08,HDFCBANK.NS,87064.0
2026-09-09,HDFCBANK.NS,85095.0
2026-09-10,HDFCBANK.NS,85925.0
2026-09-11,HDFCBANK.NS,87714.0
2026-09-14,HDFCBANK.NS,87714.0
2026-09-15,HDFCBANK.NS,88742.0
2026-09-16,HDFCBANK.NS,89355.0
2026-09-17,HDFCBANK.NS,88303.0
2026-09-18,HDFCBANK.NS,90532.0
2026-09-21,HDFCBANK.NS,91585.0
2026-09-22,HDFCBANK.NS,91473.0
2026-09-23,HDFCBANK.NS,91306.0
2026-09-24,HDFCBANK.NS,90272.0
2026-09-25,HDFCBANK.NS,91102.0
2026-09-28,HDFCBANK.NS,89052.0
2026-09-29,HDFCBANK.NS,89504.0
2026-09-30,HDFCBANK.NS,87770.0
2026-10-01,HDFCBANK.NS,89318.0
2026-10-02,HDFCBANK.NS,89318.0
2026-10-05,HDFCBANK.NS,87287.0
2026-10-06,HDFCBANK.NS,88111.0
2021-10-06,HINDUNILVR.NS,100000.0
2021-10-07,HINDUNILVR.NS,99380.0
2021-10-08,HINDUNILVR.NS,98287.0
2021-10-11,HINDUNILVR.NS,98475.0
2021-10-12,HINDUNILVR.NS,99631.0
2021-10-13,HINDUNILVR.NS,98537.0
2021-10-14,HINDUNILVR.NS,98641.0
2021-10-18,HINDUNILVR.NS,98807.0
2021-10-19,HINDUNILVR.NS,94816.0
2021-10-20,HINDUNILVR.NS,92279.0
2021-10-21,HINDUNILVR.NS,91054.0
2021-10-22,HINDUNILVR.NS,91365.0
2021-10-25,HINDUNILVR.NS,91430.0
2021-10-26,HINDUNILVR.NS,90722.0
2021-10-27,HINDUNILVR.NS,89224.0
2021-10-28,HINDUNILVR.NS,88965.0
2021-10-29,HINDUNILVR.NS,89096.0
2021-11-01,HINDUNILVR.NS,89615.0
2021-11-02,HINDUNILVR.NS,90054.0
2021-11-03,HINDUNILVR.NS,89773.0
2021-11-04,HINDUNILVR.NS,90201.0
2021-11-08,HINDUNILVR.NS,90538.0
2021-11-09,HINDUNILVR.NS,90510.0
2021-11-10,HINDUNILVR.NS,89356.0
2021-11-11,HINDUNILVR.NS,88464.0
2021-11-12,HINDUNILVR.NS,89535.0
2021-11-15,HINDUNILVR.NS,90272.0
2021-11-16,HINDUNILVR.NS,89598.0
2021-11-17,HINDUNILVR.NS,89021.0
2021-11-18,HINDUNILVR.NS,89328.0
2021-11-22,HINDUNILVR.NS,88924.0
2021-11-23,HINDUNILVR.NS,89135.0
2021-11-24,HINDUNILVR.NS,88410.0
2021-11-25,HINDUNILVR.NS,87454.0
2021-11-26,HINDUNILVR.NS,86934.0
2021-11-29,HINDUNILVR.NS,86722.0
2021-11-30,HINDUNILVR.NS,86281.0
2021-12-01,HINDUNILVR.NS,87297.0
2021-12-02,HINDUNILVR.NS,88729.0
2021-12-03,HINDUNILVR.NS,87253.0
2021-12-06,HINDUNILVR.NS,85870.0
2021-12-07,HINDUNILVR.NS,86432.0
2021-12-08,HINDUNILVR.NS,87139.0
2021-12-09,HINDUNILVR.NS,87107.0
2021-12-10,HINDUNILVR.NS,86849.0
2021-12-13,HINDUNILVR.NS,85790.0
2021-12-14,HINDUNILVR.NS,86309.0
2021-12-15,HINDUNILVR.NS,86408.0
2021-12-16,HINDUNILVR.NS,85981.0
2021-12-17,HINDUNILVR.NS,83031.0
2021-12-20,HINDUNILVR.NS,84477.0
2021-12-21,HINDUNILVR.NS,84617.0
2021-12-22,HINDUNILVR.NS,84796.0
2021-12-23,HINDUNILVR.NS,85652.0
2021-12-24,HINDUNILVR.NS,85514.0
2021-12-27,HINDUNILVR.NS,85680.0
2021-12-28,HINDUNILVR.NS,85966.0
2021-12-29,HINDUNILVR.NS,85883.0
2021-12-30,HINDUNILVR.NS,86581.0
2021-12-31,HINDUNILVR.NS,87867.0
2022-01-03,HINDUNILVR.NS,87910.0
2022-01-04,HINDUNILVR.NS,89397.0
2022-01-05,HINDUNILVR.NS,89939.0
2022-01-06,HINDUNILVR.NS,89030.0
2022-01-07,HINDUNILVR.NS,89952.0
2022-01-10,HINDUNILVR.NS,89613.0
2022-01-11,HINDUNILVR.NS,89486.0
2022-01-12,HINDUNILVR.NS,89840.0
2022-01-13,HINDUNILVR.NS,89879.0
2022-01-14,HINDUNILVR.NS,87999.0
2022-01-17,HINDUNILVR.NS,88961.0
2022-01-18,HINDUNILVR.NS,88215.0
2022-01-19,HINDUNILVR.NS,85996.0
2022-01-20,HINDUNILVR.NS,84205.0
2022-01-21,HINDUNILVR.NS,86573.0
2022-01-24,HINDUNILVR.NS,85054.0
2022-01-25,HINDUNILVR.NS,86642.0
2022-01-27,HINDUNILVR.NS,85454.0
2022-01-28,HINDUNILVR.NS,85015.0
2022-01-31,HINDUNILVR.NS,84650.0
2022-02-01,HINDUNILVR.NS,85838.0
2022-02-02,HINDUNILVR.NS,86666.0
2022-02-03,HINDUNILVR.NS,85559.0
2022-02-04,HINDUNILVR.NS,85873.0
2022-02-07,HINDUNILVR.NS,84049.0
2022-02-08,HINDUNILVR.NS,84300.0
2022-02-09,HINDUNILVR.NS,84796.0
2022-02-10,HINDUNILVR.NS,85000.0
2022-02-11,HINDUNILVR.NS,84064.0
2022-02-14,HINDUNILVR.NS,82968.0
2022-02-15,HINDUNILVR.NS,85259.0
2022-02-16,HINDUNILVR.NS,85125.0
2022-02-17,HINDUNILVR.NS,85909.0
2022-02-18,HINDUNILVR.NS,86095.0
2022-02-21,HINDUNILVR.NS,85434.0
2022-02-22,HINDUNILVR.NS,84509.0
2022-02-23,HINDUNILVR.NS,84153.0
2022-02-24,HINDUNILVR.NS,80840.0
2022-02-25,HINDUNILVR.NS,80814.0
2022-02-28,HINDUNILVR.NS,80866.0
2022-03-02,HINDUNILVR.NS,80010.0
2022-03-03,HINDUNILVR.NS,77847.0
2022-03-04,HINDUNILVR.NS,75185.0
2022-03-07,HINDUNILVR.NS,72372.0
2022-03-08,HINDUNILVR.NS,72560.0
2022-03-09,HINDUNILVR.NS,74381.0
2022-03-10,HINDUNILVR.NS,78254.0
2022-03-11,HINDUNILVR.NS,77973.0
2022-03-14,HINDUNILVR.NS,76666.0
2022-03-15,HINDUNILVR.NS,75881.0
2022-03-16,HINDUNILVR.NS,77145.0
2022-03-17,HINDUNILVR.NS,78258.0
2022-03-21,HINDUNILVR.NS,76365.0
2022-03-22,HINDUNILVR.NS,74217.0
2022-03-23,HINDUNILVR.NS,73660.0
2022-03-24,HINDUNILVR.NS,73189.0
2022-03-25,HINDUNILVR.NS,72709.0
2022-03-28,HINDUNILVR.NS,73532.0
2022-03-29,HINDUNILVR.NS,73977.0
2022-03-30,HINDUNILVR.NS,75051.0
2022-03-31,HINDUNILVR.NS,76270.0
2022-04-01,HINDUNILVR.NS,77368.0
2022-04-04,HINDUNILVR.NS,79241.0
2022-04-05,HINDUNILVR.NS,79663.0
2022-04-06,HINDUNILVR.NS,79747.0
2022-04-07,HINDUNILVR.NS,80594.0
2022-04-08,HINDUNILVR.NS,81274.0
2022-04-11,HINDUNILVR.NS,80529.0
2022-04-12,HINDUNILVR.NS,79382.0
2022-04-13,HINDUNILVR.NS,80123.0
2022-04-18,HINDUNILVR.NS,81073.0
2022-04-19,HINDUNILVR.NS,78668.0
2022-04-20,HINDUNILVR.NS,80600.0
2022-04-21,HINDUNILVR.NS,81828.0
2022-04-22,HINDUNILVR.NS,79185.0
2022-04-25,HINDUNILVR.NS,78210.0
2022-04-26,HINDUNILVR.NS,79982.0
2022-04-27,HINDUNILVR.NS,79861.0
2022-04-28,HINDUNILVR.NS,83463.0
2022-04-29,HINDUNILVR.NS,83202.0
2022-05-02,HINDUNILVR.NS,83040.0
2022-05-04,HINDUNILVR.NS,80845.0
2022-05-05,HINDUNILVR.NS,80661.0
2022-05-06,HINDUNILVR.NS,80013.0
2022-05-09,HINDUNILVR.NS,78802.0
2022-05-10,HINDUNILVR.NS,81175.0
2022-05-11,HINDUNILVR.NS,80546.0
2022-05-12,HINDUNILVR.NS,79626.0
2022-05-13,HINDUNILVR.NS,81685.0
2022-05-16,HINDUNILVR.NS,82547.0
2022-05-17,HINDUNILVR.NS,83580.0
2022-05-18,HINDUNILVR.NS,85307.0
2022-05-19,HINDUNILVR.NS,84308.0
2022-05-20,HINDUNILVR.NS,86594.0
2022-05-23,HINDUNILVR.NS,88598.0
2022-05-24,HINDUNILVR.NS,85987.0
2022-05-25,HINDUNILVR.NS,85579.0
2022-05-26,HINDUNILVR.NS,84890.0
2022-05-27,HINDUNILVR.NS,86767.0
2022-05-30,HINDUNILVR.NS,87450.0
2022-05-31,HINDUNILVR.NS,87610.0
2022-06-01,HINDUNILVR.NS,85942.0
2022-06-02,HINDUNILVR.NS,85062.0
2022-06-03,HINDUNILVR.NS,85328.0
2022-06-06,HINDUNILVR.NS,84902.0
2022-06-07,HINDUNILVR.NS,82337.0
2022-06-08,HINDUNILVR.NS,81795.0
2022-06-09,HINDUNILVR.NS,81819.0
2022-06-10,HINDUNILVR.NS,81901.0
2022-06-13,HINDUNILVR.NS,81789.0
2022-06-14,HINDUNILVR.NS,80825.0
2022-06-15,HINDUNILVR.NS,79915.0
2022-06-16,HINDUNILVR.NS,79920.0
2022-06-17,HINDUNILVR.NS,78571.0
2022-06-20,HINDUNILVR.NS,81752.0
2022-06-21,HINDUNILVR.NS,82091.0
2022-06-22,HINDUNILVR.NS,82011.0
2022-06-23,HINDUNILVR.NS,83863.0
2022-06-24,HINDUNILVR.NS,85773.0
2022-06-27,HINDUNILVR.NS,86396.0
2022-06-28,HINDUNILVR.NS,86285.0
2022-06-29,HINDUNILVR.NS,83150.0
2022-06-30,HINDUNILVR.NS,83044.0
2022-07-01,HINDUNILVR.NS,84970.0
2022-07-04,HINDUNILVR.NS,88427.0
2022-07-05,HINDUNILVR.NS,89406.0
2022-07-06,HINDUNILVR.NS,93014.0
2022-07-07,HINDUNILVR.NS,92066.0
2022-07-08,HINDUNILVR.NS,92956.0
2022-07-11,HINDUNILVR.NS,92724.0
2022-07-12,HINDUNILVR.NS,91195.0
2022-07-13,HINDUNILVR.NS,92990.0
2022-07-14,HINDUNILVR.NS,92992.0
2022-07-15,HINDUNILVR.NS,95624.0
2022-07-18,HINDUNILVR.NS,95065.0
2022-07-19,HINDUNILVR.NS,95603.0
2022-07-20,HINDUNILVR.NS,96964.0
2022-07-21,HINDUNILVR.NS,97074.0
2022-07-22,HINDUNILVR.NS,98308.0
2022-07-25,HINDUNILVR.NS,97675.0
2022-07-26,HINDUNILVR.NS,94827.0
2022-07-27,HINDUNILVR.NS,96124.0
2022-07-28,HINDUNILVR.NS,97545.0
2022-07-29,HINDUNILVR.NS,98189.0
2022-08-01,HINDUNILVR.NS,96536.0
2022-08-02,HINDUNILVR.NS,98109.0
2022-08-03,HINDUNILVR.NS,97777.0
2022-08-04,HINDUNILVR.NS,97837.0
2022-08-05,HINDUNILVR.NS,98487.0
2022-08-08,HINDUNILVR.NS,98671.0
2022-08-10,HINDUNILVR.NS,98390.0
2022-08-11,HINDUNILVR.NS,97306.0
2022-08-12,HINDUNILVR.NS,96608.0
2022-08-16,HINDUNILVR.NS,98453.0
2022-08-17,HINDUNILVR.NS,99948.0
2022-08-18,HINDUNILVR.NS,99851.0
2022-08-19,HINDUNILVR.NS,98083.0
2022-08-22,HINDUNILVR.NS,97790.0
2022-08-23,HINDUNILVR.NS,96526.0
2022-08-24,HINDUNILVR.NS,96359.0
2022-08-25,HINDUNILVR.NS,95836.0
2022-08-26,HINDUNILVR.NS,95737.0
2022-08-29,HINDUNILVR.NS,95895.0
2022-08-30,HINDUNILVR.NS,99025.0
2022-09-01,HINDUNILVR.NS,97020.0
2022-09-02,HINDUNILVR.NS,96930.0
2022-09-05,HINDUNILVR.NS,96819.0
2022-09-06,HINDUNILVR.NS,95795.0
2022-09-07,HINDUNILVR.NS,95478.0
2022-09-08,HINDUNILVR.NS,95946.0
2022-09-09,HINDUNILVR.NS,96376.0
2022-09-12,HINDUNILVR.NS,96067.0
2022-09-13,HINDUNILVR.NS,96298.0
2022-09-14,HINDUNILVR.NS,95732.0
2022-09-15,HINDUNILVR.NS,95322.0
2022-09-16,HINDUNILVR.NS,94121.0
2022-09-19,HINDUNILVR.NS,96024.0
2022-09-20,HINDUNILVR.NS,96184.0
2022-09-21,HINDUNILVR.NS,97675.0
2022-09-22,HINDUNILVR.NS,100249.0
2022-09-23,HINDUNILVR.NS,99851.0
2022-09-26,HINDUNILVR.NS,99051.0
2022-09-27,HINDUNILVR.NS,99747.0
2022-09-28,HINDUNILVR.NS,100598.0
2022-09-29,HINDUNILVR.NS,100540.0
2022-09-30,HINDUNILVR.NS,100387.0
2022-10-03,HINDUNILVR.NS,97634.0
2022-10-04,HINDUNILVR.NS,99326.0
2022-10-06,HINDUNILVR.NS,97318.0
2022-10-07,HINDUNILVR.NS,96785.0
2022-10-10,HINDUNILVR.NS,97005.0
2022-10-11,HINDUNILVR.NS,94959.0
2022-10-12,HINDUNILVR.NS,96474.0
2022-10-13,HINDUNILVR.NS,95545.0
2022-10-14,HINDUNILVR.NS,95895.0
2022-10-17,HINDUNILVR.NS,96445.0
2022-10-18,HINDUNILVR.NS,96880.0
2022-10-19,HINDUNILVR.NS,96164.0
2022-10-20,HINDUNILVR.NS,96830.0
2022-10-21,HINDUNILVR.NS,98803.0
2022-10-24,HINDUNILVR.NS,95795.0
2022-10-25,HINDUNILVR.NS,93275.0
2022-10-27,HINDUNILVR.NS,93781.0
2022-10-28,HINDUNILVR.NS,93976.0
2022-10-31,HINDUNILVR.NS,94961.0
2022-11-01,HINDUNILVR.NS,95002.0
2022-11-02,HINDUNILVR.NS,93755.0
2022-11-03,HINDUNILVR.NS,94799.0
2022-11-04,HINDUNILVR.NS,93831.0
2022-11-07,HINDUNILVR.NS,94295.0
2022-11-09,HINDUNILVR.NS,93401.0
2022-11-10,HINDUNILVR.NS,93580.0
2022-11-11,HINDUNILVR.NS,93187.0
2022-11-14,HINDUNILVR.NS,91502.0
2022-11-15,HINDUNILVR.NS,91491.0
2022-11-16,HINDUNILVR.NS,92249.0
2022-11-17,HINDUNILVR.NS,91584.0
2022-11-18,HINDUNILVR.NS,92467.0
2022-11-21,HINDUNILVR.NS,93126.0
2022-11-22,HINDUNILVR.NS,93658.0
2022-11-23,HINDUNILVR.NS,93347.0
2022-11-24,HINDUNILVR.NS,94903.0
2022-11-25,HINDUNILVR.NS,94468.0
2022-11-28,HINDUNILVR.NS,94012.0
2022-11-29,HINDUNILVR.NS,98070.0
2022-11-30,HINDUNILVR.NS,99937.0
2022-12-01,HINDUNILVR.NS,99136.0
2022-12-02,HINDUNILVR.NS,97359.0
2022-12-05,HINDUNILVR.NS,97535.0
2022-12-06,HINDUNILVR.NS,98827.0
2022-12-07,HINDUNILVR.NS,100793.0
2022-12-08,HINDUNILVR.NS,100722.0
2022-12-09,HINDUNILVR.NS,101348.0
2022-12-12,HINDUNILVR.NS,101162.0
2022-12-13,HINDUNILVR.NS,100903.0
2022-12-14,HINDUNILVR.NS,99948.0
2022-12-15,HINDUNILVR.NS,99151.0
2022-12-16,HINDUNILVR.NS,99451.0
2022-12-19,HINDUNILVR.NS,101193.0
2022-12-20,HINDUNILVR.NS,99572.0
2022-12-21,HINDUNILVR.NS,99261.0
2022-12-22,HINDUNILVR.NS,98485.0
2022-12-23,HINDUNILVR.NS,97582.0
2022-12-26,HINDUNILVR.NS,97446.0
2022-12-27,HINDUNILVR.NS,96545.0
2022-12-28,HINDUNILVR.NS,96186.0
2022-12-29,HINDUNILVR.NS,95607.0
2022-12-30,HINDUNILVR.NS,95346.0
2023-01-02,HINDUNILVR.NS,95248.0
2023-01-03,HINDUNILVR.NS,94639.0
2023-01-04,HINDUNILVR.NS,94417.0
2023-01-05,HINDUNILVR.NS,96190.0
2023-01-06,HINDUNILVR.NS,95920.0
2023-01-09,HINDUNILVR.NS,97692.0
2023-01-10,HINDUNILVR.NS,98429.0
2023-01-11,HINDUNILVR.NS,96545.0
2023-01-12,HINDUNILVR.NS,96426.0
2023-01-13,HINDUNILVR.NS,97690.0
2023-01-16,HINDUNILVR.NS,96688.0
2023-01-17,HINDUNILVR.NS,99311.0
2023-01-18,HINDUNILVR.NS,100006.0
2023-01-19,HINDUNILVR.NS,98649.0
2023-01-20,HINDUNILVR.NS,94888.0
2023-01-23,HINDUNILVR.NS,96662.0
2023-01-24,HINDUNILVR.NS,96815.0
2023-01-25,HINDUNILVR.NS,97628.0
2023-01-27,HINDUNILVR.NS,97249.0
2023-01-30,HINDUNILVR.NS,95611.0
2023-01-31,HINDUNILVR.NS,95931.0
2023-02-01,HINDUNILVR.NS,95838.0
2023-02-02,HINDUNILVR.NS,98094.0
2023-02-03,HINDUNILVR.NS,98611.0
2023-02-06,HINDUNILVR.NS,98196.0
2023-02-07,HINDUNILVR.NS,96841.0
2023-02-08,HINDUNILVR.NS,96156.0
2023-02-09,HINDUNILVR.NS,96301.0
2023-02-10,HINDUNILVR.NS,95959.0
2023-02-13,HINDUNILVR.NS,96089.0
2023-02-14,HINDUNILVR.NS,96037.0
2023-02-15,HINDUNILVR.NS,94877.0
2023-02-16,HINDUNILVR.NS,94082.0
2023-02-17,HINDUNILVR.NS,93651.0
2023-02-20,HINDUNILVR.NS,93500.0
2023-02-21,HINDUNILVR.NS,93675.0
2023-02-22,HINDUNILVR.NS,92852.0
2023-02-23,HINDUNILVR.NS,92725.0
2023-02-24,HINDUNILVR.NS,92485.0
2023-02-27,HINDUNILVR.NS,91888.0
2023-02-28,HINDUNILVR.NS,91608.0
2023-03-01,HINDUNILVR.NS,91817.0
2023-03-02,HINDUNILVR.NS,91411.0
2023-03-03,HINDUNILVR.NS,91994.0
2023-03-06,HINDUNILVR.NS,92509.0
2023-03-08,HINDUNILVR.NS,92519.0
2023-03-09,HINDUNILVR.NS,91636.0
2023-03-10,HINDUNILVR.NS,91787.0
2023-03-13,HINDUNILVR.NS,91402.0
2023-03-14,HINDUNILVR.NS,90931.0
2023-03-15,HINDUNILVR.NS,89578.0
2023-03-16,HINDUNILVR.NS,91560.0
2023-03-17,HINDUNILVR.NS,91115.0
2023-03-20,HINDUNILVR.NS,93490.0
2023-03-21,HINDUNILVR.NS,91681.0
2023-03-22,HINDUNILVR.NS,92193.0
2023-03-23,HINDUNILVR.NS,92519.0
2023-03-24,HINDUNILVR.NS,92359.0
2023-03-27,HINDUNILVR.NS,93036.0
2023-03-28,HINDUNILVR.NS,92433.0
2023-03-29,HINDUNILVR.NS,94222.0
2023-03-31,HINDUNILVR.NS,95320.0
2023-04-03,HINDUNILVR.NS,94417.0
2023-04-05,HINDUNILVR.NS,96154.0
2023-04-06,HINDUNILVR.NS,95503.0
2023-04-10,HINDUNILVR.NS,94270.0
2023-04-11,HINDUNILVR.NS,94851.0
2023-04-12,HINDUNILVR.NS,94151.0
2023-04-13,HINDUNILVR.NS,94421.0
2023-04-17,HINDUNILVR.NS,95004.0
2023-04-18,HINDUNILVR.NS,94602.0
2023-04-19,HINDUNILVR.NS,94250.0
2023-04-20,HINDUNILVR.NS,92798.0
2023-04-21,HINDUNILVR.NS,92997.0
2023-04-24,HINDUNILVR.NS,93064.0
2023-04-25,HINDUNILVR.NS,92718.0
2023-04-26,HINDUNILVR.NS,93476.0
2023-04-27,HINDUNILVR.NS,91917.0
2023-04-28,HINDUNILVR.NS,91484.0
2023-05-02,HINDUNILVR.NS,91275.0
2023-05-03,HINDUNILVR.NS,92552.0
2023-05-04,HINDUNILVR.NS,93325.0
2023-05-05,HINDUNILVR.NS,93101.0
2023-05-08,HINDUNILVR.NS,93680.0
2023-05-09,HINDUNILVR.NS,93662.0
2023-05-10,HINDUNILVR.NS,93919.0
2023-05-11,HINDUNILVR.NS,96513.0
2023-05-12,HINDUNILVR.NS,97668.0
2023-05-15,HINDUNILVR.NS,99114.0
2023-05-16,HINDUNILVR.NS,99622.0
2023-05-17,HINDUNILVR.NS,99095.0
2023-05-18,HINDUNILVR.NS,97822.0
2023-05-19,HINDUNILVR.NS,98340.0
2023-05-22,HINDUNILVR.NS,98215.0
2023-05-23,HINDUNILVR.NS,97850.0
2023-05-24,HINDUNILVR.NS,97353.0
2023-05-25,HINDUNILVR.NS,96694.0
2023-05-26,HINDUNILVR.NS,98745.0
2023-05-29,HINDUNILVR.NS,98669.0
2023-05-30,HINDUNILVR.NS,98902.0
2023-05-31,HINDUNILVR.NS,99311.0
2023-06-01,HINDUNILVR.NS,100441.0
2023-06-02,HINDUNILVR.NS,101141.0
2023-06-05,HINDUNILVR.NS,100363.0
2023-06-06,HINDUNILVR.NS,100190.0
2023-06-07,HINDUNILVR.NS,101122.0
2023-06-08,HINDUNILVR.NS,99771.0
2023-06-09,HINDUNILVR.NS,98144.0
2023-06-12,HINDUNILVR.NS,98414.0
2023-06-13,HINDUNILVR.NS,99622.0
2023-06-14,HINDUNILVR.NS,100473.0
2023-06-15,HINDUNILVR.NS,100136.0
2023-06-16,HINDUNILVR.NS,101102.0
2023-06-19,HINDUNILVR.NS,99896.0
2023-06-20,HINDUNILVR.NS,99630.0
2023-06-21,HINDUNILVR.NS,99648.0
2023-06-22,HINDUNILVR.NS,98820.0
2023-06-23,HINDUNILVR.NS,98345.0
2023-06-26,HINDUNILVR.NS,98736.0
2023-06-27,HINDUNILVR.NS,98708.0
2023-06-28,HINDUNILVR.NS,99077.0
2023-06-30,HINDUNILVR.NS,99706.0
2023-07-03,HINDUNILVR.NS,100558.0
2023-07-04,HINDUNILVR.NS,100519.0
2023-07-05,HINDUNILVR.NS,102599.0
2023-07-06,HINDUNILVR.NS,102645.0
2023-07-07,HINDUNILVR.NS,100449.0
2023-07-10,HINDUNILVR.NS,98902.0
2023-07-11,HINDUNILVR.NS,99942.0
2023-07-12,HINDUNILVR.NS,99538.0
2023-07-13,HINDUNILVR.NS,98833.0
2023-07-14,HINDUNILVR.NS,99659.0
2023-07-17,HINDUNILVR.NS,99838.0
2023-07-18,HINDUNILVR.NS,99879.0
2023-07-19,HINDUNILVR.NS,99462.0
2023-07-20,HINDUNILVR.NS,100640.0
2023-07-21,HINDUNILVR.NS,96945.0
2023-07-24,HINDUNILVR.NS,96061.0
2023-07-25,HINDUNILVR.NS,95611.0
2023-07-26,HINDUNILVR.NS,96175.0
2023-07-27,HINDUNILVR.NS,95674.0
2023-07-28,HINDUNILVR.NS,96223.0
2023-07-31,HINDUNILVR.NS,95337.0
2023-08-01,HINDUNILVR.NS,94976.0
2023-08-02,HINDUNILVR.NS,95640.0
2023-08-03,HINDUNILVR.NS,94983.0
2023-08-04,HINDUNILVR.NS,94786.0
2023-08-07,HINDUNILVR.NS,95650.0
2023-08-08,HINDUNILVR.NS,95525.0
2023-08-09,HINDUNILVR.NS,95017.0
2023-08-10,HINDUNILVR.NS,94440.0
2023-08-11,HINDUNILVR.NS,93140.0
2023-08-14,HINDUNILVR.NS,94306.0
2023-08-16,HINDUNILVR.NS,95032.0
2023-08-17,HINDUNILVR.NS,94684.0
2023-08-18,HINDUNILVR.NS,95112.0
2023-08-21,HINDUNILVR.NS,95410.0
2023-08-22,HINDUNILVR.NS,95523.0
2023-08-23,HINDUNILVR.NS,95830.0
2023-08-24,HINDUNILVR.NS,96098.0
2023-08-25,HINDUNILVR.NS,95439.0
2023-08-28,HINDUNILVR.NS,95147.0
2023-08-29,HINDUNILVR.NS,94047.0
2023-08-30,HINDUNILVR.NS,94263.0
2023-08-31,HINDUNILVR.NS,93261.0
2023-09-01,HINDUNILVR.NS,93252.0
2023-09-04,HINDUNILVR.NS,93126.0
2023-09-05,HINDUNILVR.NS,93336.0
2023-09-06,HINDUNILVR.NS,93948.0
2023-09-07,HINDUNILVR.NS,93351.0
2023-09-08,HINDUNILVR.NS,93587.0
2023-09-11,HINDUNILVR.NS,94423.0
2023-09-12,HINDUNILVR.NS,93031.0
2023-09-13,HINDUNILVR.NS,93317.0
2023-09-14,HINDUNILVR.NS,93103.0
2023-09-15,HINDUNILVR.NS,91945.0
2023-09-18,HINDUNILVR.NS,92651.0
2023-09-20,HINDUNILVR.NS,91839.0
2023-09-21,HINDUNILVR.NS,92081.0
2023-09-22,HINDUNILVR.NS,92420.0
2023-09-25,HINDUNILVR.NS,92174.0
2023-09-26,HINDUNILVR.NS,92290.0
2023-09-27,HINDUNILVR.NS,93139.0
2023-09-28,HINDUNILVR.NS,91597.0
2023-09-29,HINDUNILVR.NS,91793.0
2023-10-03,HINDUNILVR.NS,91916.0
2023-10-04,HINDUNILVR.NS,93366.0
2023-10-05,HINDUNILVR.NS,93801.0
2023-10-06,HINDUNILVR.NS,93051.0
2023-10-09,HINDUNILVR.NS,93494.0
2023-10-10,HINDUNILVR.NS,93677.0
2023-10-11,HINDUNILVR.NS,95173.0
2023-10-12,HINDUNILVR.NS,95196.0
2023-10-13,HINDUNILVR.NS,95659.0
2023-10-16,HINDUNILVR.NS,95244.0
2023-10-17,HINDUNILVR.NS,95164.0
2023-10-18,HINDUNILVR.NS,94870.0
2023-10-19,HINDUNILVR.NS,94864.0
2023-10-20,HINDUNILVR.NS,92893.0
2023-10-23,HINDUNILVR.NS,92459.0
2023-10-25,HINDUNILVR.NS,92228.0
2023-10-26,HINDUNILVR.NS,92195.0
2023-10-27,HINDUNILVR.NS,92405.0
2023-10-30,HINDUNILVR.NS,92288.0
2023-10-31,HINDUNILVR.NS,92478.0
2023-11-01,HINDUNILVR.NS,92040.0
2023-11-02,HINDUNILVR.NS,92582.0
2023-11-03,HINDUNILVR.NS,93418.0
2023-11-06,HINDUNILVR.NS,92977.0
2023-11-07,HINDUNILVR.NS,92941.0
2023-11-08,HINDUNILVR.NS,93794.0
2023-11-09,HINDUNILVR.NS,92206.0
2023-11-10,HINDUNILVR.NS,92573.0
2023-11-13,HINDUNILVR.NS,92260.0
2023-11-15,HINDUNILVR.NS,92567.0
2023-11-16,HINDUNILVR.NS,92746.0
2023-11-17,HINDUNILVR.NS,94146.0
2023-11-20,HINDUNILVR.NS,93314.0
2023-11-21,HINDUNILVR.NS,93269.0
2023-11-22,HINDUNILVR.NS,93889.0
2023-11-23,HINDUNILVR.NS,93814.0
2023-11-24,HINDUNILVR.NS,93639.0
2023-11-28,HINDUNILVR.NS,93466.0
2023-11-29,HINDUNILVR.NS,94006.0
2023-11-30,HINDUNILVR.NS,94769.0
2023-12-01,HINDUNILVR.NS,95443.0
2023-12-04,HINDUNILVR.NS,96882.0
2023-12-05,HINDUNILVR.NS,95428.0
2023-12-06,HINDUNILVR.NS,95592.0
2023-12-07,HINDUNILVR.NS,93753.0
2023-12-08,HINDUNILVR.NS,93904.0
2023-12-11,HINDUNILVR.NS,93209.0
2023-12-12,HINDUNILVR.NS,93176.0
2023-12-13,HINDUNILVR.NS,93516.0
2023-12-14,HINDUNILVR.NS,93682.0
2023-12-15,HINDUNILVR.NS,93926.0
2023-12-18,HINDUNILVR.NS,94395.0
2023-12-19,HINDUNILVR.NS,95333.0
2023-12-20,HINDUNILVR.NS,95214.0
2023-12-21,HINDUNILVR.NS,95054.0
2023-12-22,HINDUNILVR.NS,95888.0
2023-12-26,HINDUNILVR.NS,96229.0
2023-12-27,HINDUNILVR.NS,97105.0
2023-12-28,HINDUNILVR.NS,98055.0
2023-12-29,HINDUNILVR.NS,99177.0
2024-01-01,HINDUNILVR.NS,98835.0
2024-01-02,HINDUNILVR.NS,97310.0
2024-01-03,HINDUNILVR.NS,97040.0
2024-01-04,HINDUNILVR.NS,96519.0
2024-01-05,HINDUNILVR.NS,97543.0
2024-01-08,HINDUNILVR.NS,95987.0
2024-01-09,HINDUNILVR.NS,96043.0
2024-01-10,HINDUNILVR.NS,95955.0
2024-01-11,HINDUNILVR.NS,94421.0
2024-01-12,HINDUNILVR.NS,94712.0
2024-01-15,HINDUNILVR.NS,95799.0
2024-01-16,HINDUNILVR.NS,95646.0
2024-01-17,HINDUNILVR.NS,95415.0
2024-01-18,HINDUNILVR.NS,94860.0
2024-01-19,HINDUNILVR.NS,95508.0
2024-01-23,HINDUNILVR.NS,88440.0
2024-01-24,HINDUNILVR.NS,90901.0
2024-01-25,HINDUNILVR.NS,90404.0
2024-01-29,HINDUNILVR.NS,91004.0
2024-01-30,HINDUNILVR.NS,91534.0
2024-01-31,HINDUNILVR.NS,92387.0
2024-02-01,HINDUNILVR.NS,92091.0
2024-02-02,HINDUNILVR.NS,91309.0
2024-02-05,HINDUNILVR.NS,90077.0
2024-02-06,HINDUNILVR.NS,90332.0
2024-02-07,HINDUNILVR.NS,90298.0
2024-02-08,HINDUNILVR.NS,89985.0
2024-02-09,HINDUNILVR.NS,90250.0
2024-02-12,HINDUNILVR.NS,88816.0
2024-02-13,HINDUNILVR.NS,89127.0
2024-02-14,HINDUNILVR.NS,88902.0
2024-02-15,HINDUNILVR.NS,87521.0
2024-02-16,HINDUNILVR.NS,88429.0
2024-02-19,HINDUNILVR.NS,88872.0
2024-02-20,HINDUNILVR.NS,89503.0
2024-02-21,HINDUNILVR.NS,89615.0
2024-02-22,HINDUNILVR.NS,88908.0
2024-02-23,HINDUNILVR.NS,89131.0
2024-02-26,HINDUNILVR.NS,89509.0
2024-02-27,HINDUNILVR.NS,89548.0
2024-02-28,HINDUNILVR.NS,90153.0
2024-02-29,HINDUNILVR.NS,89808.0
2024-03-01,HINDUNILVR.NS,89712.0
2024-03-04,HINDUNILVR.NS,90170.0
2024-03-05,HINDUNILVR.NS,89345.0
2024-03-06,HINDUNILVR.NS,89380.0
2024-03-07,HINDUNILVR.NS,90078.0
2024-03-11,HINDUNILVR.NS,88973.0
2024-03-12,HINDUNILVR.NS,88537.0
2024-03-13,HINDUNILVR.NS,86097.0
2024-03-14,HINDUNILVR.NS,86916.0
2024-03-15,HINDUNILVR.NS,86659.0
2024-03-18,HINDUNILVR.NS,85626.0
2024-03-19,HINDUNILVR.NS,84397.0
2024-03-20,HINDUNILVR.NS,83466.0
2024-03-21,HINDUNILVR.NS,83481.0
2024-03-22,HINDUNILVR.NS,84010.0
2024-03-26,HINDUNILVR.NS,83394.0
2024-03-27,HINDUNILVR.NS,83383.0
2024-03-28,HINDUNILVR.NS,84300.0
2024-04-01,HINDUNILVR.NS,85103.0
2024-04-02,HINDUNILVR.NS,85132.0
2024-04-03,HINDUNILVR.NS,84332.0
2024-04-04,HINDUNILVR.NS,84323.0
2024-04-05,HINDUNILVR.NS,84397.0
2024-04-08,HINDUNILVR.NS,84472.0
2024-04-09,HINDUNILVR.NS,84293.0
2024-04-10,HINDUNILVR.NS,84172.0
2024-04-12,HINDUNILVR.NS,83107.0
2024-04-15,HINDUNILVR.NS,81683.0
2024-04-16,HINDUNILVR.NS,82679.0
2024-04-18,HINDUNILVR.NS,82456.0
2024-04-19,HINDUNILVR.NS,83081.0
2024-04-22,HINDUNILVR.NS,83450.0
2024-04-23,HINDUNILVR.NS,84241.0
2024-04-24,HINDUNILVR.NS,84148.0
2024-04-25,HINDUNILVR.NS,83053.0
2024-04-26,HINDUNILVR.NS,82748.0
2024-04-29,HINDUNILVR.NS,82876.0
2024-04-30,HINDUNILVR.NS,83038.0
2024-05-02,HINDUNILVR.NS,82884.0
2024-05-03,HINDUNILVR.NS,82539.0
2024-05-06,HINDUNILVR.NS,83997.0
2024-05-07,HINDUNILVR.NS,88584.0
2024-05-08,HINDUNILVR.NS,87156.0
2024-05-09,HINDUNILVR.NS,86583.0
2024-05-10,HINDUNILVR.NS,87956.0
2024-05-13,HINDUNILVR.NS,87886.0
2024-05-14,HINDUNILVR.NS,87474.0
2024-05-15,HINDUNILVR.NS,86495.0
2024-05-16,HINDUNILVR.NS,87234.0
2024-05-17,HINDUNILVR.NS,86385.0
2024-05-21,HINDUNILVR.NS,86026.0
2024-05-22,HINDUNILVR.NS,88118.0
2024-05-23,HINDUNILVR.NS,88699.0
2024-05-24,HINDUNILVR.NS,88198.0
2024-05-27,HINDUNILVR.NS,88773.0
2024-05-28,HINDUNILVR.NS,89200.0
2024-05-29,HINDUNILVR.NS,88360.0
2024-05-30,HINDUNILVR.NS,87541.0
2024-05-31,HINDUNILVR.NS,86709.0
2024-06-03,HINDUNILVR.NS,87709.0
2024-06-04,HINDUNILVR.NS,92936.0
2024-06-05,HINDUNILVR.NS,96899.0
2024-06-06,HINDUNILVR.NS,94920.0
2024-06-07,HINDUNILVR.NS,95970.0
2024-06-10,HINDUNILVR.NS,95506.0
2024-06-11,HINDUNILVR.NS,95171.0
2024-06-12,HINDUNILVR.NS,94142.0
2024-06-13,HINDUNILVR.NS,92604.0
2024-06-14,HINDUNILVR.NS,92320.0
2024-06-18,HINDUNILVR.NS,92562.0
2024-06-19,HINDUNILVR.NS,91473.0
2024-06-20,HINDUNILVR.NS,92411.0
2024-06-21,HINDUNILVR.NS,90888.0
2024-06-24,HINDUNILVR.NS,90922.0
2024-06-25,HINDUNILVR.NS,90549.0
2024-06-26,HINDUNILVR.NS,91048.0
2024-06-27,HINDUNILVR.NS,91664.0
2024-06-28,HINDUNILVR.NS,92070.0
2024-07-01,HINDUNILVR.NS,93263.0
2024-07-02,HINDUNILVR.NS,92521.0
2024-07-03,HINDUNILVR.NS,93459.0
2024-07-04,HINDUNILVR.NS,92923.0
2024-07-05,HINDUNILVR.NS,94823.0
2024-07-08,HINDUNILVR.NS,96318.0
2024-07-09,HINDUNILVR.NS,96430.0
2024-07-10,HINDUNILVR.NS,97185.0
2024-07-11,HINDUNILVR.NS,97126.0
2024-07-12,HINDUNILVR.NS,97625.0
2024-07-15,HINDUNILVR.NS,97552.0
2024-07-16,HINDUNILVR.NS,100089.0
2024-07-18,HINDUNILVR.NS,101949.0
2024-07-19,HINDUNILVR.NS,101525.0
2024-07-22,HINDUNILVR.NS,101834.0
2024-07-23,HINDUNILVR.NS,102990.0
2024-07-24,HINDUNILVR.NS,101154.0
2024-07-25,HINDUNILVR.NS,100787.0
2024-07-26,HINDUNILVR.NS,100931.0
2024-07-29,HINDUNILVR.NS,100951.0
2024-07-30,HINDUNILVR.NS,100199.0
2024-07-31,HINDUNILVR.NS,100730.0
2024-08-01,HINDUNILVR.NS,101098.0
2024-08-02,HINDUNILVR.NS,100242.0
2024-08-05,HINDUNILVR.NS,101111.0
2024-08-06,HINDUNILVR.NS,102383.0
2024-08-07,HINDUNILVR.NS,102159.0
2024-08-08,HINDUNILVR.NS,101755.0
2024-08-09,HINDUNILVR.NS,102277.0
2024-08-12,HINDUNILVR.NS,102332.0
2024-08-13,HINDUNILVR.NS,102061.0
2024-08-14,HINDUNILVR.NS,101340.0
2024-08-16,HINDUNILVR.NS,102316.0
2024-08-19,HINDUNILVR.NS,102103.0
2024-08-20,HINDUNILVR.NS,102420.0
2024-08-21,HINDUNILVR.NS,103915.0
2024-08-22,HINDUNILVR.NS,103974.0
2024-08-23,HINDUNILVR.NS,104823.0
2024-08-26,HINDUNILVR.NS,105030.0
2024-08-27,HINDUNILVR.NS,103010.0
2024-08-28,HINDUNILVR.NS,102915.0
2024-08-29,HINDUNILVR.NS,103693.0
2024-08-30,HINDUNILVR.NS,103423.0
2024-09-02,HINDUNILVR.NS,103835.0
2024-09-03,HINDUNILVR.NS,104030.0
2024-09-04,HINDUNILVR.NS,105778.0
2024-09-05,HINDUNILVR.NS,105674.0
2024-09-06,HINDUNILVR.NS,105692.0
2024-09-09,HINDUNILVR.NS,108777.0
2024-09-10,HINDUNILVR.NS,107913.0
2024-09-11,HINDUNILVR.NS,108120.0
2024-09-12,HINDUNILVR.NS,110065.0
2024-09-13,HINDUNILVR.NS,109192.0
2024-09-16,HINDUNILVR.NS,106740.0
2024-09-17,HINDUNILVR.NS,106979.0
2024-09-18,HINDUNILVR.NS,107066.0
2024-09-19,HINDUNILVR.NS,108403.0
2024-09-20,HINDUNILVR.NS,110854.0
2024-09-23,HINDUNILVR.NS,112751.0
2024-09-24,HINDUNILVR.NS,109847.0
2024-09-25,HINDUNILVR.NS,109788.0
2024-09-26,HINDUNILVR.NS,111171.0
2024-09-27,HINDUNILVR.NS,110432.0
2024-09-30,HINDUNILVR.NS,110136.0
2024-10-01,HINDUNILVR.NS,108849.0
2024-10-03,HINDUNILVR.NS,107718.0
2024-10-04,HINDUNILVR.NS,106057.0
2024-10-07,HINDUNILVR.NS,105486.0
2024-10-08,HINDUNILVR.NS,104942.0
2024-10-09,HINDUNILVR.NS,103086.0
2024-10-10,HINDUNILVR.NS,102556.0
2024-10-11,HINDUNILVR.NS,103617.0
2024-10-14,HINDUNILVR.NS,103836.0
2024-10-15,HINDUNILVR.NS,103552.0
2024-10-16,HINDUNILVR.NS,103544.0
2024-10-17,HINDUNILVR.NS,101958.0
2024-10-18,HINDUNILVR.NS,101156.0
2024-10-21,HINDUNILVR.NS,100279.0
2024-10-22,HINDUNILVR.NS,99838.0
2024-10-23,HINDUNILVR.NS,99004.0
2024-10-24,HINDUNILVR.NS,93263.0
2024-10-25,HINDUNILVR.NS,94118.0
2024-10-28,HINDUNILVR.NS,95895.0
2024-10-29,HINDUNILVR.NS,94847.0
2024-10-30,HINDUNILVR.NS,95119.0
2024-10-31,HINDUNILVR.NS,94125.0
2024-11-01,HINDUNILVR.NS,94470.0
2024-11-04,HINDUNILVR.NS,93997.0
2024-11-05,HINDUNILVR.NS,93868.0
2024-11-06,HINDUNILVR.NS,93100.0
2024-11-07,HINDUNILVR.NS,92161.0
2024-11-08,HINDUNILVR.NS,93360.0
2024-11-11,HINDUNILVR.NS,92740.0
2024-11-12,HINDUNILVR.NS,91640.0
2024-11-13,HINDUNILVR.NS,91769.0
2024-11-14,HINDUNILVR.NS,88948.0
2024-11-18,HINDUNILVR.NS,90203.0
2024-11-19,HINDUNILVR.NS,89736.0
2024-11-21,HINDUNILVR.NS,88710.0
2024-11-22,HINDUNILVR.NS,91035.0
2024-11-25,HINDUNILVR.NS,92011.0
2024-11-26,HINDUNILVR.NS,92299.0
2024-11-27,HINDUNILVR.NS,92586.0
2024-11-28,HINDUNILVR.NS,91666.0
2024-11-29,HINDUNILVR.NS,92930.0
2024-12-02,HINDUNILVR.NS,92297.0
2024-12-03,HINDUNILVR.NS,92435.0
2024-12-04,HINDUNILVR.NS,91752.0
2024-12-05,HINDUNILVR.NS,92872.0
2024-12-06,HINDUNILVR.NS,92470.0
2024-12-09,HINDUNILVR.NS,89378.0
2024-12-10,HINDUNILVR.NS,89252.0
2024-12-11,HINDUNILVR.NS,89401.0
2024-12-12,HINDUNILVR.NS,87301.0
2024-12-13,HINDUNILVR.NS,88982.0
2024-12-16,HINDUNILVR.NS,88090.0
2024-12-17,HINDUNILVR.NS,87982.0
2024-12-18,HINDUNILVR.NS,87832.0
2024-12-19,HINDUNILVR.NS,87856.0
2024-12-20,HINDUNILVR.NS,86890.0
2024-12-23,HINDUNILVR.NS,87076.0
2024-12-24,HINDUNILVR.NS,86951.0
2024-12-26,HINDUNILVR.NS,86847.0
2024-12-27,HINDUNILVR.NS,87163.0
2024-12-30,HINDUNILVR.NS,87247.0
2024-12-31,HINDUNILVR.NS,86627.0
2025-01-01,HINDUNILVR.NS,86450.0
2025-01-02,HINDUNILVR.NS,88234.0
2025-01-03,HINDUNILVR.NS,89583.0
2025-01-06,HINDUNILVR.NS,88464.0
2025-01-07,HINDUNILVR.NS,89008.0
2025-01-08,HINDUNILVR.NS,89388.0
2025-01-09,HINDUNILVR.NS,90668.0
2025-01-10,HINDUNILVR.NS,90916.0
2025-01-13,HINDUNILVR.NS,91249.0
2025-01-14,HINDUNILVR.NS,88157.0
2025-01-15,HINDUNILVR.NS,88345.0
2025-01-16,HINDUNILVR.NS,87303.0
2025-01-17,HINDUNILVR.NS,87638.0
2025-01-20,HINDUNILVR.NS,87310.0
2025-01-21,HINDUNILVR.NS,87135.0
2025-01-22,HINDUNILVR.NS,87227.0
2025-01-23,HINDUNILVR.NS,86435.0
2025-01-24,HINDUNILVR.NS,88163.0
2025-01-27,HINDUNILVR.NS,89084.0
2025-01-28,HINDUNILVR.NS,88935.0
2025-01-29,HINDUNILVR.NS,88753.0
2025-01-30,HINDUNILVR.NS,89676.0
2025-01-31,HINDUNILVR.NS,91912.0
2025-02-01,HINDUNILVR.NS,93299.0
2025-02-03,HINDUNILVR.NS,90912.0
2025-02-04,HINDUNILVR.NS,90767.0
2025-02-05,HINDUNILVR.NS,89017.0
2025-02-06,HINDUNILVR.NS,88334.0
2025-02-07,HINDUNILVR.NS,88005.0
2025-02-10,HINDUNILVR.NS,87915.0
2025-02-11,HINDUNILVR.NS,86195.0
2025-02-12,HINDUNILVR.NS,86838.0
2025-02-13,HINDUNILVR.NS,86428.0
2025-02-14,HINDUNILVR.NS,86311.0
2025-02-17,HINDUNILVR.NS,86722.0
2025-02-18,HINDUNILVR.NS,85479.0
2025-02-19,HINDUNILVR.NS,83781.0
2025-02-20,HINDUNILVR.NS,83694.0
2025-02-21,HINDUNILVR.NS,83455.0
2025-02-24,HINDUNILVR.NS,83448.0
2025-02-25,HINDUNILVR.NS,84112.0
2025-02-27,HINDUNILVR.NS,83578.0
2025-02-28,HINDUNILVR.NS,81542.0
2025-03-03,HINDUNILVR.NS,81043.0
2025-03-04,HINDUNILVR.NS,80317.0
2025-03-05,HINDUNILVR.NS,80805.0
2025-03-06,HINDUNILVR.NS,82610.0
2025-03-07,HINDUNILVR.NS,82074.0
2025-03-10,HINDUNILVR.NS,83682.0
2025-03-11,HINDUNILVR.NS,82536.0
2025-03-12,HINDUNILVR.NS,81640.0
2025-03-13,HINDUNILVR.NS,80966.0
2025-03-17,HINDUNILVR.NS,80834.0
2025-03-18,HINDUNILVR.NS,80834.0
2025-03-19,HINDUNILVR.NS,81907.0
2025-03-20,HINDUNILVR.NS,83483.0
2025-03-21,HINDUNILVR.NS,83625.0
2025-03-24,HINDUNILVR.NS,83997.0
2025-03-25,HINDUNILVR.NS,84559.0
2025-03-26,HINDUNILVR.NS,83615.0
2025-03-27,HINDUNILVR.NS,83567.0
2025-03-28,HINDUNILVR.NS,84096.0
2025-04-01,HINDUNILVR.NS,83165.0
2025-04-02,HINDUNILVR.NS,83316.0
2025-04-03,HINDUNILVR.NS,83563.0
2025-04-04,HINDUNILVR.NS,83563.0
2025-04-07,HINDUNILVR.NS,83744.0
2025-04-08,HINDUNILVR.NS,85227.0
2025-04-09,HINDUNILVR.NS,87489.0
2025-04-11,HINDUNILVR.NS,88090.0
2025-04-15,HINDUNILVR.NS,87917.0
2025-04-16,HINDUNILVR.NS,88107.0
2025-04-17,HINDUNILVR.NS,88420.0
2025-04-21,HINDUNILVR.NS,87526.0
2025-04-22,HINDUNILVR.NS,89302.0
2025-04-23,HINDUNILVR.NS,90237.0
2025-04-24,HINDUNILVR.NS,86569.0
2025-04-25,HINDUNILVR.NS,86826.0
2025-04-28,HINDUNILVR.NS,86320.0
2025-04-29,HINDUNILVR.NS,86435.0
2025-04-30,HINDUNILVR.NS,87195.0
2025-05-02,HINDUNILVR.NS,86320.0
2025-05-05,HINDUNILVR.NS,87437.0
2025-05-06,HINDUNILVR.NS,88673.0
2025-05-07,HINDUNILVR.NS,88263.0
2025-05-08,HINDUNILVR.NS,87671.0
2025-05-09,HINDUNILVR.NS,86852.0
2025-05-12,HINDUNILVR.NS,88699.0
2025-05-13,HINDUNILVR.NS,87861.0
2025-05-14,HINDUNILVR.NS,87508.0
2025-05-15,HINDUNILVR.NS,87683.0
2025-05-16,HINDUNILVR.NS,88658.0
2025-05-19,HINDUNILVR.NS,88706.0
2025-05-20,HINDUNILVR.NS,87158.0
2025-05-21,HINDUNILVR.NS,88007.0
2025-05-22,HINDUNILVR.NS,86771.0
2025-05-23,HINDUNILVR.NS,87832.0
2025-05-26,HINDUNILVR.NS,89131.0
2025-05-27,HINDUNILVR.NS,88613.0
2025-05-28,HINDUNILVR.NS,87936.0
2025-05-29,HINDUNILVR.NS,88111.0
2025-05-30,HINDUNILVR.NS,87426.0
2025-06-02,HINDUNILVR.NS,88293.0
2025-06-03,HINDUNILVR.NS,87575.0
2025-06-04,HINDUNILVR.NS,88029.0
2025-06-05,HINDUNILVR.NS,88472.0
2025-06-06,HINDUNILVR.NS,88971.0
2025-06-09,HINDUNILVR.NS,89097.0
2025-06-10,HINDUNILVR.NS,89172.0
2025-06-11,HINDUNILVR.NS,88472.0
2025-06-12,HINDUNILVR.NS,86845.0
2025-06-13,HINDUNILVR.NS,86335.0
2025-06-16,HINDUNILVR.NS,86648.0
2025-06-17,HINDUNILVR.NS,86692.0
2025-06-18,HINDUNILVR.NS,85527.0
2025-06-19,HINDUNILVR.NS,85412.0
2025-06-20,HINDUNILVR.NS,85858.0
2025-06-23,HINDUNILVR.NS,84701.0
2025-06-24,HINDUNILVR.NS,84254.0
2025-06-25,HINDUNILVR.NS,84835.0
2025-06-26,HINDUNILVR.NS,84913.0
2025-06-27,HINDUNILVR.NS,85884.0
2025-06-30,HINDUNILVR.NS,85427.0
2025-07-01,HINDUNILVR.NS,85460.0
2025-07-02,HINDUNILVR.NS,85892.0
2025-07-03,HINDUNILVR.NS,86126.0
2025-07-04,HINDUNILVR.NS,87091.0
2025-07-07,HINDUNILVR.NS,89738.0
2025-07-08,HINDUNILVR.NS,89079.0
2025-07-09,HINDUNILVR.NS,90222.0
2025-07-10,HINDUNILVR.NS,89663.0
2025-07-11,HINDUNILVR.NS,93803.0
2025-07-14,HINDUNILVR.NS,93691.0
2025-07-15,HINDUNILVR.NS,94075.0
2025-07-16,HINDUNILVR.NS,93729.0
2025-07-17,HINDUNILVR.NS,93438.0
2025-07-18,HINDUNILVR.NS,92686.0
2025-07-21,HINDUNILVR.NS,91767.0
2025-07-22,HINDUNILVR.NS,92318.0
2025-07-23,HINDUNILVR.NS,91227.0
2025-07-24,HINDUNILVR.NS,90758.0
2025-07-25,HINDUNILVR.NS,89924.0
2025-07-28,HINDUNILVR.NS,90899.0
2025-07-29,HINDUNILVR.NS,91346.0
2025-07-30,HINDUNILVR.NS,90743.0
2025-07-31,HINDUNILVR.NS,93863.0
2025-08-01,HINDUNILVR.NS,95073.0
2025-08-04,HINDUNILVR.NS,94700.0
2025-08-05,HINDUNILVR.NS,94365.0
2025-08-06,HINDUNILVR.NS,94399.0
2025-08-07,HINDUNILVR.NS,93725.0
2025-08-08,HINDUNILVR.NS,93021.0
2025-08-11,HINDUNILVR.NS,93758.0
2025-08-12,HINDUNILVR.NS,92470.0
2025-08-13,HINDUNILVR.NS,92891.0
2025-08-14,HINDUNILVR.NS,92351.0
2025-08-18,HINDUNILVR.NS,95609.0
2025-08-19,HINDUNILVR.NS,96975.0
2025-08-20,HINDUNILVR.NS,99395.0
2025-08-21,HINDUNILVR.NS,98583.0
2025-08-22,HINDUNILVR.NS,97910.0
2025-08-25,HINDUNILVR.NS,97973.0
2025-08-26,HINDUNILVR.NS,100244.0
2025-08-28,HINDUNILVR.NS,98822.0
2025-08-29,HINDUNILVR.NS,99023.0
2025-09-01,HINDUNILVR.NS,98639.0
2025-09-02,HINDUNILVR.NS,99663.0
2025-09-03,HINDUNILVR.NS,99205.0
2025-09-04,HINDUNILVR.NS,99276.0
2025-09-05,HINDUNILVR.NS,98040.0
2025-09-08,HINDUNILVR.NS,97686.0
2025-09-09,HINDUNILVR.NS,98360.0
2025-09-10,HINDUNILVR.NS,98416.0
2025-09-11,HINDUNILVR.NS,97615.0
2025-09-12,HINDUNILVR.NS,96070.0
2025-09-15,HINDUNILVR.NS,96089.0
2025-09-16,HINDUNILVR.NS,96085.0
2025-09-17,HINDUNILVR.NS,95668.0
2025-09-18,HINDUNILVR.NS,96305.0
2025-09-19,HINDUNILVR.NS,95292.0
2025-09-22,HINDUNILVR.NS,95761.0
2025-09-23,HINDUNILVR.NS,93900.0
2025-09-24,HINDUNILVR.NS,94916.0
2025-09-25,HINDUNILVR.NS,94499.0
2025-09-26,HINDUNILVR.NS,93513.0
2025-09-29,HINDUNILVR.NS,92995.0
2025-09-30,HINDUNILVR.NS,93610.0
2025-10-01,HINDUNILVR.NS,94421.0
2025-10-03,HINDUNILVR.NS,94745.0
2025-10-06,HINDUNILVR.NS,94630.0
2025-10-07,HINDUNILVR.NS,93714.0
2025-10-08,HINDUNILVR.NS,93077.0
2025-10-09,HINDUNILVR.NS,93729.0
2025-10-10,HINDUNILVR.NS,94149.0
2025-10-13,HINDUNILVR.NS,92805.0
2025-10-14,HINDUNILVR.NS,93159.0
2025-10-15,HINDUNILVR.NS,93781.0
2025-10-16,HINDUNILVR.NS,95363.0
2025-10-17,HINDUNILVR.NS,96934.0
2025-10-20,HINDUNILVR.NS,96588.0
2025-10-21,HINDUNILVR.NS,96487.0
2025-10-23,HINDUNILVR.NS,96856.0
2025-10-24,HINDUNILVR.NS,93684.0
2025-10-27,HINDUNILVR.NS,93513.0
2025-10-28,HINDUNILVR.NS,92966.0
2025-10-29,HINDUNILVR.NS,92630.0
2025-10-30,HINDUNILVR.NS,91942.0
2025-10-31,HINDUNILVR.NS,91789.0
2025-11-03,HINDUNILVR.NS,91584.0
2025-11-04,HINDUNILVR.NS,91052.0
2025-11-06,HINDUNILVR.NS,90691.0
2025-11-07,HINDUNILVR.NS,89872.0
2025-11-10,HINDUNILVR.NS,89678.0
2025-11-11,HINDUNILVR.NS,90374.0
2025-11-12,HINDUNILVR.NS,90263.0
2025-11-13,HINDUNILVR.NS,89633.0
2025-11-14,HINDUNILVR.NS,90382.0
2025-11-17,HINDUNILVR.NS,90281.0
2025-11-18,HINDUNILVR.NS,89499.0
2025-11-19,HINDUNILVR.NS,90899.0
2025-11-20,HINDUNILVR.NS,90408.0
2025-11-21,HINDUNILVR.NS,90605.0
2025-11-24,HINDUNILVR.NS,90251.0
2025-11-25,HINDUNILVR.NS,89875.0
2025-11-26,HINDUNILVR.NS,90289.0
2025-11-27,HINDUNILVR.NS,91275.0
2025-11-28,HINDUNILVR.NS,91830.0
2025-12-01,HINDUNILVR.NS,91752.0
2025-12-02,HINDUNILVR.NS,92247.0
2025-12-03,HINDUNILVR.NS,91138.0
2025-12-04,HINDUNILVR.NS,91666.0
2025-12-05,HINDUNILVR.NS,87065.0
2025-12-08,HINDUNILVR.NS,86149.0
2025-12-09,HINDUNILVR.NS,85870.0
2025-12-10,HINDUNILVR.NS,85691.0
2025-12-11,HINDUNILVR.NS,85836.0
2025-12-12,HINDUNILVR.NS,84161.0
2025-12-15,HINDUNILVR.NS,85386.0
2025-12-16,HINDUNILVR.NS,84924.0
2025-12-17,HINDUNILVR.NS,84719.0
2025-12-18,HINDUNILVR.NS,84343.0
2025-12-19,HINDUNILVR.NS,84883.0
2025-12-22,HINDUNILVR.NS,85237.0
2025-12-23,HINDUNILVR.NS,85724.0
2025-12-24,HINDUNILVR.NS,84965.0
2025-12-26,HINDUNILVR.NS,85084.0
2025-12-29,HINDUNILVR.NS,85378.0
2025-12-30,HINDUNILVR.NS,85263.0
2025-12-31,HINDUNILVR.NS,86220.0
2026-01-01,HINDUNILVR.NS,86484.0
2026-01-02,HINDUNILVR.NS,87415.0
2026-01-05,HINDUNILVR.NS,88759.0
2026-01-06,HINDUNILVR.NS,90270.0
2026-01-07,HINDUNILVR.NS,89328.0
2026-01-08,HINDUNILVR.NS,88855.0
2026-01-09,HINDUNILVR.NS,88330.0
2026-01-12,HINDUNILVR.NS,89581.0
2026-01-13,HINDUNILVR.NS,88960.0
2026-01-14,HINDUNILVR.NS,87619.0
2026-01-15,HINDUNILVR.NS,87619.0
2026-01-16,HINDUNILVR.NS,87876.0
2026-01-19,HINDUNILVR.NS,89868.0
2026-01-20,HINDUNILVR.NS,88572.0
2026-01-21,HINDUNILVR.NS,88159.0
2026-01-22,HINDUNILVR.NS,89001.0
2026-01-23,HINDUNILVR.NS,89704.0
2026-01-27,HINDUNILVR.NS,89384.0
2026-01-28,HINDUNILVR.NS,88546.0
2026-01-29,HINDUNILVR.NS,87586.0
2026-01-30,HINDUNILVR.NS,88345.0
2026-02-02,HINDUNILVR.NS,87761.0
2026-02-03,HINDUNILVR.NS,88182.0
2026-02-04,HINDUNILVR.NS,88271.0
2026-02-05,HINDUNILVR.NS,87653.0
2026-02-06,HINDUNILVR.NS,90251.0
2026-02-09,HINDUNILVR.NS,90654.0
2026-02-10,HINDUNILVR.NS,91346.0
2026-02-11,HINDUNILVR.NS,91692.0
2026-02-12,HINDUNILVR.NS,89712.0
2026-02-13,HINDUNILVR.NS,85821.0
2026-02-16,HINDUNILVR.NS,86335.0
2026-02-17,HINDUNILVR.NS,86086.0
2026-02-18,HINDUNILVR.NS,86502.0
2026-02-19,HINDUNILVR.NS,84857.0
2026-02-20,HINDUNILVR.NS,86167.0
2026-02-23,HINDUNILVR.NS,87318.0
2026-02-24,HINDUNILVR.NS,87809.0
2026-02-25,HINDUNILVR.NS,88416.0
2026-02-26,HINDUNILVR.NS,88729.0
2026-02-27,HINDUNILVR.NS,87046.0
2026-03-02,HINDUNILVR.NS,86395.0
2026-03-04,HINDUNILVR.NS,84187.0
2026-03-05,HINDUNILVR.NS,83952.0
2026-03-06,HINDUNILVR.NS,82861.0
2026-03-09,HINDUNILVR.NS,81704.0
2026-03-10,HINDUNILVR.NS,81540.0
2026-03-11,HINDUNILVR.NS,80468.0
2026-03-12,HINDUNILVR.NS,79555.0
2026-03-13,HINDUNILVR.NS,80415.0
2026-03-16,HINDUNILVR.NS,81000.0
2026-03-17,HINDUNILVR.NS,80348.0
2026-03-18,HINDUNILVR.NS,79496.0
2026-03-19,HINDUNILVR.NS,77337.0
2026-03-20,HINDUNILVR.NS,77538.0
2026-03-23,HINDUNILVR.NS,76402.0
2026-03-24,HINDUNILVR.NS,77623.0
2026-03-25,HINDUNILVR.NS,79477.0
2026-03-27,HINDUNILVR.NS,77229.0
2026-03-30,HINDUNILVR.NS,76514.0
2026-04-01,HINDUNILVR.NS,76868.0
2026-04-02,HINDUNILVR.NS,76890.0
2026-04-06,HINDUNILVR.NS,77616.0
2026-04-07,HINDUNILVR.NS,78576.0
2026-04-08,HINDUNILVR.NS,79879.0
2026-04-09,HINDUNILVR.NS,79418.0
2026-04-10,HINDUNILVR.NS,80241.0
2026-04-13,HINDUNILVR.NS,79194.0
2026-04-15,HINDUNILVR.NS,80326.0
2026-04-16,HINDUNILVR.NS,79637.0
2026-04-17,HINDUNILVR.NS,83424.0
2026-04-20,HINDUNILVR.NS,83077.0
2026-04-21,HINDUNILVR.NS,86026.0
2026-04-22,HINDUNILVR.NS,88189.0
2026-04-23,HINDUNILVR.NS,88100.0
2026-04-24,HINDUNILVR.NS,86644.0
2026-04-27,HINDUNILVR.NS,86681.0
2026-04-28,HINDUNILVR.NS,85237.0
2026-04-29,HINDUNILVR.NS,86164.0
2026-04-30,HINDUNILVR.NS,83800.0
2026-05-01,HINDUNILVR.NS,83800.0
2026-05-04,HINDUNILVR.NS,85974.0
2026-05-05,HINDUNILVR.NS,86648.0
2026-05-06,HINDUNILVR.NS,86264.0
2026-05-07,HINDUNILVR.NS,84593.0
2026-05-08,HINDUNILVR.NS,85170.0
2026-05-11,HINDUNILVR.NS,85896.0
2026-05-12,HINDUNILVR.NS,84213.0
2026-05-13,HINDUNILVR.NS,84410.0
2026-05-14,HINDUNILVR.NS,83718.0
2026-05-15,HINDUNILVR.NS,84593.0
2026-05-18,HINDUNILVR.NS,83922.0
2026-05-19,HINDUNILVR.NS,83129.0
2026-05-20,HINDUNILVR.NS,82251.0
2026-05-21,HINDUNILVR.NS,81123.0
2026-05-22,HINDUNILVR.NS,82039.0
2026-05-25,HINDUNILVR.NS,81774.0
2026-05-26,HINDUNILVR.NS,82255.0
2026-05-27,HINDUNILVR.NS,81845.0
2026-05-28,HINDUNILVR.NS,81845.0
2026-05-29,HINDUNILVR.NS,80173.0
2026-06-01,HINDUNILVR.NS,77597.0
2026-06-02,HINDUNILVR.NS,77947.0
2026-06-03,HINDUNILVR.NS,77832.0
2026-06-04,HINDUNILVR.NS,77415.0
2026-06-05,HINDUNILVR.NS,78982.0
2026-06-08,HINDUNILVR.NS,78558.0
2026-06-09,HINDUNILVR.NS,79403.0
2026-06-10,HINDUNILVR.NS,80769.0
2026-06-11,HINDUNILVR.NS,79663.0
2026-06-12,HINDUNILVR.NS,80743.0
2026-06-15,HINDUNILVR.NS,80270.0
2026-06-16,HINDUNILVR.NS,81901.0
2026-06-17,HINDUNILVR.NS,81815.0
2026-06-18,HINDUNILVR.NS,82593.0
2026-06-19,HINDUNILVR.NS,81704.0
2026-06-22,HINDUNILVR.NS,81342.0
2026-06-23,HINDUNILVR.NS,80419.0
2026-06-24,HINDUNILVR.NS,80334.0
2026-06-25,HINDUNILVR.NS,80944.0
2026-06-26,HINDUNILVR.NS,80944.0
2026-06-29,HINDUNILVR.NS,80092.0
2026-06-30,HINDUNILVR.NS,78859.0
2026-07-01,HINDUNILVR.NS,81235.0
2026-07-02,HINDUNILVR.NS,82299.0
2026-07-03,HINDUNILVR.NS,81949.0
2026-07-06,HINDUNILVR.NS,81979.0
2026-07-07,HINDUNILVR.NS,82232.0
2026-07-08,HINDUNILVR.NS,79515.0
2026-07-09,HINDUNILVR.NS,79838.0
2026-07-10,HINDUNILVR.NS,80066.0
2026-07-13,HINDUNILVR.NS,79321.0
2026-07-14,HINDUNILVR.NS,78934.0
2026-07-15,HINDUNILVR.NS,78279.0
2026-07-16,HINDUNILVR.NS,78122.0
2026-07-17,HINDUNILVR.NS,79812.0
2026-07-20,HINDUNILVR.NS,79660.0
2026-07-21,HINDUNILVR.NS,79764.0
2026-07-22,HINDUNILVR.NS,80214.0
2026-07-23,HINDUNILVR.NS,80482.0
2026-07-24,HINDUNILVR.NS,79857.0
2026-07-27,HINDUNILVR.NS,80959.0
2026-07-28,HINDUNILVR.NS,75304.0
2026-07-29,HINDUNILVR.NS,78844.0
2026-07-30,HINDUNILVR.NS,78476.0
2026-07-31,HINDUNILVR.NS,78230.0
2026-08-03,HINDUNILVR.NS,79596.0
2026-08-04,HINDUNILVR.NS,78051.0
2026-08-05,HINDUNILVR.NS,77634.0
2026-08-06,HINDUNILVR.NS,77419.0
2026-08-07,HINDUNILVR.NS,78033.0
2026-08-10,HINDUNILVR.NS,77705.0
2026-08-11,HINDUNILVR.NS,76875.0
2026-08-12,HINDUNILVR.NS,76804.0
2026-08-13,HINDUNILVR.NS,77884.0
2026-08-14,HINDUNILVR.NS,77325.0
2026-08-17,HINDUNILVR.NS,76506.0
2026-08-18,HINDUNILVR.NS,75762.0
2026-08-19,HINDUNILVR.NS,75229.0
2026-08-20,HINDUNILVR.NS,75501.0
2026-08-21,HINDUNILVR.NS,75017.0
2026-08-24,HINDUNILVR.NS,75576.0
2026-08-25,HINDUNILVR.NS,75360.0
2026-08-26,HINDUNILVR.NS,75241.0
2026-08-27,HINDUNILVR.NS,74794.0
2026-08-28,HINDUNILVR.NS,74846.0
2026-08-31,HINDUNILVR.NS,73245.0
2026-09-01,HINDUNILVR.NS,74265.0
2026-09-02,HINDUNILVR.NS,73528.0
2026-09-03,HINDUNILVR.NS,73044.0
2026-09-04,HINDUNILVR.NS,73468.0
2026-09-07,HINDUNILVR.NS,72970.0
2026-09-08,HINDUNILVR.NS,73714.0
2026-09-09,HINDUNILVR.NS,72411.0
2026-09-10,HINDUNILVR.NS,72311.0
2026-09-11,HINDUNILVR.NS,71741.0
2026-09-14,HINDUNILVR.NS,71741.0
2026-09-15,HINDUNILVR.NS,72154.0
2026-09-16,HINDUNILVR.NS,73044.0
2026-09-17,HINDUNILVR.NS,72307.0
2026-09-18,HINDUNILVR.NS,71927.0
2026-09-21,HINDUNILVR.NS,72486.0
2026-09-22,HINDUNILVR.NS,71994.0
2026-09-23,HINDUNILVR.NS,72597.0
2026-09-24,HINDUNILVR.NS,71983.0
2026-09-25,HINDUNILVR.NS,72333.0
2026-09-28,HINDUNILVR.NS,70587.0
2026-09-29,HINDUNILVR.NS,69388.0
2026-09-30,HINDUNILVR.NS,69958.0
2026-10-01,HINDUNILVR.NS,68353.0
2026-10-02,HINDUNILVR.NS,68353.0
2026-10-05,HINDUNILVR.NS,68443.0
2026-10-06,HINDUNILVR.NS,70557.0
2021-10-06,ICICIBANK.NS,100000.0
2021-10-07,ICICIBANK.NS,101842.0
2021-10-08,ICICIBANK.NS,102016.0
2021-10-11,ICICIBANK.NS,103452.0
2021-10-12,ICICIBANK.NS,102770.0
2021-10-13,ICICIBANK.NS,102966.0
2021-10-14,ICICIBANK.NS,105482.0
2021-10-18,ICICIBANK.NS,108115.0
2021-10-19,ICICIBANK.NS,108405.0
2021-10-20,ICICIBANK.NS,108173.0
2021-10-21,ICICIBANK.NS,109572.0
2021-10-22,ICICIBANK.NS,110123.0
2021-10-25,ICICIBANK.NS,122074.0
2021-10-26,ICICIBANK.NS,120290.0
2021-10-27,ICICIBANK.NS,121102.0
2021-10-28,ICICIBANK.NS,115838.0
2021-10-29,ICICIBANK.NS,116323.0
2021-11-01,ICICIBANK.NS,116592.0
2021-11-02,ICICIBANK.NS,116164.0
2021-11-03,ICICIBANK.NS,113988.0
2021-11-04,ICICIBANK.NS,113430.0
2021-11-08,ICICIBANK.NS,113147.0
2021-11-09,ICICIBANK.NS,114075.0
2021-11-10,ICICIBANK.NS,113256.0
2021-11-11,ICICIBANK.NS,111885.0
2021-11-12,ICICIBANK.NS,112632.0
2021-11-15,ICICIBANK.NS,112154.0
2021-11-16,ICICIBANK.NS,110812.0
2021-11-17,ICICIBANK.NS,110413.0
2021-11-18,ICICIBANK.NS,110645.0
2021-11-22,ICICIBANK.NS,109065.0
2021-11-23,ICICIBANK.NS,109043.0
2021-11-24,ICICIBANK.NS,110254.0
2021-11-25,ICICIBANK.NS,108927.0
2021-11-26,ICICIBANK.NS,104743.0
2021-11-29,ICICIBANK.NS,104191.0
2021-11-30,ICICIBANK.NS,103604.0
2021-12-01,ICICIBANK.NS,105540.0
2021-12-02,ICICIBANK.NS,104772.0
2021-12-03,ICICIBANK.NS,103887.0
2021-12-06,ICICIBANK.NS,102908.0
2021-12-07,ICICIBANK.NS,106548.0
2021-12-08,ICICIBANK.NS,109268.0
2021-12-09,ICICIBANK.NS,109500.0
2021-12-10,ICICIBANK.NS,109935.0
2021-12-13,ICICIBANK.NS,109355.0
2021-12-14,ICICIBANK.NS,110029.0
2021-12-15,ICICIBANK.NS,109101.0
2021-12-16,ICICIBANK.NS,107491.0
2021-12-17,ICICIBANK.NS,105627.0
2021-12-20,ICICIBANK.NS,102966.0
2021-12-21,ICICIBANK.NS,104474.0
2021-12-22,ICICIBANK.NS,106280.0
2021-12-23,ICICIBANK.NS,106062.0
2021-12-24,ICICIBANK.NS,105453.0
2021-12-27,ICICIBANK.NS,106744.0
2021-12-28,ICICIBANK.NS,106715.0
2021-12-29,ICICIBANK.NS,106701.0
2021-12-30,ICICIBANK.NS,106701.0
2021-12-31,ICICIBANK.NS,107346.0
2022-01-03,ICICIBANK.NS,110906.0
2022-01-04,ICICIBANK.NS,112088.0
2022-01-05,ICICIBANK.NS,114293.0
2022-01-06,ICICIBANK.NS,113858.0
2022-01-07,ICICIBANK.NS,115047.0
2022-01-10,ICICIBANK.NS,117585.0
2022-01-11,ICICIBANK.NS,117571.0
2022-01-12,ICICIBANK.NS,119471.0
2022-01-13,ICICIBANK.NS,119608.0
2022-01-14,ICICIBANK.NS,118927.0
2022-01-17,ICICIBANK.NS,118825.0
2022-01-18,ICICIBANK.NS,119376.0
2022-01-19,ICICIBANK.NS,117273.0
2022-01-20,ICICIBANK.NS,117513.0
2022-01-21,ICICIBANK.NS,116679.0
2022-01-24,ICICIBANK.NS,115801.0
2022-01-25,ICICIBANK.NS,116265.0
2022-01-27,ICICIBANK.NS,115250.0
2022-01-28,ICICIBANK.NS,113292.0
2022-01-31,ICICIBANK.NS,114402.0
2022-02-01,ICICIBANK.NS,117520.0
2022-02-02,ICICIBANK.NS,118020.0
2022-02-03,ICICIBANK.NS,117324.0
2022-02-04,ICICIBANK.NS,116759.0
2022-02-07,ICICIBANK.NS,114054.0
2022-02-08,ICICIBANK.NS,114938.0
2022-02-09,ICICIBANK.NS,116432.0
2022-02-10,ICICIBANK.NS,116824.0
2022-02-11,ICICIBANK.NS,114692.0
2022-02-14,ICICIBANK.NS,109311.0
2022-02-15,ICICIBANK.NS,112553.0
2022-02-16,ICICIBANK.NS,110812.0
2022-02-17,ICICIBANK.NS,108825.0
2022-02-18,ICICIBANK.NS,108615.0
2022-02-21,ICICIBANK.NS,109420.0
2022-02-22,ICICIBANK.NS,108963.0
2022-02-23,ICICIBANK.NS,107991.0
2022-02-24,ICICIBANK.NS,102596.0
2022-02-25,ICICIBANK.NS,105881.0
2022-02-28,ICICIBANK.NS,107716.0
2022-03-02,ICICIBANK.NS,103677.0
2022-03-03,ICICIBANK.NS,101276.0
2022-03-04,ICICIBANK.NS,99790.0
2022-03-07,ICICIBANK.NS,94815.0
2022-03-08,ICICIBANK.NS,96447.0
2022-03-09,ICICIBANK.NS,96802.0
2022-03-10,ICICIBANK.NS,98129.0
2022-03-11,ICICIBANK.NS,98318.0
2022-03-14,ICICIBANK.NS,100964.0
2022-03-15,ICICIBANK.NS,101139.0
2022-03-16,ICICIBANK.NS,102683.0
2022-03-17,ICICIBANK.NS,104438.0
2022-03-21,ICICIBANK.NS,103082.0
2022-03-22,ICICIBANK.NS,104162.0
2022-03-23,ICICIBANK.NS,104177.0
2022-03-24,ICICIBANK.NS,102132.0
2022-03-25,ICICIBANK.NS,101414.0
2022-03-28,ICICIBANK.NS,103024.0
2022-03-29,ICICIBANK.NS,103742.0
2022-03-30,ICICIBANK.NS,106004.0
2022-03-31,ICICIBANK.NS,105917.0
2022-04-01,ICICIBANK.NS,106780.0
2022-04-04,ICICIBANK.NS,108281.0
2022-04-05,ICICIBANK.NS,107585.0
2022-04-06,ICICIBANK.NS,107556.0
2022-04-07,ICICIBANK.NS,108564.0
2022-04-08,ICICIBANK.NS,109398.0
2022-04-11,ICICIBANK.NS,110167.0
2022-04-12,ICICIBANK.NS,110783.0
2022-04-13,ICICIBANK.NS,110551.0
2022-04-18,ICICIBANK.NS,109906.0
2022-04-19,ICICIBANK.NS,111139.0
2022-04-20,ICICIBANK.NS,109579.0
2022-04-21,ICICIBANK.NS,110566.0
2022-04-22,ICICIBANK.NS,108434.0
2022-04-25,ICICIBANK.NS,109094.0
2022-04-26,ICICIBANK.NS,109318.0
2022-04-27,ICICIBANK.NS,106846.0
2022-04-28,ICICIBANK.NS,108361.0
2022-04-29,ICICIBANK.NS,107803.0
2022-05-02,ICICIBANK.NS,107469.0
2022-05-04,ICICIBANK.NS,105040.0
2022-05-05,ICICIBANK.NS,105700.0
2022-05-06,ICICIBANK.NS,104315.0
2022-05-09,ICICIBANK.NS,103024.0
2022-05-10,ICICIBANK.NS,103162.0
2022-05-11,ICICIBANK.NS,103582.0
2022-05-12,ICICIBANK.NS,100914.0
2022-05-13,ICICIBANK.NS,98238.0
2022-05-16,ICICIBANK.NS,99057.0
2022-05-17,ICICIBANK.NS,102973.0
2022-05-18,ICICIBANK.NS,102589.0
2022-05-19,ICICIBANK.NS,100116.0
2022-05-20,ICICIBANK.NS,102908.0
2022-05-23,ICICIBANK.NS,103125.0
2022-05-24,ICICIBANK.NS,102705.0
2022-05-25,ICICIBANK.NS,103459.0
2022-05-26,ICICIBANK.NS,105656.0
2022-05-27,ICICIBANK.NS,107295.0
2022-05-30,ICICIBANK.NS,108557.0
2022-05-31,ICICIBANK.NS,109188.0
2022-06-01,ICICIBANK.NS,109159.0
2022-06-02,ICICIBANK.NS,108738.0
2022-06-03,ICICIBANK.NS,107948.0
2022-06-06,ICICIBANK.NS,108303.0
2022-06-07,ICICIBANK.NS,106635.0
2022-06-08,ICICIBANK.NS,105801.0
2022-06-09,ICICIBANK.NS,106273.0
2022-06-10,ICICIBANK.NS,104423.0
2022-06-13,ICICIBANK.NS,99782.0
2022-06-14,ICICIBANK.NS,99420.0
2022-06-15,ICICIBANK.NS,99674.0
2022-06-16,ICICIBANK.NS,98405.0
2022-06-17,ICICIBANK.NS,99616.0
2022-06-20,ICICIBANK.NS,99485.0
2022-06-21,ICICIBANK.NS,100957.0
2022-06-22,ICICIBANK.NS,99579.0
2022-06-23,ICICIBANK.NS,101400.0
2022-06-24,ICICIBANK.NS,103474.0
2022-06-27,ICICIBANK.NS,104039.0
2022-06-28,ICICIBANK.NS,103017.0
2022-06-29,ICICIBANK.NS,101922.0
2022-06-30,ICICIBANK.NS,102567.0
2022-07-01,ICICIBANK.NS,102088.0
2022-07-04,ICICIBANK.NS,104438.0
2022-07-05,ICICIBANK.NS,104344.0
2022-07-06,ICICIBANK.NS,105286.0
2022-07-07,ICICIBANK.NS,107614.0
2022-07-08,ICICIBANK.NS,109601.0
2022-07-11,ICICIBANK.NS,111603.0
2022-07-12,ICICIBANK.NS,110210.0
2022-07-13,ICICIBANK.NS,109239.0
2022-07-14,ICICIBANK.NS,109123.0
2022-07-15,ICICIBANK.NS,108949.0
2022-07-18,ICICIBANK.NS,111965.0
2022-07-19,ICICIBANK.NS,113220.0
2022-07-20,ICICIBANK.NS,113575.0
2022-07-21,ICICIBANK.NS,113996.0
2022-07-22,ICICIBANK.NS,116033.0
2022-07-25,ICICIBANK.NS,116157.0
2022-07-26,ICICIBANK.NS,115489.0
2022-07-27,ICICIBANK.NS,116099.0
2022-07-28,ICICIBANK.NS,118144.0
2022-07-29,ICICIBANK.NS,118724.0
2022-08-01,ICICIBANK.NS,119420.0
2022-08-02,ICICIBANK.NS,118600.0
2022-08-03,ICICIBANK.NS,119623.0
2022-08-04,ICICIBANK.NS,118963.0
2022-08-05,ICICIBANK.NS,121566.0
2022-08-08,ICICIBANK.NS,121385.0
2022-08-10,ICICIBANK.NS,123096.0
2022-08-11,ICICIBANK.NS,124685.0
2022-08-12,ICICIBANK.NS,126817.0
2022-08-16,ICICIBANK.NS,127520.0
2022-08-17,ICICIBANK.NS,128100.0
2022-08-18,ICICIBANK.NS,128368.0
2022-08-19,ICICIBANK.NS,126236.0
2022-08-22,ICICIBANK.NS,123604.0
2022-08-23,ICICIBANK.NS,125294.0
2022-08-24,ICICIBANK.NS,126657.0
2022-08-25,ICICIBANK.NS,126519.0
2022-08-26,ICICIBANK.NS,126302.0
2022-08-29,ICICIBANK.NS,124126.0
2022-08-30,ICICIBANK.NS,128687.0
2022-09-01,ICICIBANK.NS,126809.0
2022-09-02,ICICIBANK.NS,126526.0
2022-09-05,ICICIBANK.NS,127984.0
2022-09-06,ICICIBANK.NS,128158.0
2022-09-07,ICICIBANK.NS,127078.0
2022-09-08,ICICIBANK.NS,130355.0
2022-09-09,ICICIBANK.NS,130711.0
2022-09-12,ICICIBANK.NS,131574.0
2022-09-13,ICICIBANK.NS,131980.0
2022-09-14,ICICIBANK.NS,133154.0
2022-09-15,ICICIBANK.NS,133082.0
2022-09-16,ICICIBANK.NS,131849.0
2022-09-19,ICICIBANK.NS,130413.0
2022-09-20,ICICIBANK.NS,132959.0
2022-09-21,ICICIBANK.NS,132741.0
2022-09-22,ICICIBANK.NS,131022.0
2022-09-23,ICICIBANK.NS,127955.0
2022-09-26,ICICIBANK.NS,124880.0
2022-09-27,ICICIBANK.NS,123648.0
2022-09-28,ICICIBANK.NS,123205.0
2022-09-29,ICICIBANK.NS,122393.0
2022-09-30,ICICIBANK.NS,125018.0
2022-10-03,ICICIBANK.NS,123038.0
2022-10-04,ICICIBANK.NS,125838.0
2022-10-06,ICICIBANK.NS,128419.0
2022-10-07,ICICIBANK.NS,127999.0
2022-10-10,ICICIBANK.NS,127883.0
2022-10-11,ICICIBANK.NS,126265.0
2022-10-12,ICICIBANK.NS,125939.0
2022-10-13,ICICIBANK.NS,123800.0
2022-10-14,ICICIBANK.NS,126215.0
2022-10-17,ICICIBANK.NS,128383.0
2022-10-18,ICICIBANK.NS,130080.0
2022-10-19,ICICIBANK.NS,129384.0
2022-10-20,ICICIBANK.NS,128883.0
2022-10-21,ICICIBANK.NS,131566.0
2022-10-24,ICICIBANK.NS,134344.0
2022-10-25,ICICIBANK.NS,134162.0
2022-10-27,ICICIBANK.NS,134068.0
2022-10-28,ICICIBANK.NS,131668.0
2022-10-31,ICICIBANK.NS,131791.0
2022-11-01,ICICIBANK.NS,131777.0
2022-11-02,ICICIBANK.NS,131211.0
2022-11-03,ICICIBANK.NS,131784.0
2022-11-04,ICICIBANK.NS,131298.0
2022-11-07,ICICIBANK.NS,133067.0
2022-11-09,ICICIBANK.NS,132052.0
2022-11-10,ICICIBANK.NS,132081.0
2022-11-11,ICICIBANK.NS,131479.0
2022-11-14,ICICIBANK.NS,129797.0
2022-11-15,ICICIBANK.NS,132226.0
2022-11-16,ICICIBANK.NS,132502.0
2022-11-17,ICICIBANK.NS,133401.0
2022-11-18,ICICIBANK.NS,133481.0
2022-11-21,ICICIBANK.NS,133633.0
2022-11-22,ICICIBANK.NS,133967.0
2022-11-23,ICICIBANK.NS,134511.0
2022-11-24,ICICIBANK.NS,136164.0
2022-11-25,ICICIBANK.NS,134924.0
2022-11-28,ICICIBANK.NS,135954.0
2022-11-29,ICICIBANK.NS,137310.0
2022-11-30,ICICIBANK.NS,138202.0
2022-12-01,ICICIBANK.NS,136360.0
2022-12-02,ICICIBANK.NS,134967.0
2022-12-05,ICICIBANK.NS,135402.0
2022-12-06,ICICIBANK.NS,133814.0
2022-12-07,ICICIBANK.NS,133742.0
2022-12-08,ICICIBANK.NS,135156.0
2022-12-09,ICICIBANK.NS,134866.0
2022-12-12,ICICIBANK.NS,134924.0
2022-12-13,ICICIBANK.NS,135308.0
2022-12-14,ICICIBANK.NS,133684.0
2022-12-15,ICICIBANK.NS,131806.0
2022-12-16,ICICIBANK.NS,130819.0
2022-12-19,ICICIBANK.NS,131465.0
2022-12-20,ICICIBANK.NS,131936.0
2022-12-21,ICICIBANK.NS,129405.0
2022-12-22,ICICIBANK.NS,129173.0
2022-12-23,ICICIBANK.NS,127469.0
2022-12-26,ICICIBANK.NS,129543.0
2022-12-27,ICICIBANK.NS,130624.0
2022-12-28,ICICIBANK.NS,130377.0
2022-12-29,ICICIBANK.NS,131697.0
2022-12-30,ICICIBANK.NS,129202.0
2023-01-02,ICICIBANK.NS,130885.0
2023-01-03,ICICIBANK.NS,130725.0
2023-01-04,ICICIBANK.NS,130399.0
2023-01-05,ICICIBANK.NS,127505.0
2023-01-06,ICICIBANK.NS,126193.0
2023-01-09,ICICIBANK.NS,126664.0
2023-01-10,ICICIBANK.NS,124924.0
2023-01-11,ICICIBANK.NS,125642.0
2023-01-12,ICICIBANK.NS,124822.0
2023-01-13,ICICIBANK.NS,126679.0
2023-01-16,ICICIBANK.NS,125489.0
2023-01-17,ICICIBANK.NS,125475.0
2023-01-18,ICICIBANK.NS,126106.0
2023-01-19,ICICIBANK.NS,125620.0
2023-01-20,ICICIBANK.NS,126229.0
2023-01-23,ICICIBANK.NS,126425.0
2023-01-24,ICICIBANK.NS,126287.0
2023-01-25,ICICIBANK.NS,124046.0
2023-01-27,ICICIBANK.NS,118521.0
2023-01-30,ICICIBANK.NS,119434.0
2023-01-31,ICICIBANK.NS,120653.0
2023-02-01,ICICIBANK.NS,122980.0
2023-02-02,ICICIBANK.NS,124423.0
2023-02-03,ICICIBANK.NS,125279.0
2023-02-06,ICICIBANK.NS,123814.0
2023-02-07,ICICIBANK.NS,123677.0
2023-02-08,ICICIBANK.NS,124598.0
2023-02-09,ICICIBANK.NS,124844.0
2023-02-10,ICICIBANK.NS,123836.0
2023-02-13,ICICIBANK.NS,123372.0
2023-02-14,ICICIBANK.NS,125497.0
2023-02-15,ICICIBANK.NS,126294.0
2023-02-16,ICICIBANK.NS,126099.0
2023-02-17,ICICIBANK.NS,125112.0
2023-02-20,ICICIBANK.NS,123582.0
2023-02-21,ICICIBANK.NS,123887.0
2023-02-22,ICICIBANK.NS,121719.0
2023-02-23,ICICIBANK.NS,121791.0
2023-02-24,ICICIBANK.NS,121784.0
2023-02-27,ICICIBANK.NS,124206.0
2023-02-28,ICICIBANK.NS,123981.0
2023-03-01,ICICIBANK.NS,124191.0
2023-03-02,ICICIBANK.NS,123858.0
2023-03-03,ICICIBANK.NS,125968.0
2023-03-06,ICICIBANK.NS,125852.0
2023-03-08,ICICIBANK.NS,126483.0
2023-03-09,ICICIBANK.NS,124141.0
2023-03-10,ICICIBANK.NS,122212.0
2023-03-13,ICICIBANK.NS,120145.0
2023-03-14,ICICIBANK.NS,120428.0
2023-03-15,ICICIBANK.NS,119782.0
2023-03-16,ICICIBANK.NS,119492.0
2023-03-17,ICICIBANK.NS,121284.0
2023-03-20,ICICIBANK.NS,121313.0
2023-03-21,ICICIBANK.NS,123626.0
2023-03-22,ICICIBANK.NS,124757.0
2023-03-23,ICICIBANK.NS,124068.0
2023-03-24,ICICIBANK.NS,123626.0
2023-03-27,ICICIBANK.NS,123089.0
2023-03-28,ICICIBANK.NS,123967.0
2023-03-29,ICICIBANK.NS,123423.0
2023-03-31,ICICIBANK.NS,127230.0
2023-04-03,ICICIBANK.NS,128180.0
2023-04-05,ICICIBANK.NS,128296.0
2023-04-06,ICICIBANK.NS,126904.0
2023-04-10,ICICIBANK.NS,125954.0
2023-04-11,ICICIBANK.NS,127904.0
2023-04-12,ICICIBANK.NS,129101.0
2023-04-13,ICICIBANK.NS,130384.0
2023-04-17,ICICIBANK.NS,130718.0
2023-04-18,ICICIBANK.NS,130073.0
2023-04-19,ICICIBANK.NS,129355.0
2023-04-20,ICICIBANK.NS,129717.0
2023-04-21,ICICIBANK.NS,128448.0
2023-04-24,ICICIBANK.NS,131218.0
2023-04-25,ICICIBANK.NS,132480.0
2023-04-26,ICICIBANK.NS,132698.0
2023-04-27,ICICIBANK.NS,133191.0
2023-04-28,ICICIBANK.NS,133089.0
2023-05-02,ICICIBANK.NS,133735.0
2023-05-03,ICICIBANK.NS,133843.0
2023-05-04,ICICIBANK.NS,133677.0
2023-05-05,ICICIBANK.NS,134438.0
2023-05-08,ICICIBANK.NS,136026.0
2023-05-09,ICICIBANK.NS,135518.0
2023-05-10,ICICIBANK.NS,135758.0
2023-05-11,ICICIBANK.NS,136215.0
2023-05-12,ICICIBANK.NS,136896.0
2023-05-15,ICICIBANK.NS,137165.0
2023-05-16,ICICIBANK.NS,137252.0
2023-05-17,ICICIBANK.NS,136236.0
2023-05-18,ICICIBANK.NS,137273.0
2023-05-19,ICICIBANK.NS,138405.0
2023-05-22,ICICIBANK.NS,137832.0
2023-05-23,ICICIBANK.NS,138274.0
2023-05-24,ICICIBANK.NS,136425.0
2023-05-25,ICICIBANK.NS,136309.0
2023-05-26,ICICIBANK.NS,137883.0
2023-05-29,ICICIBANK.NS,137513.0
2023-05-30,ICICIBANK.NS,137774.0
2023-05-31,ICICIBANK.NS,137658.0
2023-06-01,ICICIBANK.NS,135765.0
2023-06-02,ICICIBANK.NS,136062.0
2023-06-05,ICICIBANK.NS,137310.0
2023-06-06,ICICIBANK.NS,136635.0
2023-06-07,ICICIBANK.NS,136360.0
2023-06-08,ICICIBANK.NS,136026.0
2023-06-09,ICICIBANK.NS,136048.0
2023-06-12,ICICIBANK.NS,135743.0
2023-06-13,ICICIBANK.NS,136846.0
2023-06-14,ICICIBANK.NS,136302.0
2023-06-15,ICICIBANK.NS,134387.0
2023-06-16,ICICIBANK.NS,135489.0
2023-06-19,ICICIBANK.NS,133887.0
2023-06-20,ICICIBANK.NS,134235.0
2023-06-21,ICICIBANK.NS,134112.0
2023-06-22,ICICIBANK.NS,134264.0
2023-06-23,ICICIBANK.NS,133938.0
2023-06-26,ICICIBANK.NS,134511.0
2023-06-27,ICICIBANK.NS,135765.0
2023-06-28,ICICIBANK.NS,135961.0
2023-06-30,ICICIBANK.NS,135547.0
2023-07-03,ICICIBANK.NS,136701.0
2023-07-04,ICICIBANK.NS,137012.0
2023-07-05,ICICIBANK.NS,138941.0
2023-07-06,ICICIBANK.NS,139144.0
2023-07-07,ICICIBANK.NS,137259.0
2023-07-10,ICICIBANK.NS,137549.0
2023-07-11,ICICIBANK.NS,137049.0
2023-07-12,ICICIBANK.NS,136969.0
2023-07-13,ICICIBANK.NS,138608.0
2023-07-14,ICICIBANK.NS,139239.0
2023-07-17,ICICIBANK.NS,140493.0
2023-07-18,ICICIBANK.NS,141472.0
2023-07-19,ICICIBANK.NS,141182.0
2023-07-20,ICICIBANK.NS,144394.0
2023-07-21,ICICIBANK.NS,144598.0
2023-07-24,ICICIBANK.NS,143872.0
2023-07-25,ICICIBANK.NS,144264.0
2023-07-26,ICICIBANK.NS,144518.0
2023-07-27,ICICIBANK.NS,143619.0
2023-07-28,ICICIBANK.NS,144482.0
2023-07-31,ICICIBANK.NS,144786.0
2023-08-01,ICICIBANK.NS,144242.0
2023-08-02,ICICIBANK.NS,143140.0
2023-08-03,ICICIBANK.NS,139956.0
2023-08-04,ICICIBANK.NS,140754.0
2023-08-07,ICICIBANK.NS,141501.0
2023-08-08,ICICIBANK.NS,142117.0
2023-08-09,ICICIBANK.NS,141073.0
2023-08-10,ICICIBANK.NS,139826.0
2023-08-11,ICICIBANK.NS,138194.0
2023-08-14,ICICIBANK.NS,139166.0
2023-08-16,ICICIBANK.NS,138724.0
2023-08-17,ICICIBANK.NS,138020.0
2023-08-18,ICICIBANK.NS,137875.0
2023-08-21,ICICIBANK.NS,138535.0
2023-08-22,ICICIBANK.NS,138071.0
2023-08-23,ICICIBANK.NS,140225.0
2023-08-24,ICICIBANK.NS,140529.0
2023-08-25,ICICIBANK.NS,140740.0
2023-08-28,ICICIBANK.NS,140761.0
2023-08-29,ICICIBANK.NS,140355.0
2023-08-30,ICICIBANK.NS,139072.0
2023-08-31,ICICIBANK.NS,139050.0
2023-09-01,ICICIBANK.NS,140493.0
2023-09-04,ICICIBANK.NS,140297.0
2023-09-05,ICICIBANK.NS,140450.0
2023-09-06,ICICIBANK.NS,138869.0
2023-09-07,ICICIBANK.NS,140051.0
2023-09-08,ICICIBANK.NS,140761.0
2023-09-11,ICICIBANK.NS,141878.0
2023-09-12,ICICIBANK.NS,143655.0
2023-09-13,ICICIBANK.NS,143553.0
2023-09-14,ICICIBANK.NS,143249.0
2023-09-15,ICICIBANK.NS,143938.0
2023-09-18,ICICIBANK.NS,143611.0
2023-09-20,ICICIBANK.NS,143169.0
2023-09-21,ICICIBANK.NS,139130.0
2023-09-22,ICICIBANK.NS,137825.0
2023-09-25,ICICIBANK.NS,138702.0
2023-09-26,ICICIBANK.NS,137592.0
2023-09-27,ICICIBANK.NS,136780.0
2023-09-28,ICICIBANK.NS,136708.0
2023-09-29,ICICIBANK.NS,138057.0
2023-10-03,ICICIBANK.NS,136374.0
2023-10-04,ICICIBANK.NS,134888.0
2023-10-05,ICICIBANK.NS,136454.0
2023-10-06,ICICIBANK.NS,137085.0
2023-10-09,ICICIBANK.NS,136128.0
2023-10-10,ICICIBANK.NS,137955.0
2023-10-11,ICICIBANK.NS,138231.0
2023-10-12,ICICIBANK.NS,138397.0
2023-10-13,ICICIBANK.NS,137970.0
2023-10-16,ICICIBANK.NS,137984.0
2023-10-17,ICICIBANK.NS,138347.0
2023-10-18,ICICIBANK.NS,136875.0
2023-10-19,ICICIBANK.NS,135714.0
2023-10-20,ICICIBANK.NS,135279.0
2023-10-23,ICICIBANK.NS,134873.0
2023-10-25,ICICIBANK.NS,132864.0
2023-10-26,ICICIBANK.NS,131784.0
2023-10-27,ICICIBANK.NS,132379.0
2023-10-30,ICICIBANK.NS,134141.0
2023-10-31,ICICIBANK.NS,132756.0
2023-11-01,ICICIBANK.NS,132567.0
2023-11-02,ICICIBANK.NS,133423.0
2023-11-03,ICICIBANK.NS,135431.0
2023-11-06,ICICIBANK.NS,137121.0
2023-11-07,ICICIBANK.NS,137505.0
2023-11-08,ICICIBANK.NS,135714.0
2023-11-09,ICICIBANK.NS,135946.0
2023-11-10,ICICIBANK.NS,136128.0
2023-11-13,ICICIBANK.NS,135526.0
2023-11-15,ICICIBANK.NS,136490.0
2023-11-16,ICICIBANK.NS,135751.0
2023-11-17,ICICIBANK.NS,133698.0
2023-11-20,ICICIBANK.NS,133640.0
2023-11-21,ICICIBANK.NS,134315.0
2023-11-22,ICICIBANK.NS,133829.0
2023-11-23,ICICIBANK.NS,133865.0
2023-11-24,ICICIBANK.NS,134793.0
2023-11-28,ICICIBANK.NS,134228.0
2023-11-29,ICICIBANK.NS,136273.0
2023-11-30,ICICIBANK.NS,135598.0
2023-12-01,ICICIBANK.NS,137302.0
2023-12-04,ICICIBANK.NS,143756.0
2023-12-05,ICICIBANK.NS,146983.0
2023-12-06,ICICIBANK.NS,145504.0
2023-12-07,ICICIBANK.NS,144888.0
2023-12-08,ICICIBANK.NS,146606.0
2023-12-11,ICICIBANK.NS,147513.0
2023-12-12,ICICIBANK.NS,147310.0
2023-12-13,ICICIBANK.NS,147049.0
2023-12-14,ICICIBANK.NS,149913.0
2023-12-15,ICICIBANK.NS,150457.0
2023-12-18,ICICIBANK.NS,148144.0
2023-12-19,ICICIBANK.NS,147273.0
2023-12-20,ICICIBANK.NS,145997.0
2023-12-21,ICICIBANK.NS,145671.0
2023-12-22,ICICIBANK.NS,144206.0
2023-12-26,ICICIBANK.NS,144322.0
2023-12-27,ICICIBANK.NS,145359.0
2023-12-28,ICICIBANK.NS,145888.0
2023-12-29,ICICIBANK.NS,144540.0
2024-01-01,ICICIBANK.NS,144946.0
2024-01-02,ICICIBANK.NS,142458.0
2024-01-03,ICICIBANK.NS,142719.0
2024-01-04,ICICIBANK.NS,143169.0
2024-01-05,ICICIBANK.NS,144119.0
2024-01-08,ICICIBANK.NS,142422.0
2024-01-09,ICICIBANK.NS,142096.0
2024-01-10,ICICIBANK.NS,144025.0
2024-01-11,ICICIBANK.NS,143749.0
2024-01-12,ICICIBANK.NS,145540.0
2024-01-15,ICICIBANK.NS,146461.0
2024-01-16,ICICIBANK.NS,146345.0
2024-01-17,ICICIBANK.NS,142386.0
2024-01-18,ICICIBANK.NS,143053.0
2024-01-19,ICICIBANK.NS,144917.0
2024-01-23,ICICIBANK.NS,149246.0
2024-01-24,ICICIBANK.NS,144917.0
2024-01-25,ICICIBANK.NS,146476.0
2024-01-29,ICICIBANK.NS,147411.0
2024-01-30,ICICIBANK.NS,147484.0
2024-01-31,ICICIBANK.NS,149115.0
2024-02-01,ICICIBANK.NS,148680.0
2024-02-02,ICICIBANK.NS,148513.0
2024-02-05,ICICIBANK.NS,148441.0
2024-02-06,ICICIBANK.NS,148861.0
2024-02-07,ICICIBANK.NS,148245.0
2024-02-08,ICICIBANK.NS,143481.0
2024-02-09,ICICIBANK.NS,146584.0
2024-02-12,ICICIBANK.NS,144467.0
2024-02-13,ICICIBANK.NS,147904.0
2024-02-14,ICICIBANK.NS,148325.0
2024-02-15,ICICIBANK.NS,147447.0
2024-02-16,ICICIBANK.NS,148405.0
2024-02-19,ICICIBANK.NS,151378.0
2024-02-20,ICICIBANK.NS,152103.0
2024-02-21,ICICIBANK.NS,152567.0
2024-02-22,ICICIBANK.NS,154126.0
2024-02-23,ICICIBANK.NS,153923.0
2024-02-26,ICICIBANK.NS,152893.0
2024-02-27,ICICIBANK.NS,153764.0
2024-02-28,ICICIBANK.NS,151733.0
2024-02-29,ICICIBANK.NS,152603.0
2024-03-01,ICICIBANK.NS,157636.0
2024-03-04,ICICIBANK.NS,158426.0
2024-03-05,ICICIBANK.NS,157803.0
2024-03-06,ICICIBANK.NS,159115.0
2024-03-07,ICICIBANK.NS,157788.0
2024-03-11,ICICIBANK.NS,156447.0
2024-03-12,ICICIBANK.NS,156178.0
2024-03-13,ICICIBANK.NS,157208.0
2024-03-14,ICICIBANK.NS,157157.0
2024-03-15,ICICIBANK.NS,156686.0
2024-03-18,ICICIBANK.NS,156809.0
2024-03-19,ICICIBANK.NS,157208.0
2024-03-20,ICICIBANK.NS,157288.0
2024-03-21,ICICIBANK.NS,156896.0
2024-03-22,ICICIBANK.NS,158129.0
2024-03-26,ICICIBANK.NS,157172.0
2024-03-27,ICICIBANK.NS,157179.0
2024-03-28,ICICIBANK.NS,158564.0
2024-04-01,ICICIBANK.NS,159485.0
2024-04-02,ICICIBANK.NS,156809.0
2024-04-03,ICICIBANK.NS,156229.0
2024-04-04,ICICIBANK.NS,156468.0
2024-04-05,ICICIBANK.NS,157128.0
2024-04-08,ICICIBANK.NS,157672.0
2024-04-09,ICICIBANK.NS,160558.0
2024-04-10,ICICIBANK.NS,160899.0
2024-04-12,ICICIBANK.NS,160174.0
2024-04-15,ICICIBANK.NS,156396.0
2024-04-16,ICICIBANK.NS,154757.0
2024-04-18,ICICIBANK.NS,153075.0
2024-04-19,ICICIBANK.NS,154786.0
2024-04-22,ICICIBANK.NS,157600.0
2024-04-23,ICICIBANK.NS,158122.0
2024-04-24,ICICIBANK.NS,159065.0
2024-04-25,ICICIBANK.NS,161530.0
2024-04-26,ICICIBANK.NS,160682.0
2024-04-29,ICICIBANK.NS,168260.0
2024-04-30,ICICIBANK.NS,166846.0
2024-05-02,ICICIBANK.NS,165257.0
2024-05-03,ICICIBANK.NS,165635.0
2024-05-06,ICICIBANK.NS,166251.0
2024-05-07,ICICIBANK.NS,164162.0
2024-05-08,ICICIBANK.NS,162872.0
2024-05-09,ICICIBANK.NS,161813.0
2024-05-10,ICICIBANK.NS,162009.0
2024-05-13,ICICIBANK.NS,163597.0
2024-05-14,ICICIBANK.NS,162516.0
2024-05-15,ICICIBANK.NS,163067.0
2024-05-16,ICICIBANK.NS,164039.0
2024-05-17,ICICIBANK.NS,163959.0
2024-05-21,ICICIBANK.NS,162574.0
2024-05-22,ICICIBANK.NS,161146.0
2024-05-23,ICICIBANK.NS,164540.0
2024-05-24,ICICIBANK.NS,164170.0
2024-05-27,ICICIBANK.NS,163858.0
2024-05-28,ICICIBANK.NS,163445.0
2024-05-29,ICICIBANK.NS,159826.0
2024-05-30,ICICIBANK.NS,161523.0
2024-05-31,ICICIBANK.NS,162589.0
2024-06-03,ICICIBANK.NS,168238.0
2024-06-04,ICICIBANK.NS,155395.0
2024-06-05,ICICIBANK.NS,160790.0
2024-06-06,ICICIBANK.NS,161044.0
2024-06-07,ICICIBANK.NS,162683.0
2024-06-10,ICICIBANK.NS,162988.0
2024-06-11,ICICIBANK.NS,162175.0
2024-06-12,ICICIBANK.NS,162371.0
2024-06-13,ICICIBANK.NS,160602.0
2024-06-14,ICICIBANK.NS,160355.0
2024-06-18,ICICIBANK.NS,162850.0
2024-06-19,ICICIBANK.NS,165983.0
2024-06-20,ICICIBANK.NS,167774.0
2024-06-21,ICICIBANK.NS,168042.0
2024-06-24,ICICIBANK.NS,169703.0
2024-06-25,ICICIBANK.NS,173742.0
2024-06-26,ICICIBANK.NS,176650.0
2024-06-27,ICICIBANK.NS,176925.0
2024-06-28,ICICIBANK.NS,173981.0
2024-07-01,ICICIBANK.NS,175758.0
2024-07-02,ICICIBANK.NS,172676.0
2024-07-03,ICICIBANK.NS,174271.0
2024-07-04,ICICIBANK.NS,178825.0
2024-07-05,ICICIBANK.NS,178883.0
2024-07-08,ICICIBANK.NS,179123.0
2024-07-09,ICICIBANK.NS,181037.0
2024-07-10,ICICIBANK.NS,180305.0
2024-07-11,ICICIBANK.NS,179616.0
2024-07-12,ICICIBANK.NS,178811.0
2024-07-15,ICICIBANK.NS,178383.0
2024-07-16,ICICIBANK.NS,179826.0
2024-07-18,ICICIBANK.NS,181334.0
2024-07-19,ICICIBANK.NS,181095.0
2024-07-22,ICICIBANK.NS,180007.0
2024-07-23,ICICIBANK.NS,177919.0
2024-07-24,ICICIBANK.NS,177375.0
2024-07-25,ICICIBANK.NS,173735.0
2024-07-26,ICICIBANK.NS,175083.0
2024-07-29,ICICIBANK.NS,175881.0
2024-07-30,ICICIBANK.NS,175410.0
2024-07-31,ICICIBANK.NS,176200.0
2024-08-01,ICICIBANK.NS,175504.0
2024-08-02,ICICIBANK.NS,173539.0
2024-08-05,ICICIBANK.NS,170065.0
2024-08-06,ICICIBANK.NS,169231.0
2024-08-07,ICICIBANK.NS,170044.0
2024-08-08,ICICIBANK.NS,168905.0
2024-08-09,ICICIBANK.NS,169920.0
2024-08-12,ICICIBANK.NS,170094.0
2024-08-13,ICICIBANK.NS,169449.0
2024-08-14,ICICIBANK.NS,168477.0
2024-08-16,ICICIBANK.NS,172190.0
2024-08-19,ICICIBANK.NS,170544.0
2024-08-20,ICICIBANK.NS,171059.0
2024-08-21,ICICIBANK.NS,170392.0
2024-08-22,ICICIBANK.NS,172748.0
2024-08-23,ICICIBANK.NS,174547.0
2024-08-26,ICICIBANK.NS,175968.0
2024-08-27,ICICIBANK.NS,177861.0
2024-08-28,ICICIBANK.NS,177498.0
2024-08-29,ICICIBANK.NS,177215.0
2024-08-30,ICICIBANK.NS,178274.0
2024-09-02,ICICIBANK.NS,178383.0
2024-09-03,ICICIBANK.NS,180957.0
2024-09-04,ICICIBANK.NS,179311.0
2024-09-05,ICICIBANK.NS,179253.0
2024-09-06,ICICIBANK.NS,175221.0
2024-09-09,ICICIBANK.NS,179115.0
2024-09-10,ICICIBANK.NS,179449.0
2024-09-11,ICICIBANK.NS,179311.0
2024-09-12,ICICIBANK.NS,181603.0
2024-09-13,ICICIBANK.NS,181342.0
2024-09-16,ICICIBANK.NS,183154.0
2024-09-17,ICICIBANK.NS,183916.0
2024-09-18,ICICIBANK.NS,186853.0
2024-09-19,ICICIBANK.NS,187382.0
2024-09-20,ICICIBANK.NS,194119.0
2024-09-23,ICICIBANK.NS,191719.0
2024-09-24,ICICIBANK.NS,191240.0
2024-09-25,ICICIBANK.NS,192001.0
2024-09-26,ICICIBANK.NS,192756.0
2024-09-27,ICICIBANK.NS,189500.0
2024-09-30,ICICIBANK.NS,184627.0
2024-10-01,ICICIBANK.NS,184830.0
2024-10-03,ICICIBANK.NS,182212.0
2024-10-04,ICICIBANK.NS,179804.0
2024-10-07,ICICIBANK.NS,178956.0
2024-10-08,ICICIBANK.NS,179347.0
2024-10-09,ICICIBANK.NS,180442.0
2024-10-10,ICICIBANK.NS,180348.0
2024-10-11,ICICIBANK.NS,177375.0
2024-10-14,ICICIBANK.NS,178644.0
2024-10-15,ICICIBANK.NS,182088.0
2024-10-16,ICICIBANK.NS,180297.0
2024-10-17,ICICIBANK.NS,178571.0
2024-10-18,ICICIBANK.NS,183394.0
2024-10-21,ICICIBANK.NS,182603.0
2024-10-22,ICICIBANK.NS,183829.0
2024-10-23,ICICIBANK.NS,181523.0
2024-10-24,ICICIBANK.NS,181690.0
2024-10-25,ICICIBANK.NS,182081.0
2024-10-28,ICICIBANK.NS,187505.0
2024-10-29,ICICIBANK.NS,193162.0
2024-10-30,ICICIBANK.NS,190305.0
2024-10-31,ICICIBANK.NS,187418.0
2024-11-01,ICICIBANK.NS,187353.0
2024-11-04,ICICIBANK.NS,185236.0
2024-11-05,ICICIBANK.NS,188064.0
2024-11-06,ICICIBANK.NS,188883.0
2024-11-07,ICICIBANK.NS,185453.0
2024-11-08,ICICIBANK.NS,182574.0
2024-11-11,ICICIBANK.NS,184090.0
2024-11-12,ICICIBANK.NS,184278.0
2024-11-13,ICICIBANK.NS,181827.0
2024-11-14,ICICIBANK.NS,182299.0
2024-11-18,ICICIBANK.NS,181791.0
2024-11-19,ICICIBANK.NS,181160.0
2024-11-21,ICICIBANK.NS,181371.0
2024-11-22,ICICIBANK.NS,185359.0
2024-11-25,ICICIBANK.NS,188680.0
2024-11-26,ICICIBANK.NS,189260.0
2024-11-27,ICICIBANK.NS,188644.0
2024-11-28,ICICIBANK.NS,186563.0
2024-11-29,ICICIBANK.NS,188557.0
2024-12-02,ICICIBANK.NS,189217.0
2024-12-03,ICICIBANK.NS,189761.0
2024-12-04,ICICIBANK.NS,190870.0
2024-12-05,ICICIBANK.NS,193836.0
2024-12-06,ICICIBANK.NS,192712.0
2024-12-09,ICICIBANK.NS,191777.0
2024-12-10,ICICIBANK.NS,192959.0
2024-12-11,ICICIBANK.NS,192531.0
2024-12-12,ICICIBANK.NS,192785.0
2024-12-13,ICICIBANK.NS,195054.0
2024-12-16,ICICIBANK.NS,195228.0
2024-12-17,ICICIBANK.NS,193437.0
2024-12-18,ICICIBANK.NS,190595.0
2024-12-19,ICICIBANK.NS,186642.0
2024-12-20,ICICIBANK.NS,186860.0
2024-12-23,ICICIBANK.NS,188078.0
2024-12-24,ICICIBANK.NS,188144.0
2024-12-26,ICICIBANK.NS,188158.0
2024-12-27,ICICIBANK.NS,189637.0
2024-12-30,ICICIBANK.NS,187767.0
2024-12-31,ICICIBANK.NS,185881.0
2025-01-01,ICICIBANK.NS,186171.0
2025-01-02,ICICIBANK.NS,187179.0
2025-01-03,ICICIBANK.NS,183474.0
2025-01-06,ICICIBANK.NS,183336.0
2025-01-07,ICICIBANK.NS,185533.0
2025-01-08,ICICIBANK.NS,183285.0
2025-01-09,ICICIBANK.NS,183089.0
2025-01-10,ICICIBANK.NS,181269.0
2025-01-13,ICICIBANK.NS,178354.0
2025-01-14,ICICIBANK.NS,179884.0
2025-01-15,ICICIBANK.NS,179587.0
2025-01-16,ICICIBANK.NS,181160.0
2025-01-17,ICICIBANK.NS,177730.0
2025-01-20,ICICIBANK.NS,178818.0
2025-01-21,ICICIBANK.NS,173481.0
2025-01-22,ICICIBANK.NS,174104.0
2025-01-23,ICICIBANK.NS,174293.0
2025-01-24,ICICIBANK.NS,175373.0
2025-01-27,ICICIBANK.NS,178093.0
2025-01-28,ICICIBANK.NS,180841.0
2025-01-29,ICICIBANK.NS,181530.0
2025-01-30,ICICIBANK.NS,182103.0
2025-01-31,ICICIBANK.NS,181697.0
2025-02-01,ICICIBANK.NS,182096.0
2025-02-03,ICICIBANK.NS,181726.0
2025-02-04,ICICIBANK.NS,183930.0
2025-02-05,ICICIBANK.NS,183858.0
2025-02-06,ICICIBANK.NS,184540.0
2025-02-07,ICICIBANK.NS,182292.0
2025-02-10,ICICIBANK.NS,183118.0
2025-02-11,ICICIBANK.NS,181690.0
2025-02-12,ICICIBANK.NS,181552.0
2025-02-13,ICICIBANK.NS,181131.0
2025-02-14,ICICIBANK.NS,182756.0
2025-02-17,ICICIBANK.NS,181458.0
2025-02-18,ICICIBANK.NS,180283.0
2025-02-19,ICICIBANK.NS,182980.0
2025-02-20,ICICIBANK.NS,181284.0
2025-02-21,ICICIBANK.NS,178818.0
2025-02-24,ICICIBANK.NS,176701.0
2025-02-25,ICICIBANK.NS,177542.0
2025-02-27,ICICIBANK.NS,177295.0
2025-02-28,ICICIBANK.NS,174634.0
2025-03-03,ICICIBANK.NS,174938.0
2025-03-04,ICICIBANK.NS,175548.0
2025-03-05,ICICIBANK.NS,176316.0
2025-03-06,ICICIBANK.NS,176657.0
2025-03-07,ICICIBANK.NS,176149.0
2025-03-10,ICICIBANK.NS,176193.0
2025-03-11,ICICIBANK.NS,180624.0
2025-03-12,ICICIBANK.NS,180413.0
2025-03-13,ICICIBANK.NS,181298.0
2025-03-17,ICICIBANK.NS,184046.0
2025-03-18,ICICIBANK.NS,184046.0
2025-03-19,ICICIBANK.NS,190442.0
2025-03-20,ICICIBANK.NS,191690.0
2025-03-21,ICICIBANK.NS,194793.0
2025-03-24,ICICIBANK.NS,196976.0
2025-03-25,ICICIBANK.NS,194880.0
2025-03-26,ICICIBANK.NS,193749.0
2025-03-27,ICICIBANK.NS,193858.0
2025-03-28,ICICIBANK.NS,195555.0
2025-04-01,ICICIBANK.NS,191218.0
2025-04-02,ICICIBANK.NS,193075.0
2025-04-03,ICICIBANK.NS,192828.0
2025-04-04,ICICIBANK.NS,193662.0
2025-04-07,ICICIBANK.NS,186737.0
2025-04-08,ICICIBANK.NS,188528.0
2025-04-09,ICICIBANK.NS,188658.0
2025-04-11,ICICIBANK.NS,190232.0
2025-04-15,ICICIBANK.NS,195823.0
2025-04-16,ICICIBANK.NS,196722.0
2025-04-17,ICICIBANK.NS,204017.0
2025-04-21,ICICIBANK.NS,204467.0
2025-04-22,ICICIBANK.NS,205439.0
2025-04-23,ICICIBANK.NS,206584.0
2025-04-24,ICICIBANK.NS,203437.0
2025-04-25,ICICIBANK.NS,203742.0
2025-04-28,ICICIBANK.NS,207223.0
2025-04-29,ICICIBANK.NS,207368.0
2025-04-30,ICICIBANK.NS,206962.0
2025-05-02,ICICIBANK.NS,207411.0
2025-05-05,ICICIBANK.NS,207310.0
2025-05-06,ICICIBANK.NS,207629.0
2025-05-07,ICICIBANK.NS,208180.0
2025-05-08,ICICIBANK.NS,208194.0
2025-05-09,ICICIBANK.NS,201436.0
2025-05-12,ICICIBANK.NS,210080.0
2025-05-13,ICICIBANK.NS,207484.0
2025-05-14,ICICIBANK.NS,206846.0
2025-05-15,ICICIBANK.NS,210413.0
2025-05-16,ICICIBANK.NS,210877.0
2025-05-19,ICICIBANK.NS,210152.0
2025-05-20,ICICIBANK.NS,208586.0
2025-05-21,ICICIBANK.NS,209529.0
2025-05-22,ICICIBANK.NS,209152.0
2025-05-23,ICICIBANK.NS,210268.0
2025-05-26,ICICIBANK.NS,211835.0
2025-05-27,ICICIBANK.NS,209775.0
2025-05-28,ICICIBANK.NS,210848.0
2025-05-29,ICICIBANK.NS,211240.0
2025-05-30,ICICIBANK.NS,209688.0
2025-06-02,ICICIBANK.NS,210370.0
2025-06-03,ICICIBANK.NS,208542.0
2025-06-04,ICICIBANK.NS,207542.0
2025-06-05,ICICIBANK.NS,210993.0
2025-06-06,ICICIBANK.NS,211704.0
2025-06-09,ICICIBANK.NS,208093.0
2025-06-10,ICICIBANK.NS,206367.0
2025-06-11,ICICIBANK.NS,207542.0
2025-06-12,ICICIBANK.NS,206701.0
2025-06-13,ICICIBANK.NS,205381.0
2025-06-16,ICICIBANK.NS,206947.0
2025-06-17,ICICIBANK.NS,206410.0
2025-06-18,ICICIBANK.NS,204873.0
2025-06-19,ICICIBANK.NS,204685.0
2025-06-20,ICICIBANK.NS,206976.0
2025-06-23,ICICIBANK.NS,205961.0
2025-06-24,ICICIBANK.NS,206541.0
2025-06-25,ICICIBANK.NS,206788.0
2025-06-26,ICICIBANK.NS,208716.0
2025-06-27,ICICIBANK.NS,212067.0
2025-06-30,ICICIBANK.NS,209688.0
2025-07-01,ICICIBANK.NS,207687.0
2025-07-02,ICICIBANK.NS,207078.0
2025-07-03,ICICIBANK.NS,206802.0
2025-07-04,ICICIBANK.NS,209253.0
2025-07-07,ICICIBANK.NS,208223.0
2025-07-08,ICICIBANK.NS,209137.0
2025-07-09,ICICIBANK.NS,207672.0
2025-07-10,ICICIBANK.NS,206541.0
2025-07-11,ICICIBANK.NS,206222.0
2025-07-14,ICICIBANK.NS,206381.0
2025-07-15,ICICIBANK.NS,207513.0
2025-07-16,ICICIBANK.NS,206875.0
2025-07-17,ICICIBANK.NS,205758.0
2025-07-18,ICICIBANK.NS,206788.0
2025-07-21,ICICIBANK.NS,212589.0
2025-07-22,ICICIBANK.NS,213720.0
2025-07-23,ICICIBANK.NS,215896.0
2025-07-24,ICICIBANK.NS,215141.0
2025-07-25,ICICIBANK.NS,214228.0
2025-07-28,ICICIBANK.NS,215867.0
2025-07-29,ICICIBANK.NS,215547.0
2025-07-30,ICICIBANK.NS,214996.0
2025-07-31,ICICIBANK.NS,214851.0
2025-08-01,ICICIBANK.NS,213430.0
2025-08-04,ICICIBANK.NS,212212.0
2025-08-05,ICICIBANK.NS,209485.0
2025-08-06,ICICIBANK.NS,209369.0
2025-08-07,ICICIBANK.NS,208891.0
2025-08-08,ICICIBANK.NS,208252.0
2025-08-11,ICICIBANK.NS,208354.0
2025-08-12,ICICIBANK.NS,206236.0
2025-08-13,ICICIBANK.NS,206062.0
2025-08-14,ICICIBANK.NS,207005.0
2025-08-18,ICICIBANK.NS,208064.0
2025-08-19,ICICIBANK.NS,208310.0
2025-08-20,ICICIBANK.NS,207484.0
2025-08-21,ICICIBANK.NS,209717.0
2025-08-22,ICICIBANK.NS,208325.0
2025-08-25,ICICIBANK.NS,207861.0
2025-08-26,ICICIBANK.NS,205453.0
2025-08-28,ICICIBANK.NS,202915.0
2025-08-29,ICICIBANK.NS,202727.0
2025-09-01,ICICIBANK.NS,204641.0
2025-09-02,ICICIBANK.NS,202204.0
2025-09-03,ICICIBANK.NS,202611.0
2025-09-04,ICICIBANK.NS,203843.0
2025-09-05,ICICIBANK.NS,203452.0
2025-09-08,ICICIBANK.NS,203437.0
2025-09-09,ICICIBANK.NS,203582.0
2025-09-10,ICICIBANK.NS,203611.0
2025-09-11,ICICIBANK.NS,203278.0
2025-09-12,ICICIBANK.NS,205613.0
2025-09-15,ICICIBANK.NS,205859.0
2025-09-16,ICICIBANK.NS,206178.0
2025-09-17,ICICIBANK.NS,205830.0
2025-09-18,ICICIBANK.NS,206193.0
2025-09-19,ICICIBANK.NS,203365.0
2025-09-22,ICICIBANK.NS,203263.0
2025-09-23,ICICIBANK.NS,202219.0
2025-09-24,ICICIBANK.NS,200537.0
2025-09-25,ICICIBANK.NS,199536.0
2025-09-26,ICICIBANK.NS,197186.0
2025-09-29,ICICIBANK.NS,195518.0
2025-09-30,ICICIBANK.NS,195504.0
2025-10-01,ICICIBANK.NS,198985.0
2025-10-03,ICICIBANK.NS,197999.0
2025-10-06,ICICIBANK.NS,197737.0
2025-10-07,ICICIBANK.NS,199550.0
2025-10-08,ICICIBANK.NS,198738.0
2025-10-09,ICICIBANK.NS,199594.0
2025-10-10,ICICIBANK.NS,200189.0
2025-10-13,ICICIBANK.NS,200058.0
2025-10-14,ICICIBANK.NS,200740.0
2025-10-15,ICICIBANK.NS,202814.0
2025-10-16,ICICIBANK.NS,205555.0
2025-10-17,ICICIBANK.NS,208354.0
2025-10-20,ICICIBANK.NS,201639.0
2025-10-21,ICICIBANK.NS,200435.0
2025-10-23,ICICIBANK.NS,197781.0
2025-10-24,ICICIBANK.NS,199811.0
2025-10-27,ICICIBANK.NS,199797.0
2025-10-28,ICICIBANK.NS,197694.0
2025-10-29,ICICIBANK.NS,198753.0
2025-10-30,ICICIBANK.NS,197592.0
2025-10-31,ICICIBANK.NS,195112.0
2025-11-03,ICICIBANK.NS,195272.0
2025-11-04,ICICIBANK.NS,193894.0
2025-11-06,ICICIBANK.NS,191501.0
2025-11-07,ICICIBANK.NS,194779.0
2025-11-10,ICICIBANK.NS,195504.0
2025-11-11,ICICIBANK.NS,196998.0
2025-11-12,ICICIBANK.NS,197085.0
2025-11-13,ICICIBANK.NS,201001.0
2025-11-14,ICICIBANK.NS,199130.0
2025-11-17,ICICIBANK.NS,200000.0
2025-11-18,ICICIBANK.NS,199188.0
2025-11-19,ICICIBANK.NS,200595.0
2025-11-20,ICICIBANK.NS,200580.0
2025-11-21,ICICIBANK.NS,198622.0
2025-11-24,ICICIBANK.NS,198463.0
2025-11-25,ICICIBANK.NS,196925.0
2025-11-26,ICICIBANK.NS,199420.0
2025-11-27,ICICIBANK.NS,201914.0
2025-11-28,ICICIBANK.NS,201421.0
2025-12-01,ICICIBANK.NS,201610.0
2025-12-02,ICICIBANK.NS,199130.0
2025-12-03,ICICIBANK.NS,201813.0
2025-12-04,ICICIBANK.NS,201117.0
2025-12-05,ICICIBANK.NS,201958.0
2025-12-08,ICICIBANK.NS,201537.0
2025-12-09,ICICIBANK.NS,199449.0
2025-12-10,ICICIBANK.NS,197766.0
2025-12-11,ICICIBANK.NS,197244.0
2025-12-12,ICICIBANK.NS,198115.0
2025-12-15,ICICIBANK.NS,197999.0
2025-12-16,ICICIBANK.NS,198115.0
2025-12-17,ICICIBANK.NS,196142.0
2025-12-18,ICICIBANK.NS,196780.0
2025-12-19,ICICIBANK.NS,196389.0
2025-12-22,ICICIBANK.NS,198477.0
2025-12-23,ICICIBANK.NS,197679.0
2025-12-24,ICICIBANK.NS,197215.0
2025-12-26,ICICIBANK.NS,195852.0
2025-12-29,ICICIBANK.NS,194822.0
2025-12-30,ICICIBANK.NS,194706.0
2025-12-31,ICICIBANK.NS,194764.0
2026-01-01,ICICIBANK.NS,194054.0
2026-01-02,ICICIBANK.NS,196577.0
2026-01-05,ICICIBANK.NS,198912.0
2026-01-06,ICICIBANK.NS,204670.0
2026-01-07,ICICIBANK.NS,207063.0
2026-01-08,ICICIBANK.NS,208122.0
2026-01-09,ICICIBANK.NS,203669.0
2026-01-12,ICICIBANK.NS,204946.0
2026-01-13,ICICIBANK.NS,208412.0
2026-01-14,ICICIBANK.NS,205714.0
2026-01-15,ICICIBANK.NS,205714.0
2026-01-16,ICICIBANK.NS,204612.0
2026-01-19,ICICIBANK.NS,200232.0
2026-01-20,ICICIBANK.NS,199536.0
2026-01-21,ICICIBANK.NS,195649.0
2026-01-22,ICICIBANK.NS,195141.0
2026-01-23,ICICIBANK.NS,194837.0
2026-01-27,ICICIBANK.NS,197447.0
2026-01-28,ICICIBANK.NS,198361.0
2026-01-29,ICICIBANK.NS,200667.0
2026-01-30,ICICIBANK.NS,196519.0
2026-02-02,ICICIBANK.NS,196200.0
2026-02-03,ICICIBANK.NS,201552.0
2026-02-04,ICICIBANK.NS,204264.0
2026-02-05,ICICIBANK.NS,202538.0
2026-02-06,ICICIBANK.NS,203930.0
2026-02-09,ICICIBANK.NS,202509.0
2026-02-10,ICICIBANK.NS,203988.0
2026-02-11,ICICIBANK.NS,203930.0
2026-02-12,ICICIBANK.NS,207397.0
2026-02-13,ICICIBANK.NS,205163.0
2026-02-16,ICICIBANK.NS,204728.0
2026-02-17,ICICIBANK.NS,204133.0
2026-02-18,ICICIBANK.NS,204235.0
2026-02-19,ICICIBANK.NS,201421.0
2026-02-20,ICICIBANK.NS,202248.0
2026-02-23,ICICIBANK.NS,202959.0
2026-02-24,ICICIBANK.NS,200841.0
2026-02-25,ICICIBANK.NS,203118.0
2026-02-26,ICICIBANK.NS,203756.0
2026-02-27,ICICIBANK.NS,199986.0
2026-03-02,ICICIBANK.NS,199275.0
2026-03-04,ICICIBANK.NS,198028.0
2026-03-05,ICICIBANK.NS,196896.0
2026-03-06,ICICIBANK.NS,190486.0
2026-03-09,ICICIBANK.NS,185410.0
2026-03-10,ICICIBANK.NS,190268.0
2026-03-11,ICICIBANK.NS,187759.0
2026-03-12,ICICIBANK.NS,183684.0
2026-03-13,ICICIBANK.NS,181987.0
2026-03-16,ICICIBANK.NS,184612.0
2026-03-17,ICICIBANK.NS,186904.0
2026-03-18,ICICIBANK.NS,186991.0
2026-03-19,ICICIBANK.NS,181305.0
2026-03-20,ICICIBANK.NS,180624.0
2026-03-23,ICICIBANK.NS,177331.0
2026-03-24,ICICIBANK.NS,181465.0
2026-03-25,ICICIBANK.NS,182698.0
2026-03-27,ICICIBANK.NS,178941.0
2026-03-30,ICICIBANK.NS,174895.0
2026-04-01,ICICIBANK.NS,175881.0
2026-04-02,ICICIBANK.NS,176331.0
2026-04-06,ICICIBANK.NS,178593.0
2026-04-07,ICICIBANK.NS,180638.0
2026-04-08,ICICIBANK.NS,189877.0
2026-04-09,ICICIBANK.NS,185830.0
2026-04-10,ICICIBANK.NS,191719.0
2026-04-13,ICICIBANK.NS,195954.0
2026-04-15,ICICIBANK.NS,195518.0
2026-04-16,ICICIBANK.NS,195141.0
2026-04-17,ICICIBANK.NS,195330.0
2026-04-20,ICICIBANK.NS,196693.0
2026-04-21,ICICIBANK.NS,201363.0
2026-04-22,ICICIBANK.NS,198347.0
2026-04-23,ICICIBANK.NS,195504.0
2026-04-24,ICICIBANK.NS,192342.0
2026-04-27,ICICIBANK.NS,190587.0
2026-04-28,ICICIBANK.NS,187382.0
2026-04-29,ICICIBANK.NS,185787.0
2026-04-30,ICICIBANK.NS,183234.0
2026-05-01,ICICIBANK.NS,183234.0
2026-05-04,ICICIBANK.NS,184307.0
2026-05-05,ICICIBANK.NS,181479.0
2026-05-06,ICICIBANK.NS,185569.0
2026-05-07,ICICIBANK.NS,185497.0
2026-05-08,ICICIBANK.NS,183437.0
2026-05-11,ICICIBANK.NS,183669.0
2026-05-12,ICICIBANK.NS,179884.0
2026-05-13,ICICIBANK.NS,179202.0
2026-05-14,ICICIBANK.NS,180711.0
2026-05-15,ICICIBANK.NS,180493.0
2026-05-18,ICICIBANK.NS,181450.0
2026-05-19,ICICIBANK.NS,179956.0
2026-05-20,ICICIBANK.NS,179449.0
2026-05-21,ICICIBANK.NS,180247.0
2026-05-22,ICICIBANK.NS,183365.0
2026-05-25,ICICIBANK.NS,187353.0
2026-05-26,ICICIBANK.NS,185511.0
2026-05-27,ICICIBANK.NS,184583.0
2026-05-28,ICICIBANK.NS,184583.0
2026-05-29,ICICIBANK.NS,182219.0
2026-06-01,ICICIBANK.NS,179797.0
2026-06-02,ICICIBANK.NS,177897.0
2026-06-03,ICICIBANK.NS,180131.0
2026-06-04,ICICIBANK.NS,181537.0
2026-06-05,ICICIBANK.NS,183046.0
2026-06-08,ICICIBANK.NS,181320.0
2026-06-09,ICICIBANK.NS,184917.0
2026-06-10,ICICIBANK.NS,187571.0
2026-06-11,ICICIBANK.NS,191008.0
2026-06-12,ICICIBANK.NS,194460.0
2026-06-15,ICICIBANK.NS,192545.0
2026-06-16,ICICIBANK.NS,193517.0
2026-06-17,ICICIBANK.NS,193880.0
2026-06-18,ICICIBANK.NS,194677.0
2026-06-19,ICICIBANK.NS,195286.0
2026-06-22,ICICIBANK.NS,196142.0
2026-06-23,ICICIBANK.NS,194097.0
2026-06-24,ICICIBANK.NS,199217.0
2026-06-25,ICICIBANK.NS,201233.0
2026-06-26,ICICIBANK.NS,201233.0
2026-06-29,ICICIBANK.NS,201247.0
2026-06-30,ICICIBANK.NS,199449.0
2026-07-01,ICICIBANK.NS,200116.0
2026-07-02,ICICIBANK.NS,203046.0
2026-07-03,ICICIBANK.NS,204699.0
2026-07-06,ICICIBANK.NS,206947.0
2026-07-07,ICICIBANK.NS,205178.0
2026-07-08,ICICIBANK.NS,200232.0
2026-07-09,ICICIBANK.NS,200247.0
2026-07-10,ICICIBANK.NS,203220.0
2026-07-13,ICICIBANK.NS,204423.0
2026-07-14,ICICIBANK.NS,204162.0
2026-07-15,ICICIBANK.NS,205395.0
2026-07-16,ICICIBANK.NS,205685.0
2026-07-17,ICICIBANK.NS,209471.0
2026-07-20,ICICIBANK.NS,211777.0
2026-07-21,ICICIBANK.NS,212197.0
2026-07-22,ICICIBANK.NS,208949.0
2026-07-23,ICICIBANK.NS,208064.0
2026-07-24,ICICIBANK.NS,207817.0
2026-07-27,ICICIBANK.NS,209674.0
2026-07-28,ICICIBANK.NS,207513.0
2026-07-29,ICICIBANK.NS,208542.0
2026-07-30,ICICIBANK.NS,207962.0
2026-07-31,ICICIBANK.NS,208180.0
2026-08-03,ICICIBANK.NS,211748.0
2026-08-04,ICICIBANK.NS,210964.0
2026-08-05,ICICIBANK.NS,210312.0
2026-08-06,ICICIBANK.NS,211385.0
2026-08-07,ICICIBANK.NS,206091.0
2026-08-10,ICICIBANK.NS,207658.0
2026-08-11,ICICIBANK.NS,207339.0
2026-08-12,ICICIBANK.NS,207643.0
2026-08-13,ICICIBANK.NS,204032.0
2026-08-14,ICICIBANK.NS,205511.0
2026-08-17,ICICIBANK.NS,205265.0
2026-08-18,ICICIBANK.NS,204786.0
2026-08-19,ICICIBANK.NS,203336.0
2026-08-20,ICICIBANK.NS,204772.0
2026-08-21,ICICIBANK.NS,205946.0
2026-08-24,ICICIBANK.NS,205221.0
2026-08-25,ICICIBANK.NS,206338.0
2026-08-26,ICICIBANK.NS,207397.0
2026-08-27,ICICIBANK.NS,209282.0
2026-08-28,ICICIBANK.NS,206352.0
2026-08-31,ICICIBANK.NS,210877.0
2026-09-01,ICICIBANK.NS,208557.0
2026-09-02,ICICIBANK.NS,206889.0
2026-09-03,ICICIBANK.NS,207397.0
2026-09-04,ICICIBANK.NS,206410.0
2026-09-07,ICICIBANK.NS,207034.0
2026-09-08,ICICIBANK.NS,202959.0
2026-09-09,ICICIBANK.NS,201465.0
2026-09-10,ICICIBANK.NS,200798.0
2026-09-11,ICICIBANK.NS,200044.0
2026-09-14,ICICIBANK.NS,200044.0
2026-09-15,ICICIBANK.NS,195852.0
2026-09-16,ICICIBANK.NS,197070.0
2026-09-17,ICICIBANK.NS,195446.0
2026-09-18,ICICIBANK.NS,194184.0
2026-09-21,ICICIBANK.NS,195069.0
2026-09-22,ICICIBANK.NS,194286.0
2026-09-23,ICICIBANK.NS,194344.0
2026-09-24,ICICIBANK.NS,193546.0
2026-09-25,ICICIBANK.NS,192429.0
2026-09-28,ICICIBANK.NS,188832.0
2026-09-29,ICICIBANK.NS,187411.0
2026-09-30,ICICIBANK.NS,191690.0
2026-10-01,ICICIBANK.NS,190080.0
2026-10-02,ICICIBANK.NS,190080.0
2026-10-05,ICICIBANK.NS,193183.0
2026-10-06,ICICIBANK.NS,194750.0
2021-10-06,INFY.NS,100000.0
2021-10-07,INFY.NS,101043.0
2021-10-08,INFY.NS,103006.0
2021-10-11,INFY.NS,101040.0
2021-10-12,INFY.NS,100693.0
2021-10-13,INFY.NS,102130.0
2021-10-14,INFY.NS,102522.0
2021-10-18,INFY.NS,107087.0
2021-10-19,INFY.NS,108879.0
2021-10-20,INFY.NS,107696.0
2021-10-21,INFY.NS,104786.0
2021-10-22,INFY.NS,102764.0
2021-10-25,INFY.NS,102032.0
2021-10-26,INFY.NS,101802.0
2021-10-27,INFY.NS,103310.0
2021-10-28,INFY.NS,101814.0
2021-10-29,INFY.NS,99653.0
2021-11-01,INFY.NS,101583.0
2021-11-02,INFY.NS,101455.0
2021-11-03,INFY.NS,101730.0
2021-11-04,INFY.NS,102100.0
2021-11-08,INFY.NS,103821.0
2021-11-09,INFY.NS,104120.0
2021-11-10,INFY.NS,103980.0
2021-11-11,INFY.NS,103570.0
2021-11-12,INFY.NS,106373.0
2021-11-15,INFY.NS,106788.0
2021-11-16,INFY.NS,107096.0
2021-11-17,INFY.NS,106806.0
2021-11-18,INFY.NS,106325.0
2021-11-22,INFY.NS,105130.0
2021-11-23,INFY.NS,103785.0
2021-11-24,INFY.NS,101341.0
2021-11-25,INFY.NS,102919.0
2021-11-26,INFY.NS,101082.0
2021-11-29,INFY.NS,101362.0
2021-11-30,INFY.NS,102336.0
2021-12-01,INFY.NS,102471.0
2021-12-02,INFY.NS,104464.0
2021-12-03,INFY.NS,103705.0
2021-12-06,INFY.NS,101300.0
2021-12-07,INFY.NS,102277.0
2021-12-08,INFY.NS,104768.0
2021-12-09,INFY.NS,105372.0
2021-12-10,INFY.NS,105121.0
2021-12-13,INFY.NS,104248.0
2021-12-14,INFY.NS,104697.0
2021-12-15,INFY.NS,103624.0
2021-12-16,INFY.NS,105859.0
2021-12-17,INFY.NS,108802.0
2021-12-20,INFY.NS,107490.0
2021-12-21,INFY.NS,108249.0
2021-12-22,INFY.NS,109032.0
2021-12-23,INFY.NS,110998.0
2021-12-24,INFY.NS,111350.0
2021-12-27,INFY.NS,111508.0
2021-12-28,INFY.NS,112814.0
2021-12-29,INFY.NS,112668.0
2021-12-30,INFY.NS,113104.0
2021-12-31,INFY.NS,112799.0
2022-01-03,INFY.NS,113438.0
2022-01-04,INFY.NS,113480.0
2022-01-05,INFY.NS,110224.0
2022-01-06,INFY.NS,108619.0
2022-01-07,INFY.NS,108410.0
2022-01-10,INFY.NS,110588.0
2022-01-11,INFY.NS,110878.0
2022-01-12,INFY.NS,112184.0
2022-01-13,INFY.NS,113340.0
2022-01-14,INFY.NS,115285.0
2022-01-17,INFY.NS,115891.0
2022-01-18,INFY.NS,114771.0
2022-01-19,INFY.NS,111562.0
2022-01-20,INFY.NS,108972.0
2022-01-21,INFY.NS,106701.0
2022-01-24,INFY.NS,103779.0
2022-01-25,INFY.NS,102904.0
2022-01-27,INFY.NS,100302.0
2022-01-28,INFY.NS,100756.0
2022-01-31,INFY.NS,103744.0
2022-02-01,INFY.NS,105886.0
2022-02-02,INFY.NS,106785.0
2022-02-03,INFY.NS,103884.0
2022-02-04,INFY.NS,104036.0
2022-02-07,INFY.NS,102477.0
2022-02-08,INFY.NS,102614.0
2022-02-09,INFY.NS,103809.0
2022-02-10,INFY.NS,105739.0
2022-02-11,INFY.NS,102856.0
2022-02-14,INFY.NS,100517.0
2022-02-15,INFY.NS,103866.0
2022-02-16,INFY.NS,103570.0
2022-02-17,INFY.NS,103062.0
2022-02-18,INFY.NS,101996.0
2022-02-21,INFY.NS,103415.0
2022-02-22,INFY.NS,103633.0
2022-02-23,INFY.NS,104141.0
2022-02-24,INFY.NS,100275.0
2022-02-25,INFY.NS,101258.0
2022-02-28,INFY.NS,102513.0
2022-03-02,INFY.NS,101748.0
2022-03-03,INFY.NS,102826.0
2022-03-04,INFY.NS,102973.0
2022-03-07,INFY.NS,103962.0
2022-03-08,INFY.NS,106253.0
2022-03-09,INFY.NS,108353.0
2022-03-10,INFY.NS,109103.0
2022-03-11,INFY.NS,108870.0
2022-03-14,INFY.NS,112975.0
2022-03-15,INFY.NS,109904.0
2022-03-16,INFY.NS,112898.0
2022-03-17,INFY.NS,110818.0
2022-03-21,INFY.NS,110726.0
2022-03-22,INFY.NS,112778.0
2022-03-23,INFY.NS,111882.0
2022-03-24,INFY.NS,112736.0
2022-03-25,INFY.NS,112130.0
2022-03-28,INFY.NS,111972.0
2022-03-29,INFY.NS,112695.0
2022-03-30,INFY.NS,113767.0
2022-03-31,INFY.NS,113940.0
2022-04-01,INFY.NS,113743.0
2022-04-04,INFY.NS,112512.0
2022-04-05,INFY.NS,111207.0
2022-04-06,INFY.NS,109280.0
2022-04-07,INFY.NS,108213.0
2022-04-08,INFY.NS,108428.0
2022-04-11,INFY.NS,105557.0
2022-04-12,INFY.NS,104117.0
2022-04-13,INFY.NS,104481.0
2022-04-18,INFY.NS,96884.0
2022-04-19,INFY.NS,93335.0
2022-04-20,INFY.NS,94870.0
2022-04-21,INFY.NS,96729.0
2022-04-22,INFY.NS,94736.0
2022-04-25,INFY.NS,93281.0
2022-04-26,INFY.NS,94470.0
2022-04-27,INFY.NS,92785.0
2022-04-28,INFY.NS,94565.0
2022-04-29,INFY.NS,93666.0
2022-05-02,INFY.NS,92080.0
2022-05-04,INFY.NS,91754.0
2022-05-05,INFY.NS,94718.0
2022-05-06,INFY.NS,92190.0
2022-05-09,INFY.NS,93833.0
2022-05-10,INFY.NS,92797.0
2022-05-11,INFY.NS,91228.0
2022-05-12,INFY.NS,90156.0
2022-05-13,INFY.NS,89893.0
2022-05-16,INFY.NS,88979.0
2022-05-17,INFY.NS,90732.0
2022-05-18,INFY.NS,90180.0
2022-05-19,INFY.NS,85277.0
2022-05-20,INFY.NS,86950.0
2022-05-23,INFY.NS,87742.0
2022-05-24,INFY.NS,86104.0
2022-05-25,INFY.NS,84279.0
2022-05-26,INFY.NS,85086.0
2022-05-27,INFY.NS,87320.0
2022-05-30,INFY.NS,91231.0
2022-05-31,INFY.NS,89845.0
2022-06-01,INFY.NS,88348.0
2022-06-02,INFY.NS,90108.0
2022-06-03,INFY.NS,90926.0
2022-06-06,INFY.NS,91425.0
2022-06-07,INFY.NS,90030.0
2022-06-08,INFY.NS,89630.0
2022-06-09,INFY.NS,90526.0
2022-06-10,INFY.NS,88244.0
2022-06-13,INFY.NS,85118.0
2022-06-14,INFY.NS,86078.0
2022-06-15,INFY.NS,84981.0
2022-06-16,INFY.NS,83487.0
2022-06-17,INFY.NS,82896.0
2022-06-20,INFY.NS,84500.0
2022-06-21,INFY.NS,86636.0
2022-06-22,INFY.NS,85880.0
2022-06-23,INFY.NS,86789.0
2022-06-24,INFY.NS,86110.0
2022-06-27,INFY.NS,88112.0
2022-06-28,INFY.NS,88444.0
2022-06-29,INFY.NS,87434.0
2022-06-30,INFY.NS,87353.0
2022-07-01,INFY.NS,88399.0
2022-07-04,INFY.NS,88913.0
2022-07-05,INFY.NS,88193.0
2022-07-06,INFY.NS,89131.0
2022-07-07,INFY.NS,89552.0
2022-07-08,INFY.NS,90493.0
2022-07-11,INFY.NS,88025.0
2022-07-12,INFY.NS,85961.0
2022-07-13,INFY.NS,86311.0
2022-07-14,INFY.NS,85378.0
2022-07-15,INFY.NS,85468.0
2022-07-18,INFY.NS,89026.0
2022-07-19,INFY.NS,88683.0
2022-07-20,INFY.NS,90544.0
2022-07-21,INFY.NS,91596.0
2022-07-22,INFY.NS,90006.0
2022-07-25,INFY.NS,89845.0
2022-07-26,INFY.NS,86711.0
2022-07-27,INFY.NS,87900.0
2022-07-28,INFY.NS,90670.0
2022-07-29,INFY.NS,92600.0
2022-08-01,INFY.NS,92680.0
2022-08-02,INFY.NS,92235.0
2022-08-03,INFY.NS,93580.0
2022-08-04,INFY.NS,95599.0
2022-08-05,INFY.NS,96600.0
2022-08-08,INFY.NS,96764.0
2022-08-10,INFY.NS,95752.0
2022-08-11,INFY.NS,96797.0
2022-08-12,INFY.NS,95253.0
2022-08-16,INFY.NS,95393.0
2022-08-17,INFY.NS,95979.0
2022-08-18,INFY.NS,94586.0
2022-08-19,INFY.NS,95432.0
2022-08-22,INFY.NS,94150.0
2022-08-23,INFY.NS,92163.0
2022-08-24,INFY.NS,91871.0
2022-08-25,INFY.NS,90714.0
2022-08-26,INFY.NS,90918.0
2022-08-29,INFY.NS,87344.0
2022-08-30,INFY.NS,89209.0
2022-09-01,INFY.NS,87491.0
2022-09-02,INFY.NS,86821.0
2022-09-05,INFY.NS,87317.0
2022-09-06,INFY.NS,86947.0
2022-09-07,INFY.NS,87099.0
2022-09-08,INFY.NS,88190.0
2022-09-09,INFY.NS,90326.0
2022-09-12,INFY.NS,91793.0
2022-09-13,INFY.NS,92316.0
2022-09-14,INFY.NS,88160.0
2022-09-15,INFY.NS,85614.0
2022-09-16,INFY.NS,82283.0
2022-09-19,INFY.NS,83075.0
2022-09-20,INFY.NS,82970.0
2022-09-21,INFY.NS,82295.0
2022-09-22,INFY.NS,81739.0
2022-09-23,INFY.NS,81590.0
2022-09-26,INFY.NS,82474.0
2022-09-27,INFY.NS,83269.0
2022-09-28,INFY.NS,83338.0
2022-09-29,INFY.NS,83574.0
2022-09-30,INFY.NS,84458.0
2022-10-03,INFY.NS,83281.0
2022-10-04,INFY.NS,85411.0
2022-10-06,INFY.NS,86950.0
2022-10-07,INFY.NS,86714.0
2022-10-10,INFY.NS,87398.0
2022-10-11,INFY.NS,85077.0
2022-10-12,INFY.NS,85369.0
2022-10-13,INFY.NS,84844.0
2022-10-14,INFY.NS,88091.0
2022-10-17,INFY.NS,89029.0
2022-10-18,INFY.NS,89851.0
2022-10-19,INFY.NS,88760.0
2022-10-20,INFY.NS,89684.0
2022-10-21,INFY.NS,89660.0
2022-10-24,INFY.NS,90696.0
2022-10-25,INFY.NS,91201.0
2022-10-27,INFY.NS,91061.0
2022-10-28,INFY.NS,90422.0
2022-10-31,INFY.NS,91880.0
2022-11-01,INFY.NS,93992.0
2022-11-02,INFY.NS,92815.0
2022-11-03,INFY.NS,91467.0
2022-11-04,INFY.NS,90466.0
2022-11-07,INFY.NS,90075.0
2022-11-09,INFY.NS,90299.0
2022-11-10,INFY.NS,89746.0
2022-11-11,INFY.NS,93819.0
2022-11-14,INFY.NS,94727.0
2022-11-15,INFY.NS,95247.0
2022-11-16,INFY.NS,95772.0
2022-11-17,INFY.NS,94852.0
2022-11-18,INFY.NS,95211.0
2022-11-21,INFY.NS,93705.0
2022-11-22,INFY.NS,94712.0
2022-11-23,INFY.NS,94598.0
2022-11-24,INFY.NS,97386.0
2022-11-25,INFY.NS,97735.0
2022-11-28,INFY.NS,97003.0
2022-11-29,INFY.NS,97341.0
2022-11-30,INFY.NS,97694.0
2022-12-01,INFY.NS,99017.0
2022-12-02,INFY.NS,97870.0
2022-12-05,INFY.NS,97980.0
2022-12-06,INFY.NS,96376.0
2022-12-07,INFY.NS,95934.0
2022-12-08,INFY.NS,96809.0
2022-12-09,INFY.NS,93771.0
2022-12-12,INFY.NS,92450.0
2022-12-13,INFY.NS,93941.0
2022-12-14,INFY.NS,94374.0
2022-12-15,INFY.NS,92050.0
2022-12-16,INFY.NS,90956.0
2022-12-19,INFY.NS,90069.0
2022-12-20,INFY.NS,90066.0
2022-12-21,INFY.NS,90200.0
2022-12-22,INFY.NS,90947.0
2022-12-23,INFY.NS,89457.0
2022-12-26,INFY.NS,89773.0
2022-12-27,INFY.NS,90517.0
2022-12-28,INFY.NS,90236.0
2022-12-29,INFY.NS,90678.0
2022-12-30,INFY.NS,90120.0
2023-01-02,INFY.NS,91064.0
2023-01-03,INFY.NS,90977.0
2023-01-04,INFY.NS,89319.0
2023-01-05,INFY.NS,88148.0
2023-01-06,INFY.NS,86553.0
2023-01-09,INFY.NS,88701.0
2023-01-10,INFY.NS,87822.0
2023-01-11,INFY.NS,87912.0
2023-01-12,INFY.NS,88471.0
2023-01-13,INFY.NS,89848.0
2023-01-16,INFY.NS,91154.0
2023-01-17,INFY.NS,91990.0
2023-01-18,INFY.NS,92343.0
2023-01-19,INFY.NS,91954.0
2023-01-20,INFY.NS,91157.0
2023-01-23,INFY.NS,92498.0
2023-01-24,INFY.NS,92731.0
2023-01-25,INFY.NS,92199.0
2023-01-27,INFY.NS,90774.0
2023-01-30,INFY.NS,91948.0
2023-01-31,INFY.NS,91646.0
2023-02-01,INFY.NS,92683.0
2023-02-02,INFY.NS,94634.0
2023-02-03,INFY.NS,95569.0
2023-02-06,INFY.NS,93804.0
2023-02-07,INFY.NS,93358.0
2023-02-08,INFY.NS,95037.0
2023-02-09,INFY.NS,96621.0
2023-02-10,INFY.NS,96116.0
2023-02-13,INFY.NS,93660.0
2023-02-14,INFY.NS,95202.0
2023-02-15,INFY.NS,95429.0
2023-02-16,INFY.NS,95713.0
2023-02-17,INFY.NS,94637.0
2023-02-20,INFY.NS,95154.0
2023-02-21,INFY.NS,94380.0
2023-02-22,INFY.NS,93323.0
2023-02-23,INFY.NS,92659.0
2023-02-24,INFY.NS,92656.0
2023-02-27,INFY.NS,90186.0
2023-02-28,INFY.NS,88886.0
2023-03-01,INFY.NS,89394.0
2023-03-02,INFY.NS,87966.0
2023-03-03,INFY.NS,88393.0
2023-03-06,INFY.NS,90075.0
2023-03-08,INFY.NS,89194.0
2023-03-09,INFY.NS,88459.0
2023-03-10,INFY.NS,87930.0
2023-03-13,INFY.NS,85752.0
2023-03-14,INFY.NS,84850.0
2023-03-15,INFY.NS,84829.0
2023-03-16,INFY.NS,83899.0
2023-03-17,INFY.NS,84891.0
2023-03-20,INFY.NS,83873.0
2023-03-21,INFY.NS,83099.0
2023-03-22,INFY.NS,83012.0
2023-03-23,INFY.NS,82134.0
2023-03-24,INFY.NS,82498.0
2023-03-27,INFY.NS,82994.0
2023-03-28,INFY.NS,82316.0
2023-03-29,INFY.NS,82672.0
2023-03-31,INFY.NS,85325.0
2023-04-03,INFY.NS,84303.0
2023-04-05,INFY.NS,85062.0
2023-04-06,INFY.NS,84963.0
2023-04-10,INFY.NS,85304.0
2023-04-11,INFY.NS,84022.0
2023-04-12,INFY.NS,85346.0
2023-04-13,INFY.NS,83009.0
2023-04-17,INFY.NS,75187.0
2023-04-18,INFY.NS,75250.0
2023-04-19,INFY.NS,73628.0
2023-04-20,INFY.NS,73102.0
2023-04-21,INFY.NS,73338.0
2023-04-24,INFY.NS,73275.0
2023-04-25,INFY.NS,73192.0
2023-04-26,INFY.NS,73350.0
2023-04-27,INFY.NS,74467.0
2023-04-28,INFY.NS,74856.0
2023-05-02,INFY.NS,76332.0
2023-05-03,INFY.NS,75836.0
2023-05-04,INFY.NS,76099.0
2023-05-05,INFY.NS,75235.0
2023-05-08,INFY.NS,75624.0
2023-05-09,INFY.NS,75928.0
2023-05-10,INFY.NS,75483.0
2023-05-11,INFY.NS,75056.0
2023-05-12,INFY.NS,74405.0
2023-05-15,INFY.NS,75190.0
2023-05-16,INFY.NS,75546.0
2023-05-17,INFY.NS,74506.0
2023-05-18,INFY.NS,74453.0
2023-05-19,INFY.NS,75821.0
2023-05-22,INFY.NS,77249.0
2023-05-23,INFY.NS,77682.0
2023-05-24,INFY.NS,77599.0
2023-05-25,INFY.NS,77939.0
2023-05-26,INFY.NS,78722.0
2023-05-29,INFY.NS,78540.0
2023-05-30,INFY.NS,79104.0
2023-05-31,INFY.NS,78773.0
2023-06-01,INFY.NS,78844.0
2023-06-02,INFY.NS,77619.0
2023-06-05,INFY.NS,77948.0
2023-06-06,INFY.NS,76424.0
2023-06-07,INFY.NS,77019.0
2023-06-08,INFY.NS,76651.0
2023-06-09,INFY.NS,75645.0
2023-06-12,INFY.NS,77198.0
2023-06-13,INFY.NS,77969.0
2023-06-14,INFY.NS,77703.0
2023-06-15,INFY.NS,76890.0
2023-06-16,INFY.NS,77180.0
2023-06-19,INFY.NS,77321.0
2023-06-20,INFY.NS,77882.0
2023-06-21,INFY.NS,77640.0
2023-06-22,INFY.NS,76577.0
2023-06-23,INFY.NS,75588.0
2023-06-26,INFY.NS,75907.0
2023-06-27,INFY.NS,76433.0
2023-06-28,INFY.NS,77282.0
2023-06-30,INFY.NS,79800.0
2023-07-03,INFY.NS,79693.0
2023-07-04,INFY.NS,80377.0
2023-07-05,INFY.NS,80506.0
2023-07-06,INFY.NS,80302.0
2023-07-07,INFY.NS,79484.0
2023-07-10,INFY.NS,79421.0
2023-07-11,INFY.NS,80583.0
2023-07-12,INFY.NS,79669.0
2023-07-13,INFY.NS,81569.0
2023-07-14,INFY.NS,85205.0
2023-07-17,INFY.NS,85026.0
2023-07-18,INFY.NS,88148.0
2023-07-19,INFY.NS,88133.0
2023-07-20,INFY.NS,86612.0
2023-07-21,INFY.NS,79567.0
2023-07-24,INFY.NS,79866.0
2023-07-25,INFY.NS,79747.0
2023-07-26,INFY.NS,80598.0
2023-07-27,INFY.NS,80855.0
2023-07-28,INFY.NS,80099.0
2023-07-31,INFY.NS,81007.0
2023-08-01,INFY.NS,81575.0
2023-08-02,INFY.NS,81076.0
2023-08-03,INFY.NS,81521.0
2023-08-04,INFY.NS,82361.0
2023-08-07,INFY.NS,83236.0
2023-08-08,INFY.NS,83069.0
2023-08-09,INFY.NS,83320.0
2023-08-10,INFY.NS,83003.0
2023-08-11,INFY.NS,81972.0
2023-08-14,INFY.NS,83269.0
2023-08-16,INFY.NS,84760.0
2023-08-17,INFY.NS,84345.0
2023-08-18,INFY.NS,82985.0
2023-08-21,INFY.NS,83977.0
2023-08-22,INFY.NS,83879.0
2023-08-23,INFY.NS,84130.0
2023-08-24,INFY.NS,85065.0
2023-08-25,INFY.NS,84856.0
2023-08-28,INFY.NS,84590.0
2023-08-29,INFY.NS,84709.0
2023-08-30,INFY.NS,85755.0
2023-08-31,INFY.NS,85773.0
2023-09-01,INFY.NS,86275.0
2023-09-04,INFY.NS,87544.0
2023-09-05,INFY.NS,88369.0
2023-09-06,INFY.NS,88282.0
2023-09-07,INFY.NS,87610.0
2023-09-08,INFY.NS,87813.0
2023-09-11,INFY.NS,88223.0
2023-09-12,INFY.NS,89696.0
2023-09-13,INFY.NS,89531.0
2023-09-14,INFY.NS,90045.0
2023-09-15,INFY.NS,90323.0
2023-09-18,INFY.NS,89140.0
2023-09-20,INFY.NS,89047.0
2023-09-21,INFY.NS,89734.0
2023-09-22,INFY.NS,89400.0
2023-09-25,INFY.NS,88085.0
2023-09-26,INFY.NS,87279.0
2023-09-27,INFY.NS,87658.0
2023-09-28,INFY.NS,86012.0
2023-09-29,INFY.NS,85773.0
2023-10-03,INFY.NS,85686.0
2023-10-04,INFY.NS,86305.0
2023-10-05,INFY.NS,87446.0
2023-10-06,INFY.NS,88357.0
2023-10-09,INFY.NS,88163.0
2023-10-10,INFY.NS,89340.0
2023-10-11,INFY.NS,89295.0
2023-10-12,INFY.NS,87568.0
2023-10-13,INFY.NS,85516.0
2023-10-16,INFY.NS,85695.0
2023-10-17,INFY.NS,86191.0
2023-10-18,INFY.NS,86078.0
2023-10-19,INFY.NS,85665.0
2023-10-20,INFY.NS,85283.0
2023-10-23,INFY.NS,84171.0
2023-10-25,INFY.NS,81865.0
2023-10-26,INFY.NS,81232.0
2023-10-27,INFY.NS,82480.0
2023-10-30,INFY.NS,82283.0
2023-10-31,INFY.NS,81766.0
2023-11-01,INFY.NS,80915.0
2023-11-02,INFY.NS,81871.0
2023-11-03,INFY.NS,83000.0
2023-11-06,INFY.NS,83852.0
2023-11-07,INFY.NS,83911.0
2023-11-08,INFY.NS,83117.0
2023-11-09,INFY.NS,82149.0
2023-11-10,INFY.NS,81793.0
2023-11-13,INFY.NS,82074.0
2023-11-15,INFY.NS,84282.0
2023-11-16,INFY.NS,86337.0
2023-11-17,INFY.NS,85898.0
2023-11-20,INFY.NS,85841.0
2023-11-21,INFY.NS,85985.0
2023-11-22,INFY.NS,87108.0
2023-11-23,INFY.NS,86597.0
2023-11-24,INFY.NS,85889.0
2023-11-28,INFY.NS,86206.0
2023-11-29,INFY.NS,87216.0
2023-11-30,INFY.NS,86950.0
2023-12-01,INFY.NS,86780.0
2023-12-04,INFY.NS,87500.0
2023-12-05,INFY.NS,86878.0
2023-12-06,INFY.NS,88094.0
2023-12-07,INFY.NS,87592.0
2023-12-08,INFY.NS,89101.0
2023-12-11,INFY.NS,88943.0
2023-12-12,INFY.NS,88199.0
2023-12-13,INFY.NS,86582.0
2023-12-14,INFY.NS,89716.0
2023-12-15,INFY.NS,94314.0
2023-12-18,INFY.NS,93475.0
2023-12-19,INFY.NS,93113.0
2023-12-20,INFY.NS,91805.0
2023-12-21,INFY.NS,91781.0
2023-12-22,INFY.NS,93388.0
2023-12-26,INFY.NS,92256.0
2023-12-27,INFY.NS,93639.0
2023-12-28,INFY.NS,93373.0
2023-12-29,INFY.NS,92193.0
2024-01-01,INFY.NS,92698.0
2024-01-02,INFY.NS,91685.0
2024-01-03,INFY.NS,89032.0
2024-01-04,INFY.NS,90389.0
2024-01-05,INFY.NS,91575.0
2024-01-08,INFY.NS,90992.0
2024-01-09,INFY.NS,91381.0
2024-01-10,INFY.NS,90819.0
2024-01-11,INFY.NS,89283.0
2024-01-12,INFY.NS,96367.0
2024-01-15,INFY.NS,98718.0
2024-01-16,INFY.NS,97490.0
2024-01-17,INFY.NS,98007.0
2024-01-18,INFY.NS,98151.0
2024-01-19,INFY.NS,99143.0
2024-01-23,INFY.NS,98124.0
2024-01-24,INFY.NS,100111.0
2024-01-25,INFY.NS,99734.0
2024-01-29,INFY.NS,98987.0
2024-01-30,INFY.NS,98679.0
2024-01-31,INFY.NS,99244.0
2024-02-01,INFY.NS,99014.0
2024-02-02,INFY.NS,101183.0
2024-02-05,INFY.NS,100816.0
2024-02-06,INFY.NS,103340.0
2024-02-07,INFY.NS,101207.0
2024-02-08,INFY.NS,101108.0
2024-02-09,INFY.NS,99749.0
2024-02-12,INFY.NS,100391.0
2024-02-13,INFY.NS,100657.0
2024-02-14,INFY.NS,99561.0
2024-02-15,INFY.NS,100167.0
2024-02-16,INFY.NS,101679.0
2024-02-19,INFY.NS,101566.0
2024-02-20,INFY.NS,100699.0
2024-02-21,INFY.NS,98924.0
2024-02-22,INFY.NS,100466.0
2024-02-23,INFY.NS,100197.0
2024-02-26,INFY.NS,99199.0
2024-02-27,INFY.NS,99405.0
2024-02-28,INFY.NS,99863.0
2024-02-29,INFY.NS,100021.0
2024-03-01,INFY.NS,98874.0
2024-03-04,INFY.NS,97828.0
2024-03-05,INFY.NS,95994.0
2024-03-06,INFY.NS,96654.0
2024-03-07,INFY.NS,96588.0
2024-03-11,INFY.NS,95641.0
2024-03-12,INFY.NS,96379.0
2024-03-13,INFY.NS,96286.0
2024-03-14,INFY.NS,98790.0
2024-03-15,INFY.NS,97637.0
2024-03-18,INFY.NS,95763.0
2024-03-19,INFY.NS,93302.0
2024-03-20,INFY.NS,92913.0
2024-03-21,INFY.NS,92898.0
2024-03-22,INFY.NS,90159.0
2024-03-26,INFY.NS,89191.0
2024-03-27,INFY.NS,88665.0
2024-03-28,INFY.NS,89513.0
2024-04-01,INFY.NS,89358.0
2024-04-02,INFY.NS,88605.0
2024-04-03,INFY.NS,88474.0
2024-04-04,INFY.NS,88835.0
2024-04-05,INFY.NS,88381.0
2024-04-08,INFY.NS,88238.0
2024-04-09,INFY.NS,89322.0
2024-04-10,INFY.NS,90036.0
2024-04-12,INFY.NS,88719.0
2024-04-15,INFY.NS,87727.0
2024-04-16,INFY.NS,84518.0
2024-04-18,INFY.NS,84805.0
2024-04-19,INFY.NS,84327.0
2024-04-22,INFY.NS,85611.0
2024-04-23,INFY.NS,86188.0
2024-04-24,INFY.NS,85492.0
2024-04-25,INFY.NS,85952.0
2024-04-26,INFY.NS,85462.0
2024-04-29,INFY.NS,85731.0
2024-04-30,INFY.NS,84882.0
2024-05-02,INFY.NS,84518.0
2024-05-03,INFY.NS,84628.0
2024-05-06,INFY.NS,85202.0
2024-05-07,INFY.NS,86101.0
2024-05-08,INFY.NS,85286.0
2024-05-09,INFY.NS,86018.0
2024-05-10,INFY.NS,85142.0
2024-05-13,INFY.NS,85056.0
2024-05-14,INFY.NS,85130.0
2024-05-15,INFY.NS,84847.0
2024-05-16,INFY.NS,86842.0
2024-05-17,INFY.NS,86302.0
2024-05-21,INFY.NS,85695.0
2024-05-22,INFY.NS,86929.0
2024-05-23,INFY.NS,87981.0
2024-05-24,INFY.NS,87544.0
2024-05-27,INFY.NS,87918.0
2024-05-28,INFY.NS,87661.0
2024-05-29,INFY.NS,86699.0
2024-05-30,INFY.NS,85295.0
2024-05-31,INFY.NS,84067.0
2024-06-03,INFY.NS,84007.0
2024-06-04,INFY.NS,83275.0
2024-06-05,INFY.NS,85453.0
2024-06-06,INFY.NS,87972.0
2024-06-07,INFY.NS,91638.0
2024-06-10,INFY.NS,89615.0
2024-06-11,INFY.NS,89376.0
2024-06-12,INFY.NS,88745.0
2024-06-13,INFY.NS,89268.0
2024-06-14,INFY.NS,88967.0
2024-06-18,INFY.NS,89522.0
2024-06-19,INFY.NS,90308.0
2024-06-20,INFY.NS,90550.0
2024-06-21,INFY.NS,91584.0
2024-06-24,INFY.NS,91252.0
2024-06-25,INFY.NS,92136.0
2024-06-26,INFY.NS,92062.0
2024-06-27,INFY.NS,94013.0
2024-06-28,INFY.NS,93618.0
2024-07-01,INFY.NS,95055.0
2024-07-02,INFY.NS,96863.0
2024-07-03,INFY.NS,97242.0
2024-07-04,INFY.NS,98632.0
2024-07-05,INFY.NS,98440.0
2024-07-08,INFY.NS,99289.0
2024-07-09,INFY.NS,99020.0
2024-07-10,INFY.NS,98488.0
2024-07-11,INFY.NS,98754.0
2024-07-12,INFY.NS,102283.0
2024-07-15,INFY.NS,102002.0
2024-07-16,INFY.NS,103137.0
2024-07-18,INFY.NS,105049.0
2024-07-19,INFY.NS,107135.0
2024-07-22,INFY.NS,108204.0
2024-07-23,INFY.NS,109761.0
2024-07-24,INFY.NS,109584.0
2024-07-25,INFY.NS,109041.0
2024-07-26,INFY.NS,112270.0
2024-07-29,INFY.NS,111804.0
2024-07-30,INFY.NS,112166.0
2024-07-31,INFY.NS,111634.0
2024-08-01,INFY.NS,110699.0
2024-08-02,INFY.NS,108823.0
2024-08-05,INFY.NS,104682.0
2024-08-06,INFY.NS,104634.0
2024-08-07,INFY.NS,107057.0
2024-08-08,INFY.NS,104159.0
2024-08-09,INFY.NS,105808.0
2024-08-12,INFY.NS,107400.0
2024-08-13,INFY.NS,107403.0
2024-08-14,INFY.NS,108945.0
2024-08-16,INFY.NS,111078.0
2024-08-19,INFY.NS,111428.0
2024-08-20,INFY.NS,111870.0
2024-08-21,INFY.NS,111900.0
2024-08-22,INFY.NS,112351.0
2024-08-23,INFY.NS,111266.0
2024-08-26,INFY.NS,112106.0
2024-08-27,INFY.NS,113537.0
2024-08-28,INFY.NS,115867.0
2024-08-29,INFY.NS,115524.0
2024-08-30,INFY.NS,116142.0
2024-09-02,INFY.NS,117385.0
2024-09-03,INFY.NS,115996.0
2024-09-04,INFY.NS,114873.0
2024-09-05,INFY.NS,115512.0
2024-09-06,INFY.NS,113642.0
2024-09-09,INFY.NS,113211.0
2024-09-10,INFY.NS,114266.0
2024-09-11,INFY.NS,114138.0
2024-09-12,INFY.NS,116546.0
2024-09-13,INFY.NS,116166.0
2024-09-16,INFY.NS,116534.0
2024-09-17,INFY.NS,116671.0
2024-09-18,INFY.NS,113062.0
2024-09-19,INFY.NS,113185.0
2024-09-20,INFY.NS,113875.0
2024-09-23,INFY.NS,113319.0
2024-09-24,INFY.NS,113447.0
2024-09-25,INFY.NS,113250.0
2024-09-26,INFY.NS,113546.0
2024-09-27,INFY.NS,113934.0
2024-09-30,INFY.NS,112073.0
2024-10-01,INFY.NS,113791.0
2024-10-03,INFY.NS,113137.0
2024-10-04,INFY.NS,114616.0
2024-10-07,INFY.NS,115581.0
2024-10-08,INFY.NS,116432.0
2024-10-09,INFY.NS,116683.0
2024-10-10,INFY.NS,114666.0
2024-10-11,INFY.NS,115628.0
2024-10-14,INFY.NS,117051.0
2024-10-15,INFY.NS,117074.0
2024-10-16,INFY.NS,114732.0
2024-10-17,INFY.NS,117600.0
2024-10-18,INFY.NS,112312.0
2024-10-21,INFY.NS,110708.0
2024-10-22,INFY.NS,110639.0
2024-10-23,INFY.NS,111942.0
2024-10-24,INFY.NS,111341.0
2024-10-25,INFY.NS,111263.0
2024-10-28,INFY.NS,111461.0
2024-10-29,INFY.NS,109904.0
2024-10-30,INFY.NS,107681.0
2024-10-31,INFY.NS,105001.0
2024-11-01,INFY.NS,105216.0
2024-11-04,INFY.NS,105384.0
2024-11-05,INFY.NS,104819.0
2024-11-06,INFY.NS,108972.0
2024-11-07,INFY.NS,107738.0
2024-11-08,INFY.NS,109345.0
2024-11-11,INFY.NS,111147.0
2024-11-12,INFY.NS,111667.0
2024-11-13,INFY.NS,111643.0
2024-11-14,INFY.NS,111413.0
2024-11-18,INFY.NS,108240.0
2024-11-19,INFY.NS,109035.0
2024-11-21,INFY.NS,109590.0
2024-11-22,INFY.NS,113666.0
2024-11-25,INFY.NS,112916.0
2024-11-26,INFY.NS,114974.0
2024-11-27,INFY.NS,114995.0
2024-11-28,INFY.NS,110941.0
2024-11-29,INFY.NS,111013.0
2024-12-02,INFY.NS,112324.0
2024-12-03,INFY.NS,113059.0
2024-12-04,INFY.NS,112889.0
2024-12-05,INFY.NS,115614.0
2024-12-06,INFY.NS,114870.0
2024-12-09,INFY.NS,114944.0
2024-12-10,INFY.NS,116432.0
2024-12-11,INFY.NS,117962.0
2024-12-12,INFY.NS,118730.0
2024-12-13,INFY.NS,119489.0
2024-12-16,INFY.NS,118314.0
2024-12-17,INFY.NS,118108.0
2024-12-18,INFY.NS,118261.0
2024-12-19,INFY.NS,116292.0
2024-12-20,INFY.NS,114855.0
2024-12-23,INFY.NS,114983.0
2024-12-24,INFY.NS,114072.0
2024-12-26,INFY.NS,113973.0
2024-12-27,INFY.NS,114532.0
2024-12-30,INFY.NS,113890.0
2024-12-31,INFY.NS,112336.0
2025-01-01,INFY.NS,112485.0
2025-01-02,INFY.NS,116988.0
2025-01-03,INFY.NS,115847.0
2025-01-06,INFY.NS,115793.0
2025-01-07,INFY.NS,115374.0
2025-01-08,INFY.NS,115512.0
2025-01-09,INFY.NS,114565.0
2025-01-10,INFY.NS,117532.0
2025-01-13,INFY.NS,117248.0
2025-01-14,INFY.NS,115924.0
2025-01-15,INFY.NS,116498.0
2025-01-16,INFY.NS,115231.0
2025-01-17,INFY.NS,108479.0
2025-01-20,INFY.NS,108351.0
2025-01-21,INFY.NS,107598.0
2025-01-22,INFY.NS,110929.0
2025-01-23,INFY.NS,111467.0
2025-01-24,INFY.NS,112064.0
2025-01-27,INFY.NS,108870.0
2025-01-28,INFY.NS,109333.0
2025-01-29,INFY.NS,112411.0
2025-01-30,INFY.NS,111138.0
2025-01-31,INFY.NS,112324.0
2025-02-01,INFY.NS,110624.0
2025-02-03,INFY.NS,111338.0
2025-02-04,INFY.NS,113459.0
2025-02-05,INFY.NS,113355.0
2025-02-06,INFY.NS,114466.0
2025-02-07,INFY.NS,113749.0
2025-02-10,INFY.NS,112354.0
2025-02-11,INFY.NS,112076.0
2025-02-12,INFY.NS,111329.0
2025-02-13,INFY.NS,110140.0
2025-02-14,INFY.NS,110926.0
2025-02-17,INFY.NS,110083.0
2025-02-18,INFY.NS,110660.0
2025-02-19,INFY.NS,108201.0
2025-02-20,INFY.NS,109059.0
2025-02-21,INFY.NS,108452.0
2025-02-24,INFY.NS,105411.0
2025-02-25,INFY.NS,105626.0
2025-02-27,INFY.NS,105423.0
2025-02-28,INFY.NS,100846.0
2025-03-03,INFY.NS,102094.0
2025-03-04,INFY.NS,100881.0
2025-03-05,INFY.NS,102268.0
2025-03-06,INFY.NS,102528.0
2025-03-07,INFY.NS,100744.0
2025-03-10,INFY.NS,101667.0
2025-03-11,INFY.NS,99286.0
2025-03-12,INFY.NS,95058.0
2025-03-13,INFY.NS,94401.0
2025-03-17,INFY.NS,95011.0
2025-03-18,INFY.NS,95011.0
2025-03-19,INFY.NS,94801.0
2025-03-20,INFY.NS,96534.0
2025-03-21,INFY.NS,95160.0
2025-03-24,INFY.NS,95172.0
2025-03-25,INFY.NS,97305.0
2025-03-26,INFY.NS,95572.0
2025-03-27,INFY.NS,95817.0
2025-03-28,INFY.NS,93851.0
2025-04-01,INFY.NS,91213.0
2025-04-02,INFY.NS,92626.0
2025-04-03,INFY.NS,89421.0
2025-04-04,INFY.NS,86741.0
2025-04-07,INFY.NS,83460.0
2025-04-08,INFY.NS,85375.0
2025-04-09,INFY.NS,83876.0
2025-04-11,INFY.NS,84219.0
2025-04-15,INFY.NS,85208.0
2025-04-16,INFY.NS,84437.0
2025-04-17,INFY.NS,84820.0
2025-04-21,INFY.NS,86702.0
2025-04-22,INFY.NS,85017.0
2025-04-23,INFY.NS,88130.0
2025-04-24,INFY.NS,87921.0
2025-04-25,INFY.NS,88447.0
2025-04-28,INFY.NS,88560.0
2025-04-29,INFY.NS,89480.0
2025-04-30,INFY.NS,89636.0
2025-05-02,INFY.NS,90042.0
2025-05-05,INFY.NS,90144.0
2025-05-06,INFY.NS,90317.0
2025-05-07,INFY.NS,90126.0
2025-05-08,INFY.NS,90311.0
2025-05-09,INFY.NS,90084.0
2025-05-12,INFY.NS,97213.0
2025-05-13,INFY.NS,93729.0
2025-05-14,INFY.NS,95151.0
2025-05-15,INFY.NS,96382.0
2025-05-16,INFY.NS,95002.0
2025-05-19,INFY.NS,93203.0
2025-05-20,INFY.NS,93251.0
2025-05-21,INFY.NS,93723.0
2025-05-22,INFY.NS,92468.0
2025-05-23,INFY.NS,93502.0
2025-05-26,INFY.NS,94440.0
2025-05-27,INFY.NS,93819.0
2025-05-28,INFY.NS,93920.0
2025-05-29,INFY.NS,94745.0
2025-05-30,INFY.NS,93376.0
2025-06-02,INFY.NS,92845.0
2025-06-03,INFY.NS,92199.0
2025-06-04,INFY.NS,92689.0
2025-06-05,INFY.NS,92874.0
2025-06-06,INFY.NS,93442.0
2025-06-09,INFY.NS,93986.0
2025-06-10,INFY.NS,95366.0
2025-06-11,INFY.NS,97463.0
2025-06-12,INFY.NS,96119.0
2025-06-13,INFY.NS,95725.0
2025-06-16,INFY.NS,97027.0
2025-06-17,INFY.NS,97989.0
2025-06-18,INFY.NS,97571.0
2025-06-19,INFY.NS,96705.0
2025-06-20,INFY.NS,96973.0
2025-06-23,INFY.NS,94649.0
2025-06-24,INFY.NS,94506.0
2025-06-25,INFY.NS,96495.0
2025-06-26,INFY.NS,96561.0
2025-06-27,INFY.NS,96083.0
2025-06-30,INFY.NS,95713.0
2025-07-01,INFY.NS,96011.0
2025-07-02,INFY.NS,96233.0
2025-07-03,INFY.NS,96723.0
2025-07-04,INFY.NS,98037.0
2025-07-07,INFY.NS,97218.0
2025-07-08,INFY.NS,97918.0
2025-07-09,INFY.NS,97619.0
2025-07-10,INFY.NS,96549.0
2025-07-11,INFY.NS,95300.0
2025-07-14,INFY.NS,93830.0
2025-07-15,INFY.NS,94745.0
2025-07-16,INFY.NS,96077.0
2025-07-17,INFY.NS,94619.0
2025-07-18,INFY.NS,94775.0
2025-07-21,INFY.NS,94667.0
2025-07-22,INFY.NS,93866.0
2025-07-23,INFY.NS,94081.0
2025-07-24,INFY.NS,92767.0
2025-07-25,INFY.NS,90568.0
2025-07-28,INFY.NS,90586.0
2025-07-29,INFY.NS,90448.0
2025-07-30,INFY.NS,90765.0
2025-07-31,INFY.NS,90168.0
2025-08-01,INFY.NS,87813.0
2025-08-04,INFY.NS,88465.0
2025-08-05,INFY.NS,87258.0
2025-08-06,INFY.NS,85847.0
2025-08-07,INFY.NS,85859.0
2025-08-08,INFY.NS,85035.0
2025-08-11,INFY.NS,85340.0
2025-08-12,INFY.NS,85095.0
2025-08-13,INFY.NS,85244.0
2025-08-14,INFY.NS,86505.0
2025-08-18,INFY.NS,85794.0
2025-08-19,INFY.NS,86045.0
2025-08-20,INFY.NS,89403.0
2025-08-21,INFY.NS,89415.0
2025-08-22,INFY.NS,88883.0
2025-08-25,INFY.NS,91548.0
2025-08-26,INFY.NS,91399.0
2025-08-28,INFY.NS,89636.0
2025-08-29,INFY.NS,87813.0
2025-09-01,INFY.NS,89594.0
2025-09-02,INFY.NS,89552.0
2025-09-03,INFY.NS,88381.0
2025-09-04,INFY.NS,87419.0
2025-09-05,INFY.NS,86319.0
2025-09-08,INFY.NS,85620.0
2025-09-09,INFY.NS,89887.0
2025-09-10,INFY.NS,91578.0
2025-09-11,INFY.NS,90209.0
2025-09-12,INFY.NS,91160.0
2025-09-15,INFY.NS,90132.0
2025-09-16,INFY.NS,90305.0
2025-09-17,INFY.NS,90968.0
2025-09-18,INFY.NS,92056.0
2025-09-19,INFY.NS,92032.0
2025-09-22,INFY.NS,89600.0
2025-09-23,INFY.NS,89480.0
2025-09-24,INFY.NS,89307.0
2025-09-25,INFY.NS,88722.0
2025-09-26,INFY.NS,86576.0
2025-09-29,INFY.NS,86152.0
2025-09-30,INFY.NS,86152.0
2025-10-01,INFY.NS,86391.0
2025-10-03,INFY.NS,86439.0
2025-10-06,INFY.NS,88196.0
2025-10-07,INFY.NS,87150.0
2025-10-08,INFY.NS,89331.0
2025-10-09,INFY.NS,90186.0
2025-10-10,INFY.NS,90520.0
2025-10-13,INFY.NS,89224.0
2025-10-14,INFY.NS,89026.0
2025-10-15,INFY.NS,88100.0
2025-10-16,INFY.NS,87927.0
2025-10-17,INFY.NS,86110.0
2025-10-20,INFY.NS,87293.0
2025-10-21,INFY.NS,87981.0
2025-10-23,INFY.NS,91333.0
2025-10-24,INFY.NS,91148.0
2025-10-27,INFY.NS,89899.0
2025-10-28,INFY.NS,89642.0
2025-10-29,INFY.NS,90251.0
2025-10-30,INFY.NS,89259.0
2025-10-31,INFY.NS,88572.0
2025-11-03,INFY.NS,88763.0
2025-11-04,INFY.NS,87712.0
2025-11-06,INFY.NS,87640.0
2025-11-07,INFY.NS,88244.0
2025-11-10,INFY.NS,90436.0
2025-11-11,INFY.NS,91440.0
2025-11-12,INFY.NS,92719.0
2025-11-13,INFY.NS,92128.0
2025-11-14,INFY.NS,89797.0
2025-11-17,INFY.NS,90084.0
2025-11-18,INFY.NS,88817.0
2025-11-19,INFY.NS,92086.0
2025-11-20,INFY.NS,91811.0
2025-11-21,INFY.NS,92319.0
2025-11-24,INFY.NS,92498.0
2025-11-25,INFY.NS,91458.0
2025-11-26,INFY.NS,93090.0
2025-11-27,INFY.NS,93597.0
2025-11-28,INFY.NS,93221.0
2025-12-01,INFY.NS,93454.0
2025-12-02,INFY.NS,93275.0
2025-12-03,INFY.NS,94332.0
2025-12-04,INFY.NS,95462.0
2025-12-05,INFY.NS,96573.0
2025-12-08,INFY.NS,96250.0
2025-12-09,INFY.NS,95545.0
2025-12-10,INFY.NS,94697.0
2025-12-11,INFY.NS,95486.0
2025-12-12,INFY.NS,95498.0
2025-12-15,INFY.NS,96011.0
2025-12-16,INFY.NS,95181.0
2025-12-17,INFY.NS,95725.0
2025-12-18,INFY.NS,97207.0
2025-12-19,INFY.NS,97918.0
2025-12-22,INFY.NS,100959.0
2025-12-23,INFY.NS,99686.0
2025-12-24,INFY.NS,99394.0
2025-12-26,INFY.NS,98957.0
2025-12-29,INFY.NS,98276.0
2025-12-30,INFY.NS,96896.0
2025-12-31,INFY.NS,96525.0
2026-01-01,INFY.NS,97386.0
2026-01-02,INFY.NS,98019.0
2026-01-05,INFY.NS,95988.0
2026-01-06,INFY.NS,96334.0
2026-01-07,INFY.NS,97936.0
2026-01-08,INFY.NS,96400.0
2026-01-09,INFY.NS,96448.0
2026-01-12,INFY.NS,95360.0
2026-01-13,INFY.NS,95545.0
2026-01-14,INFY.NS,95593.0
2026-01-15,INFY.NS,95593.0
2026-01-16,INFY.NS,100971.0
2026-01-19,INFY.NS,100457.0
2026-01-20,INFY.NS,99125.0
2026-01-21,INFY.NS,98856.0
2026-01-22,INFY.NS,99399.0
2026-01-23,INFY.NS,99836.0
2026-01-27,INFY.NS,100547.0
2026-01-28,INFY.NS,99579.0
2026-01-29,INFY.NS,99160.0
2026-01-30,INFY.NS,98055.0
2026-02-02,INFY.NS,97362.0
2026-02-03,INFY.NS,98951.0
2026-02-04,INFY.NS,91769.0
2026-02-05,INFY.NS,90837.0
2026-02-06,INFY.NS,90054.0
2026-02-09,INFY.NS,89463.0
2026-02-10,INFY.NS,89498.0
2026-02-11,INFY.NS,87951.0
2026-02-12,INFY.NS,82818.0
2026-02-13,INFY.NS,81808.0
2026-02-16,INFY.NS,81599.0
2026-02-17,INFY.NS,83129.0
2026-02-18,INFY.NS,82083.0
2026-02-19,INFY.NS,81892.0
2026-02-20,INFY.NS,80858.0
2026-02-23,INFY.NS,79322.0
2026-02-24,INFY.NS,76215.0
2026-02-25,INFY.NS,77088.0
2026-02-26,INFY.NS,77028.0
2026-02-27,INFY.NS,77685.0
2026-03-02,INFY.NS,77016.0
2026-03-04,INFY.NS,78121.0
2026-03-05,INFY.NS,78026.0
2026-03-06,INFY.NS,78181.0
2026-03-09,INFY.NS,78575.0
2026-03-10,INFY.NS,77416.0
2026-03-11,INFY.NS,76263.0
2026-03-12,INFY.NS,75636.0
2026-03-13,INFY.NS,74590.0
2026-03-16,INFY.NS,74680.0
2026-03-17,INFY.NS,73670.0
2026-03-18,INFY.NS,75713.0
2026-03-19,INFY.NS,72947.0
2026-03-20,INFY.NS,75044.0
2026-03-23,INFY.NS,75098.0
2026-03-24,INFY.NS,76383.0
2026-03-25,INFY.NS,76430.0
2026-03-27,INFY.NS,75869.0
2026-03-30,INFY.NS,74727.0
2026-04-01,INFY.NS,76227.0
2026-04-02,INFY.NS,77727.0
2026-04-06,INFY.NS,78050.0
2026-04-07,INFY.NS,80033.0
2026-04-08,INFY.NS,80440.0
2026-04-09,INFY.NS,79567.0
2026-04-10,INFY.NS,77231.0
2026-04-13,INFY.NS,76293.0
2026-04-15,INFY.NS,77996.0
2026-04-16,INFY.NS,78826.0
2026-04-17,INFY.NS,78797.0
2026-04-20,INFY.NS,78432.0
2026-04-21,INFY.NS,78468.0
2026-04-22,INFY.NS,75803.0
2026-04-23,INFY.NS,74130.0
2026-04-24,INFY.NS,68991.0
2026-04-27,INFY.NS,69929.0
2026-04-28,INFY.NS,68842.0
2026-04-29,INFY.NS,69762.0
2026-04-30,INFY.NS,70616.0
2026-05-01,INFY.NS,70616.0
2026-05-04,INFY.NS,69816.0
2026-05-05,INFY.NS,70395.0
2026-05-06,INFY.NS,69744.0
2026-05-07,INFY.NS,69475.0
2026-05-08,INFY.NS,70461.0
2026-05-11,INFY.NS,70330.0
2026-05-12,INFY.NS,68137.0
2026-05-13,INFY.NS,67109.0
2026-05-14,INFY.NS,65430.0
2026-05-15,INFY.NS,66864.0
2026-05-18,INFY.NS,68268.0
2026-05-19,INFY.NS,71519.0
2026-05-20,INFY.NS,71327.0
2026-05-21,INFY.NS,70580.0
2026-05-22,INFY.NS,70180.0
2026-05-25,INFY.NS,69822.0
2026-05-26,INFY.NS,69774.0
2026-05-27,INFY.NS,69308.0
2026-05-28,INFY.NS,69308.0
2026-05-29,INFY.NS,69368.0
2026-06-01,INFY.NS,71853.0
2026-06-02,INFY.NS,75934.0
2026-06-03,INFY.NS,73054.0
2026-06-04,INFY.NS,71782.0
2026-06-05,INFY.NS,71554.0
2026-06-08,INFY.NS,70963.0
2026-06-09,INFY.NS,70527.0
2026-06-10,INFY.NS,68435.0
2026-06-11,INFY.NS,66601.0
2026-06-12,INFY.NS,66708.0
2026-06-15,INFY.NS,67814.0
2026-06-16,INFY.NS,68334.0
2026-06-17,INFY.NS,69176.0
2026-06-18,INFY.NS,67372.0
2026-06-19,INFY.NS,62825.0
2026-06-22,INFY.NS,63661.0
2026-06-23,INFY.NS,61504.0
2026-06-24,INFY.NS,63135.0
2026-06-25,INFY.NS,62215.0
2026-06-26,INFY.NS,62215.0
2026-06-29,INFY.NS,61946.0
2026-06-30,INFY.NS,59777.0
2026-07-01,INFY.NS,58875.0
2026-07-02,INFY.NS,62197.0
2026-07-03,INFY.NS,62574.0
2026-07-06,INFY.NS,62275.0
2026-07-07,INFY.NS,64044.0
2026-07-08,INFY.NS,63894.0
2026-07-09,INFY.NS,62789.0
2026-07-10,INFY.NS,63816.0
2026-07-13,INFY.NS,65884.0
2026-07-14,INFY.NS,65304.0
2026-07-15,INFY.NS,64312.0
2026-07-16,INFY.NS,64677.0
2026-07-17,INFY.NS,65519.0
2026-07-20,INFY.NS,64958.0
2026-07-21,INFY.NS,64145.0
2026-07-22,INFY.NS,62866.0
2026-07-23,INFY.NS,62586.0
2026-07-24,INFY.NS,62197.0
2026-07-27,INFY.NS,64486.0
2026-07-28,INFY.NS,66069.0
2026-07-29,INFY.NS,69051.0
2026-07-30,INFY.NS,69021.0
2026-07-31,INFY.NS,67527.0
2026-08-03,INFY.NS,70509.0
2026-08-04,INFY.NS,69762.0
2026-08-05,INFY.NS,70150.0
2026-08-06,INFY.NS,69612.0
2026-08-07,INFY.NS,70216.0
2026-08-10,INFY.NS,70688.0
2026-08-11,INFY.NS,71148.0
2026-08-12,INFY.NS,70276.0
2026-08-13,INFY.NS,70210.0
2026-08-14,INFY.NS,69863.0
2026-08-17,INFY.NS,68113.0
2026-08-18,INFY.NS,66625.0
2026-08-19,INFY.NS,66912.0
2026-08-20,INFY.NS,67521.0
2026-08-21,INFY.NS,66983.0
2026-08-24,INFY.NS,67521.0
2026-08-25,INFY.NS,68358.0
2026-08-26,INFY.NS,66924.0
2026-08-27,INFY.NS,66374.0
2026-08-28,INFY.NS,68358.0
2026-08-31,INFY.NS,67748.0
2026-09-01,INFY.NS,69075.0
2026-09-02,INFY.NS,68119.0
2026-09-03,INFY.NS,67539.0
2026-09-04,INFY.NS,67521.0
2026-09-07,INFY.NS,64982.0
2026-09-08,INFY.NS,64653.0
2026-09-09,INFY.NS,61845.0
2026-09-10,INFY.NS,61934.0
2026-09-11,INFY.NS,62006.0
2026-09-14,INFY.NS,62006.0
2026-09-15,INFY.NS,64354.0
2026-09-16,INFY.NS,63338.0
2026-09-17,INFY.NS,63255.0
2026-09-18,INFY.NS,62825.0
2026-09-21,INFY.NS,62054.0
2026-09-22,INFY.NS,61510.0
2026-09-23,INFY.NS,60978.0
2026-09-24,INFY.NS,60620.0
2026-09-25,INFY.NS,59765.0
2026-09-28,INFY.NS,59944.0
2026-09-29,INFY.NS,60673.0
2026-09-30,INFY.NS,59401.0
2026-10-01,INFY.NS,61845.0
2026-10-02,INFY.NS,61845.0
2026-10-05,INFY.NS,60978.0
2026-10-06,INFY.NS,60581.0
2021-10-06,ITC.NS,100000.0
2021-10-07,ITC.NS,100735.0
2021-10-08,ITC.NS,100195.0
2021-10-11,ITC.NS,102941.0
2021-10-12,ITC.NS,104346.0
2021-10-13,ITC.NS,107762.0
2021-10-14,ITC.NS,110941.0
2021-10-18,ITC.NS,113535.0
2021-10-19,ITC.NS,106357.0
2021-10-20,ITC.NS,106638.0
2021-10-21,ITC.NS,105816.0
2021-10-22,ITC.NS,102314.0
2021-10-25,ITC.NS,100930.0
2021-10-26,ITC.NS,102357.0
2021-10-27,ITC.NS,103114.0
2021-10-28,ITC.NS,97341.0
2021-10-29,ITC.NS,96519.0
2021-11-01,ITC.NS,98097.0
2021-11-02,ITC.NS,97557.0
2021-11-03,ITC.NS,96195.0
2021-11-04,ITC.NS,97968.0
2021-11-08,ITC.NS,99373.0
2021-11-09,ITC.NS,98919.0
2021-11-10,ITC.NS,99827.0
2021-11-11,ITC.NS,99459.0
2021-11-12,ITC.NS,100714.0
2021-11-15,ITC.NS,102962.0
2021-11-16,ITC.NS,101816.0
2021-11-17,ITC.NS,103568.0
2021-11-18,ITC.NS,102703.0
2021-11-22,ITC.NS,99849.0
2021-11-23,ITC.NS,100151.0
2021-11-24,ITC.NS,98465.0
2021-11-25,ITC.NS,100022.0
2021-11-26,ITC.NS,96865.0
2021-11-29,ITC.NS,95784.0
2021-11-30,ITC.NS,95632.0
2021-12-01,ITC.NS,95957.0
2021-12-02,ITC.NS,97492.0
2021-12-03,ITC.NS,95849.0
2021-12-06,ITC.NS,94227.0
2021-12-07,ITC.NS,95416.0
2021-12-08,ITC.NS,97276.0
2021-12-09,ITC.NS,101795.0
2021-12-10,ITC.NS,102097.0
2021-12-13,ITC.NS,101449.0
2021-12-14,ITC.NS,98854.0
2021-12-15,ITC.NS,96886.0
2021-12-16,ITC.NS,96389.0
2021-12-17,ITC.NS,94249.0
2021-12-20,ITC.NS,91849.0
2021-12-21,ITC.NS,91892.0
2021-12-22,ITC.NS,91676.0
2021-12-23,ITC.NS,93968.0
2021-12-24,ITC.NS,94270.0
2021-12-27,ITC.NS,94076.0
2021-12-28,ITC.NS,95157.0
2021-12-29,ITC.NS,93730.0
2021-12-30,ITC.NS,93405.0
2021-12-31,ITC.NS,94292.0
2022-01-03,ITC.NS,94746.0
2022-01-04,ITC.NS,95243.0
2022-01-05,ITC.NS,95373.0
2022-01-06,ITC.NS,94573.0
2022-01-07,ITC.NS,94443.0
2022-01-10,ITC.NS,96562.0
2022-01-11,ITC.NS,95978.0
2022-01-12,ITC.NS,96324.0
2022-01-13,ITC.NS,96843.0
2022-01-14,ITC.NS,96259.0
2022-01-17,ITC.NS,97124.0
2022-01-18,ITC.NS,95459.0
2022-01-19,ITC.NS,95286.0
2022-01-20,ITC.NS,94595.0
2022-01-21,ITC.NS,93859.0
2022-01-24,ITC.NS,91589.0
2022-01-25,ITC.NS,92670.0
2022-01-27,ITC.NS,92800.0
2022-01-28,ITC.NS,94097.0
2022-01-31,ITC.NS,95222.0
2022-02-01,ITC.NS,98486.0
2022-02-02,ITC.NS,100389.0
2022-02-03,ITC.NS,101384.0
2022-02-04,ITC.NS,101319.0
2022-02-07,ITC.NS,99546.0
2022-02-08,ITC.NS,100000.0
2022-02-09,ITC.NS,99524.0
2022-02-10,ITC.NS,100432.0
2022-02-11,ITC.NS,100519.0
2022-02-14,ITC.NS,94897.0
2022-02-15,ITC.NS,96432.0
2022-02-16,ITC.NS,96324.0
2022-02-17,ITC.NS,96281.0
2022-02-18,ITC.NS,95957.0
2022-02-21,ITC.NS,94270.0
2022-02-22,ITC.NS,92908.0
2022-02-23,ITC.NS,93384.0
2022-02-24,ITC.NS,90162.0
2022-02-25,ITC.NS,92519.0
2022-02-28,ITC.NS,93341.0
2022-03-02,ITC.NS,93103.0
2022-03-03,ITC.NS,94876.0
2022-03-04,ITC.NS,97514.0
2022-03-07,ITC.NS,97276.0
2022-03-08,ITC.NS,98119.0
2022-03-09,ITC.NS,99135.0
2022-03-10,ITC.NS,100324.0
2022-03-11,ITC.NS,102205.0
2022-03-14,ITC.NS,103351.0
2022-03-15,ITC.NS,102854.0
2022-03-16,ITC.NS,104908.0
2022-03-17,ITC.NS,105903.0
2022-03-21,ITC.NS,105730.0
2022-03-22,ITC.NS,108000.0
2022-03-23,ITC.NS,108973.0
2022-03-24,ITC.NS,110205.0
2022-03-25,ITC.NS,109557.0
2022-03-28,ITC.NS,111157.0
2022-03-29,ITC.NS,110097.0
2022-03-30,ITC.NS,107762.0
2022-03-31,ITC.NS,108389.0
2022-04-01,ITC.NS,109535.0
2022-04-04,ITC.NS,110465.0
2022-04-05,ITC.NS,112195.0
2022-04-06,ITC.NS,112259.0
2022-04-07,ITC.NS,110984.0
2022-04-08,ITC.NS,115805.0
2022-04-11,ITC.NS,115676.0
2022-04-12,ITC.NS,114508.0
2022-04-13,ITC.NS,116562.0
2022-04-18,ITC.NS,116800.0
2022-04-19,ITC.NS,113103.0
2022-04-20,ITC.NS,112238.0
2022-04-21,ITC.NS,112605.0
2022-04-22,ITC.NS,112908.0
2022-04-25,ITC.NS,110378.0
2022-04-26,ITC.NS,111978.0
2022-04-27,ITC.NS,111351.0
2022-04-28,ITC.NS,112908.0
2022-04-29,ITC.NS,112238.0
2022-05-02,ITC.NS,113795.0
2022-05-04,ITC.NS,112324.0
2022-05-05,ITC.NS,113319.0
2022-05-06,ITC.NS,115308.0
2022-05-09,ITC.NS,113708.0
2022-05-10,ITC.NS,112324.0
2022-05-11,ITC.NS,110551.0
2022-05-12,ITC.NS,109362.0
2022-05-13,ITC.NS,111827.0
2022-05-16,ITC.NS,109881.0
2022-05-17,ITC.NS,114465.0
2022-05-18,ITC.NS,115373.0
2022-05-19,ITC.NS,119200.0
2022-05-20,ITC.NS,121081.0
2022-05-23,ITC.NS,118703.0
2022-05-24,ITC.NS,117124.0
2022-05-25,ITC.NS,117924.0
2022-05-26,ITC.NS,115330.0
2022-05-27,ITC.NS,116411.0
2022-05-30,ITC.NS,116346.0
2022-05-31,ITC.NS,117038.0
2022-06-01,ITC.NS,117557.0
2022-06-02,ITC.NS,118270.0
2022-06-03,ITC.NS,117924.0
2022-06-06,ITC.NS,118832.0
2022-06-07,ITC.NS,118443.0
2022-06-08,ITC.NS,115849.0
2022-06-09,ITC.NS,117124.0
2022-06-10,ITC.NS,116822.0
2022-06-13,ITC.NS,114443.0
2022-06-14,ITC.NS,114789.0
2022-06-15,ITC.NS,113903.0
2022-06-16,ITC.NS,112735.0
2022-06-17,ITC.NS,113859.0
2022-06-20,ITC.NS,114205.0
2022-06-21,ITC.NS,116714.0
2022-06-22,ITC.NS,114724.0
2022-06-23,ITC.NS,114811.0
2022-06-24,ITC.NS,114962.0
2022-06-27,ITC.NS,116735.0
2022-06-28,ITC.NS,117557.0
2022-06-29,ITC.NS,118508.0
2022-06-30,ITC.NS,118270.0
2022-07-01,ITC.NS,122962.0
2022-07-04,ITC.NS,126227.0
2022-07-05,ITC.NS,124065.0
2022-07-06,ITC.NS,125103.0
2022-07-07,ITC.NS,126249.0
2022-07-08,ITC.NS,126724.0
2022-07-11,ITC.NS,127568.0
2022-07-12,ITC.NS,126573.0
2022-07-13,ITC.NS,127157.0
2022-07-14,ITC.NS,125773.0
2022-07-15,ITC.NS,126941.0
2022-07-18,ITC.NS,127697.0
2022-07-19,ITC.NS,127395.0
2022-07-20,ITC.NS,128951.0
2022-07-21,ITC.NS,129535.0
2022-07-22,ITC.NS,129968.0
2022-07-25,ITC.NS,130205.0
2022-07-26,ITC.NS,130789.0
2022-07-27,ITC.NS,131524.0
2022-07-28,ITC.NS,131222.0
2022-07-29,ITC.NS,131049.0
2022-08-01,ITC.NS,132973.0
2022-08-02,ITC.NS,134032.0
2022-08-03,ITC.NS,133254.0
2022-08-04,ITC.NS,133838.0
2022-08-05,ITC.NS,134422.0
2022-08-08,ITC.NS,135416.0
2022-08-10,ITC.NS,134573.0
2022-08-11,ITC.NS,132432.0
2022-08-12,ITC.NS,133427.0
2022-08-16,ITC.NS,134292.0
2022-08-17,ITC.NS,135157.0
2022-08-18,ITC.NS,136497.0
2022-08-19,ITC.NS,134919.0
2022-08-22,ITC.NS,135957.0
2022-08-23,ITC.NS,136605.0
2022-08-24,ITC.NS,135827.0
2022-08-25,ITC.NS,135070.0
2022-08-26,ITC.NS,135308.0
2022-08-29,ITC.NS,135589.0
2022-08-30,ITC.NS,138595.0
2022-09-01,ITC.NS,137341.0
2022-09-02,ITC.NS,139741.0
2022-09-05,ITC.NS,142205.0
2022-09-06,ITC.NS,141470.0
2022-09-07,ITC.NS,141016.0
2022-09-08,ITC.NS,142659.0
2022-09-09,ITC.NS,142919.0
2022-09-12,ITC.NS,143092.0
2022-09-13,ITC.NS,144605.0
2022-09-14,ITC.NS,145016.0
2022-09-15,ITC.NS,144476.0
2022-09-16,ITC.NS,143265.0
2022-09-19,ITC.NS,145124.0
2022-09-20,ITC.NS,145297.0
2022-09-21,ITC.NS,147438.0
2022-09-22,ITC.NS,149211.0
2022-09-23,ITC.NS,149795.0
2022-09-26,ITC.NS,143827.0
2022-09-27,ITC.NS,144800.0
2022-09-28,ITC.NS,140519.0
2022-09-29,ITC.NS,144022.0
2022-09-30,ITC.NS,143654.0
2022-10-03,ITC.NS,140281.0
2022-10-04,ITC.NS,143935.0
2022-10-06,ITC.NS,145578.0
2022-10-07,ITC.NS,144476.0
2022-10-10,ITC.NS,141773.0
2022-10-11,ITC.NS,141103.0
2022-10-12,ITC.NS,142746.0
2022-10-13,ITC.NS,142119.0
2022-10-14,ITC.NS,143611.0
2022-10-17,ITC.NS,143676.0
2022-10-18,ITC.NS,147157.0
2022-10-19,ITC.NS,149773.0
2022-10-20,ITC.NS,151222.0
2022-10-21,ITC.NS,149449.0
2022-10-24,ITC.NS,150357.0
2022-10-25,ITC.NS,149751.0
2022-10-27,ITC.NS,149535.0
2022-10-28,ITC.NS,149535.0
2022-10-31,ITC.NS,150789.0
2022-11-01,ITC.NS,151135.0
2022-11-02,ITC.NS,153362.0
2022-11-03,ITC.NS,152951.0
2022-11-04,ITC.NS,152908.0
2022-11-07,ITC.NS,152865.0
2022-11-09,ITC.NS,155978.0
2022-11-10,ITC.NS,153946.0
2022-11-11,ITC.NS,154097.0
2022-11-14,ITC.NS,150141.0
2022-11-15,ITC.NS,149297.0
2022-11-16,ITC.NS,148800.0
2022-11-17,ITC.NS,148627.0
2022-11-18,ITC.NS,147481.0
2022-11-21,ITC.NS,145816.0
2022-11-22,ITC.NS,147135.0
2022-11-23,ITC.NS,146941.0
2022-11-24,ITC.NS,147351.0
2022-11-25,ITC.NS,147157.0
2022-11-28,ITC.NS,147049.0
2022-11-29,ITC.NS,148022.0
2022-11-30,ITC.NS,147027.0
2022-12-01,ITC.NS,146832.0
2022-12-02,ITC.NS,145795.0
2022-12-05,ITC.NS,145622.0
2022-12-06,ITC.NS,145859.0
2022-12-07,ITC.NS,147070.0
2022-12-08,ITC.NS,146335.0
2022-12-09,ITC.NS,147632.0
2022-12-12,ITC.NS,148411.0
2022-12-13,ITC.NS,149449.0
2022-12-14,ITC.NS,149362.0
2022-12-15,ITC.NS,146530.0
2022-12-16,ITC.NS,144908.0
2022-12-19,ITC.NS,147243.0
2022-12-20,ITC.NS,147092.0
2022-12-21,ITC.NS,144930.0
2022-12-22,ITC.NS,143762.0
2022-12-23,ITC.NS,141276.0
2022-12-26,ITC.NS,144692.0
2022-12-27,ITC.NS,144065.0
2022-12-28,ITC.NS,144605.0
2022-12-29,ITC.NS,145016.0
2022-12-30,ITC.NS,143373.0
2023-01-02,ITC.NS,143935.0
2023-01-03,ITC.NS,143178.0
2023-01-04,ITC.NS,141405.0
2023-01-05,ITC.NS,144195.0
2023-01-06,ITC.NS,144886.0
2023-01-09,ITC.NS,146184.0
2023-01-10,ITC.NS,144173.0
2023-01-11,ITC.NS,143481.0
2023-01-12,ITC.NS,142638.0
2023-01-13,ITC.NS,142162.0
2023-01-16,ITC.NS,142789.0
2023-01-17,ITC.NS,143676.0
2023-01-18,ITC.NS,144714.0
2023-01-19,ITC.NS,143632.0
2023-01-20,ITC.NS,144692.0
2023-01-23,ITC.NS,146054.0
2023-01-24,ITC.NS,146573.0
2023-01-25,ITC.NS,146703.0
2023-01-27,ITC.NS,149622.0
2023-01-30,ITC.NS,149103.0
2023-01-31,ITC.NS,152368.0
2023-02-01,ITC.NS,156281.0
2023-02-02,ITC.NS,163719.0
2023-02-03,ITC.NS,164605.0
2023-02-06,ITC.NS,165795.0
2023-02-07,ITC.NS,161405.0
2023-02-08,ITC.NS,162400.0
2023-02-09,ITC.NS,161838.0
2023-02-10,ITC.NS,160584.0
2023-02-13,ITC.NS,161816.0
2023-02-14,ITC.NS,167114.0
2023-02-15,ITC.NS,165276.0
2023-02-16,ITC.NS,165427.0
2023-02-17,ITC.NS,165795.0
2023-02-20,ITC.NS,166076.0
2023-02-21,ITC.NS,165297.0
2023-02-22,ITC.NS,165989.0
2023-02-23,ITC.NS,167611.0
2023-02-24,ITC.NS,166530.0
2023-02-27,ITC.NS,165276.0
2023-02-28,ITC.NS,162897.0
2023-03-01,ITC.NS,163762.0
2023-03-02,ITC.NS,162400.0
2023-03-03,ITC.NS,166465.0
2023-03-06,ITC.NS,167849.0
2023-03-08,ITC.NS,169686.0
2023-03-09,ITC.NS,167568.0
2023-03-10,ITC.NS,167784.0
2023-03-13,ITC.NS,165903.0
2023-03-14,ITC.NS,164195.0
2023-03-15,ITC.NS,164065.0
2023-03-16,ITC.NS,164951.0
2023-03-17,ITC.NS,162400.0
2023-03-20,ITC.NS,163805.0
2023-03-21,ITC.NS,163005.0
2023-03-22,ITC.NS,163351.0
2023-03-23,ITC.NS,164605.0
2023-03-24,ITC.NS,163762.0
2023-03-27,ITC.NS,164411.0
2023-03-28,ITC.NS,164216.0
2023-03-29,ITC.NS,165514.0
2023-03-31,ITC.NS,165838.0
2023-04-03,ITC.NS,163849.0
2023-04-05,ITC.NS,167092.0
2023-04-06,ITC.NS,167503.0
2023-04-10,ITC.NS,168022.0
2023-04-11,ITC.NS,171243.0
2023-04-12,ITC.NS,170184.0
2023-04-13,ITC.NS,171070.0
2023-04-17,ITC.NS,173038.0
2023-04-18,ITC.NS,172324.0
2023-04-19,ITC.NS,172432.0
2023-04-20,ITC.NS,173103.0
2023-04-21,ITC.NS,176541.0
2023-04-24,ITC.NS,176735.0
2023-04-25,ITC.NS,177968.0
2023-04-26,ITC.NS,178270.0
2023-04-27,ITC.NS,179892.0
2023-04-28,ITC.NS,184022.0
2023-05-02,ITC.NS,183546.0
2023-05-03,ITC.NS,184714.0
2023-05-04,ITC.NS,183611.0
2023-05-05,ITC.NS,185405.0
2023-05-08,ITC.NS,186573.0
2023-05-09,ITC.NS,183265.0
2023-05-10,ITC.NS,183935.0
2023-05-11,ITC.NS,181795.0
2023-05-12,ITC.NS,181816.0
2023-05-15,ITC.NS,184995.0
2023-05-16,ITC.NS,183330.0
2023-05-17,ITC.NS,184908.0
2023-05-18,ITC.NS,181492.0
2023-05-19,ITC.NS,181557.0
2023-05-22,ITC.NS,183676.0
2023-05-23,ITC.NS,185578.0
2023-05-24,ITC.NS,187459.0
2023-05-25,ITC.NS,190768.0
2023-05-26,ITC.NS,191827.0
2023-05-29,ITC.NS,194205.0
2023-05-30,ITC.NS,194551.0
2023-05-31,ITC.NS,192649.0
2023-06-01,ITC.NS,190141.0
2023-06-02,ITC.NS,191741.0
2023-06-05,ITC.NS,190551.0
2023-06-06,ITC.NS,191481.0
2023-06-07,ITC.NS,191978.0
2023-06-08,ITC.NS,191524.0
2023-06-09,ITC.NS,189600.0
2023-06-12,ITC.NS,188951.0
2023-06-13,ITC.NS,192605.0
2023-06-14,ITC.NS,192216.0
2023-06-15,ITC.NS,193773.0
2023-06-16,ITC.NS,195935.0
2023-06-19,ITC.NS,196151.0
2023-06-20,ITC.NS,195827.0
2023-06-21,ITC.NS,193319.0
2023-06-22,ITC.NS,193578.0
2023-06-23,ITC.NS,192324.0
2023-06-26,ITC.NS,192735.0
2023-06-27,ITC.NS,192476.0
2023-06-28,ITC.NS,194314.0
2023-06-30,ITC.NS,195286.0
2023-07-03,ITC.NS,200324.0
2023-07-04,ITC.NS,201665.0
2023-07-05,ITC.NS,205449.0
2023-07-06,ITC.NS,204930.0
2023-07-07,ITC.NS,202551.0
2023-07-10,ITC.NS,201449.0
2023-07-11,ITC.NS,204605.0
2023-07-12,ITC.NS,204238.0
2023-07-13,ITC.NS,204108.0
2023-07-14,ITC.NS,204497.0
2023-07-17,ITC.NS,204259.0
2023-07-18,ITC.NS,204324.0
2023-07-19,ITC.NS,207070.0
2023-07-20,ITC.NS,212822.0
2023-07-21,ITC.NS,212086.0
2023-07-24,ITC.NS,203827.0
2023-07-25,ITC.NS,199914.0
2023-07-26,ITC.NS,204216.0
2023-07-27,ITC.NS,201103.0
2023-07-28,ITC.NS,202573.0
2023-07-31,ITC.NS,201384.0
2023-08-01,ITC.NS,200995.0
2023-08-02,ITC.NS,198962.0
2023-08-03,ITC.NS,197211.0
2023-08-04,ITC.NS,196735.0
2023-08-07,ITC.NS,196714.0
2023-08-08,ITC.NS,195611.0
2023-08-09,ITC.NS,198335.0
2023-08-10,ITC.NS,195351.0
2023-08-11,ITC.NS,194054.0
2023-08-14,ITC.NS,194249.0
2023-08-16,ITC.NS,194703.0
2023-08-17,ITC.NS,190703.0
2023-08-18,ITC.NS,190984.0
2023-08-21,ITC.NS,193643.0
2023-08-22,ITC.NS,196432.0
2023-08-23,ITC.NS,194789.0
2023-08-24,ITC.NS,194984.0
2023-08-25,ITC.NS,191719.0
2023-08-28,ITC.NS,190876.0
2023-08-29,ITC.NS,190314.0
2023-08-30,ITC.NS,191481.0
2023-08-31,ITC.NS,190141.0
2023-09-01,ITC.NS,190724.0
2023-09-04,ITC.NS,189189.0
2023-09-05,ITC.NS,191611.0
2023-09-06,ITC.NS,193492.0
2023-09-07,ITC.NS,192822.0
2023-09-08,ITC.NS,191416.0
2023-09-11,ITC.NS,193384.0
2023-09-12,ITC.NS,195092.0
2023-09-13,ITC.NS,196108.0
2023-09-14,ITC.NS,194573.0
2023-09-15,ITC.NS,193881.0
2023-09-18,ITC.NS,195481.0
2023-09-20,ITC.NS,195870.0
2023-09-21,ITC.NS,193514.0
2023-09-22,ITC.NS,191611.0
2023-09-25,ITC.NS,191395.0
2023-09-26,ITC.NS,191330.0
2023-09-27,ITC.NS,194227.0
2023-09-28,ITC.NS,190595.0
2023-09-29,ITC.NS,192173.0
2023-10-03,ITC.NS,190162.0
2023-10-04,ITC.NS,188584.0
2023-10-05,ITC.NS,188562.0
2023-10-06,ITC.NS,191200.0
2023-10-09,ITC.NS,190465.0
2023-10-10,ITC.NS,192173.0
2023-10-11,ITC.NS,193838.0
2023-10-12,ITC.NS,194897.0
2023-10-13,ITC.NS,193881.0
2023-10-16,ITC.NS,194141.0
2023-10-17,ITC.NS,196086.0
2023-10-18,ITC.NS,195308.0
2023-10-19,ITC.NS,194768.0
2023-10-20,ITC.NS,189535.0
2023-10-23,ITC.NS,188497.0
2023-10-25,ITC.NS,187114.0
2023-10-26,ITC.NS,187827.0
2023-10-27,ITC.NS,187568.0
2023-10-30,ITC.NS,186141.0
2023-10-31,ITC.NS,185254.0
2023-11-01,ITC.NS,185124.0
2023-11-02,ITC.NS,186443.0
2023-11-03,ITC.NS,187351.0
2023-11-06,ITC.NS,188259.0
2023-11-07,ITC.NS,187114.0
2023-11-08,ITC.NS,188951.0
2023-11-09,ITC.NS,187849.0
2023-11-10,ITC.NS,188778.0
2023-11-13,ITC.NS,188541.0
2023-11-15,ITC.NS,191114.0
2023-11-16,ITC.NS,189686.0
2023-11-17,ITC.NS,189946.0
2023-11-20,ITC.NS,188886.0
2023-11-21,ITC.NS,188649.0
2023-11-22,ITC.NS,190141.0
2023-11-23,ITC.NS,190422.0
2023-11-24,ITC.NS,189319.0
2023-11-28,ITC.NS,188216.0
2023-11-29,ITC.NS,189059.0
2023-11-30,ITC.NS,188454.0
2023-12-01,ITC.NS,194508.0
2023-12-04,ITC.NS,196346.0
2023-12-05,ITC.NS,195351.0
2023-12-06,ITC.NS,200324.0
2023-12-07,ITC.NS,198097.0
2023-12-08,ITC.NS,194227.0
2023-12-11,ITC.NS,195654.0
2023-12-12,ITC.NS,195935.0
2023-12-13,ITC.NS,197038.0
2023-12-14,ITC.NS,198962.0
2023-12-15,ITC.NS,198141.0
2023-12-18,ITC.NS,195308.0
2023-12-19,ITC.NS,197232.0
2023-12-20,ITC.NS,195027.0
2023-12-21,ITC.NS,195222.0
2023-12-22,ITC.NS,196843.0
2023-12-26,ITC.NS,197384.0
2023-12-27,ITC.NS,197665.0
2023-12-28,ITC.NS,200692.0
2023-12-29,ITC.NS,199827.0
2024-01-01,ITC.NS,202400.0
2024-01-02,ITC.NS,203395.0
2024-01-03,ITC.NS,206378.0
2024-01-04,ITC.NS,206011.0
2024-01-05,ITC.NS,204951.0
2024-01-08,ITC.NS,201297.0
2024-01-09,ITC.NS,200886.0
2024-01-10,ITC.NS,200346.0
2024-01-11,ITC.NS,200065.0
2024-01-12,ITC.NS,201816.0
2024-01-15,ITC.NS,202205.0
2024-01-16,ITC.NS,204238.0
2024-01-17,ITC.NS,201773.0
2024-01-18,ITC.NS,201297.0
2024-01-19,ITC.NS,203892.0
2024-01-23,ITC.NS,198616.0
2024-01-24,ITC.NS,200476.0
2024-01-25,ITC.NS,197038.0
2024-01-29,ITC.NS,194508.0
2024-01-30,ITC.NS,189427.0
2024-01-31,ITC.NS,190941.0
2024-02-01,ITC.NS,191524.0
2024-02-02,ITC.NS,190314.0
2024-02-05,ITC.NS,189427.0
2024-02-06,ITC.NS,186551.0
2024-02-07,ITC.NS,186724.0
2024-02-08,ITC.NS,179265.0
2024-02-09,ITC.NS,179676.0
2024-02-12,ITC.NS,175935.0
2024-02-13,ITC.NS,175892.0
2024-02-14,ITC.NS,177968.0
2024-02-15,ITC.NS,174659.0
2024-02-16,ITC.NS,174962.0
2024-02-19,ITC.NS,176973.0
2024-02-20,ITC.NS,175611.0
2024-02-21,ITC.NS,174422.0
2024-02-22,ITC.NS,179222.0
2024-02-23,ITC.NS,177903.0
2024-02-26,ITC.NS,176951.0
2024-02-27,ITC.NS,177795.0
2024-02-28,ITC.NS,176562.0
2024-02-29,ITC.NS,175697.0
2024-03-01,ITC.NS,177081.0
2024-03-04,ITC.NS,176908.0
2024-03-05,ITC.NS,175632.0
2024-03-06,ITC.NS,176368.0
2024-03-07,ITC.NS,178832.0
2024-03-11,ITC.NS,177038.0
2024-03-12,ITC.NS,174897.0
2024-03-13,ITC.NS,182681.0
2024-03-14,ITC.NS,181470.0
2024-03-15,ITC.NS,181232.0
2024-03-18,ITC.NS,180519.0
2024-03-19,ITC.NS,177103.0
2024-03-20,ITC.NS,179762.0
2024-03-21,ITC.NS,182162.0
2024-03-22,ITC.NS,185341.0
2024-03-26,ITC.NS,184930.0
2024-03-27,ITC.NS,185081.0
2024-03-28,ITC.NS,185232.0
2024-04-01,ITC.NS,184519.0
2024-04-02,ITC.NS,184151.0
2024-04-03,ITC.NS,183870.0
2024-04-04,ITC.NS,182811.0
2024-04-05,ITC.NS,184886.0
2024-04-08,ITC.NS,185557.0
2024-04-09,ITC.NS,184368.0
2024-04-10,ITC.NS,188951.0
2024-04-12,ITC.NS,185989.0
2024-04-15,ITC.NS,184173.0
2024-04-16,ITC.NS,184173.0
2024-04-18,ITC.NS,181124.0
2024-04-19,ITC.NS,183676.0
2024-04-22,ITC.NS,183914.0
2024-04-23,ITC.NS,185600.0
2024-04-24,ITC.NS,185470.0
2024-04-25,ITC.NS,189211.0
2024-04-26,ITC.NS,190270.0
2024-04-29,ITC.NS,189492.0
2024-04-30,ITC.NS,188389.0
2024-05-02,ITC.NS,189838.0
2024-05-03,ITC.NS,188735.0
2024-05-06,ITC.NS,188000.0
2024-05-07,ITC.NS,190422.0
2024-05-08,ITC.NS,190703.0
2024-05-09,ITC.NS,183827.0
2024-05-10,ITC.NS,187395.0
2024-05-13,ITC.NS,186746.0
2024-05-14,ITC.NS,185816.0
2024-05-15,ITC.NS,184995.0
2024-05-16,ITC.NS,186573.0
2024-05-17,ITC.NS,188670.0
2024-05-21,ITC.NS,188022.0
2024-05-22,ITC.NS,190227.0
2024-05-23,ITC.NS,190854.0
2024-05-24,ITC.NS,188627.0
2024-05-27,ITC.NS,186595.0
2024-05-28,ITC.NS,185514.0
2024-05-29,ITC.NS,186357.0
2024-05-30,ITC.NS,183286.0
2024-05-31,ITC.NS,184411.0
2024-06-03,ITC.NS,186097.0
2024-06-04,ITC.NS,179546.0
2024-06-05,ITC.NS,186076.0
2024-06-06,ITC.NS,188281.0
2024-06-07,ITC.NS,189903.0
2024-06-10,ITC.NS,188930.0
2024-06-11,ITC.NS,187243.0
2024-06-12,ITC.NS,186941.0
2024-06-13,ITC.NS,186076.0
2024-06-14,ITC.NS,186443.0
2024-06-18,ITC.NS,185405.0
2024-06-19,ITC.NS,183200.0
2024-06-20,ITC.NS,183049.0
2024-06-21,ITC.NS,181449.0
2024-06-24,ITC.NS,183049.0
2024-06-25,ITC.NS,183049.0
2024-06-26,ITC.NS,183330.0
2024-06-27,ITC.NS,184043.0
2024-06-28,ITC.NS,183741.0
2024-07-01,ITC.NS,185535.0
2024-07-02,ITC.NS,184000.0
2024-07-03,ITC.NS,185211.0
2024-07-04,ITC.NS,185535.0
2024-07-05,ITC.NS,187524.0
2024-07-08,ITC.NS,191827.0
2024-07-09,ITC.NS,195719.0
2024-07-10,ITC.NS,195222.0
2024-07-11,ITC.NS,198335.0
2024-07-12,ITC.NS,198508.0
2024-07-15,ITC.NS,200389.0
2024-07-16,ITC.NS,201319.0
2024-07-18,ITC.NS,203351.0
2024-07-19,ITC.NS,205211.0
2024-07-22,ITC.NS,201751.0
2024-07-23,ITC.NS,212843.0
2024-07-24,ITC.NS,213643.0
2024-07-25,ITC.NS,211870.0
2024-07-26,ITC.NS,217168.0
2024-07-29,ITC.NS,214508.0
2024-07-30,ITC.NS,211849.0
2024-07-31,ITC.NS,214205.0
2024-08-01,ITC.NS,213492.0
2024-08-02,ITC.NS,211503.0
2024-08-05,ITC.NS,210162.0
2024-08-06,ITC.NS,210292.0
2024-08-07,ITC.NS,213038.0
2024-08-08,ITC.NS,213946.0
2024-08-09,ITC.NS,214443.0
2024-08-12,ITC.NS,213881.0
2024-08-13,ITC.NS,211892.0
2024-08-14,ITC.NS,212843.0
2024-08-16,ITC.NS,217362.0
2024-08-19,ITC.NS,216843.0
2024-08-20,ITC.NS,215697.0
2024-08-21,ITC.NS,218551.0
2024-08-22,ITC.NS,218184.0
2024-08-23,ITC.NS,218724.0
2024-08-26,ITC.NS,218681.0
2024-08-27,ITC.NS,216476.0
2024-08-28,ITC.NS,215049.0
2024-08-29,ITC.NS,218422.0
2024-08-30,ITC.NS,217038.0
2024-09-02,ITC.NS,220562.0
2024-09-03,ITC.NS,220281.0
2024-09-04,ITC.NS,218962.0
2024-09-05,ITC.NS,221059.0
2024-09-06,ITC.NS,216951.0
2024-09-09,ITC.NS,221297.0
2024-09-10,ITC.NS,222097.0
2024-09-11,ITC.NS,222422.0
2024-09-12,ITC.NS,224649.0
2024-09-13,ITC.NS,222205.0
2024-09-16,ITC.NS,221016.0
2024-09-17,ITC.NS,219568.0
2024-09-18,ITC.NS,219395.0
2024-09-19,ITC.NS,219784.0
2024-09-20,ITC.NS,222443.0
2024-09-23,ITC.NS,223546.0
2024-09-24,ITC.NS,222811.0
2024-09-25,ITC.NS,223805.0
2024-09-26,ITC.NS,226054.0
2024-09-27,ITC.NS,226032.0
2024-09-30,ITC.NS,224065.0
2024-10-01,ITC.NS,223222.0
2024-10-03,ITC.NS,221730.0
2024-10-04,ITC.NS,217751.0
2024-10-07,ITC.NS,220627.0
2024-10-08,ITC.NS,219654.0
2024-10-09,ITC.NS,212627.0
2024-10-10,ITC.NS,212778.0
2024-10-11,ITC.NS,211114.0
2024-10-14,ITC.NS,214897.0
2024-10-15,ITC.NS,215589.0
2024-10-16,ITC.NS,213276.0
2024-10-17,ITC.NS,211416.0
2024-10-18,ITC.NS,210465.0
2024-10-21,ITC.NS,209146.0
2024-10-22,ITC.NS,208346.0
2024-10-23,ITC.NS,207719.0
2024-10-24,ITC.NS,203978.0
2024-10-25,ITC.NS,208562.0
2024-10-28,ITC.NS,209362.0
2024-10-29,ITC.NS,211005.0
2024-10-30,ITC.NS,212562.0
2024-10-31,ITC.NS,211373.0
2024-11-01,ITC.NS,212022.0
2024-11-04,ITC.NS,209557.0
2024-11-05,ITC.NS,207654.0
2024-11-06,ITC.NS,208043.0
2024-11-07,ITC.NS,206659.0
2024-11-08,ITC.NS,206724.0
2024-11-11,ITC.NS,206249.0
2024-11-12,ITC.NS,204476.0
2024-11-13,ITC.NS,204195.0
2024-11-14,ITC.NS,201492.0
2024-11-18,ITC.NS,201751.0
2024-11-19,ITC.NS,202097.0
2024-11-21,ITC.NS,197686.0
2024-11-22,ITC.NS,205254.0
2024-11-25,ITC.NS,206184.0
2024-11-26,ITC.NS,206270.0
2024-11-27,ITC.NS,206249.0
2024-11-28,ITC.NS,205362.0
2024-11-29,ITC.NS,206162.0
2024-12-02,ITC.NS,206357.0
2024-12-03,ITC.NS,204346.0
2024-12-04,ITC.NS,201989.0
2024-12-05,ITC.NS,202162.0
2024-12-06,ITC.NS,203741.0
2024-12-09,ITC.NS,201059.0
2024-12-10,ITC.NS,201276.0
2024-12-11,ITC.NS,201189.0
2024-12-12,ITC.NS,199178.0
2024-12-13,ITC.NS,203243.0
2024-12-16,ITC.NS,203286.0
2024-12-17,ITC.NS,203049.0
2024-12-18,ITC.NS,203459.0
2024-12-19,ITC.NS,201751.0
2024-12-20,ITC.NS,200930.0
2024-12-23,ITC.NS,205081.0
2024-12-24,ITC.NS,206897.0
2024-12-26,ITC.NS,206249.0
2024-12-27,ITC.NS,206962.0
2024-12-30,ITC.NS,206270.0
2024-12-31,ITC.NS,209146.0
2025-01-01,ITC.NS,209276.0
2025-01-02,ITC.NS,211481.0
2025-01-03,ITC.NS,208259.0
2025-01-06,ITC.NS,198788.0
2025-01-07,ITC.NS,198092.0
2025-01-08,ITC.NS,201887.0
2025-01-09,ITC.NS,202134.0
2025-01-10,ITC.NS,199799.0
2025-01-13,ITC.NS,197172.0
2025-01-14,ITC.NS,196071.0
2025-01-15,ITC.NS,196408.0
2025-01-16,ITC.NS,194387.0
2025-01-17,ITC.NS,197688.0
2025-01-20,ITC.NS,196565.0
2025-01-21,ITC.NS,196498.0
2025-01-22,ITC.NS,196251.0
2025-01-23,ITC.NS,197688.0
2025-01-24,ITC.NS,198317.0
2025-01-27,ITC.NS,197643.0
2025-01-28,ITC.NS,195555.0
2025-01-29,ITC.NS,194612.0
2025-01-30,ITC.NS,195892.0
2025-01-31,ITC.NS,200966.0
2025-02-01,ITC.NS,207725.0
2025-02-03,ITC.NS,204043.0
2025-02-04,ITC.NS,204402.0
2025-02-05,ITC.NS,201258.0
2025-02-06,ITC.NS,198092.0
2025-02-07,ITC.NS,193489.0
2025-02-10,ITC.NS,191850.0
2025-02-11,ITC.NS,187853.0
2025-02-12,ITC.NS,184081.0
2025-02-13,ITC.NS,183991.0
2025-02-14,ITC.NS,184238.0
2025-02-17,ITC.NS,183497.0
2025-02-18,ITC.NS,181992.0
2025-02-19,ITC.NS,182509.0
2025-02-20,ITC.NS,180555.0
2025-02-21,ITC.NS,180039.0
2025-02-24,ITC.NS,180488.0
2025-02-25,ITC.NS,181813.0
2025-02-27,ITC.NS,180353.0
2025-02-28,ITC.NS,177389.0
2025-03-03,ITC.NS,178490.0
2025-03-04,ITC.NS,177322.0
2025-03-05,ITC.NS,181903.0
2025-03-06,ITC.NS,182194.0
2025-03-07,ITC.NS,181386.0
2025-03-10,ITC.NS,181880.0
2025-03-11,ITC.NS,182419.0
2025-03-12,ITC.NS,185203.0
2025-03-13,ITC.NS,185046.0
2025-03-17,ITC.NS,183205.0
2025-03-18,ITC.NS,183721.0
2025-03-19,ITC.NS,181004.0
2025-03-20,ITC.NS,181409.0
2025-03-21,ITC.NS,182127.0
2025-03-24,ITC.NS,184530.0
2025-03-25,ITC.NS,184036.0
2025-03-26,ITC.NS,182935.0
2025-03-27,ITC.NS,183879.0
2025-03-28,ITC.NS,184013.0
2025-04-01,ITC.NS,182621.0
2025-04-02,ITC.NS,183699.0
2025-04-03,ITC.NS,183856.0
2025-04-04,ITC.NS,183991.0
2025-04-07,ITC.NS,182352.0
2025-04-08,ITC.NS,185271.0
2025-04-09,ITC.NS,186955.0
2025-04-11,ITC.NS,189312.0
2025-04-15,ITC.NS,188796.0
2025-04-16,ITC.NS,190615.0
2025-04-17,ITC.NS,191872.0
2025-04-21,ITC.NS,189896.0
2025-04-22,ITC.NS,194724.0
2025-04-23,ITC.NS,193489.0
2025-04-24,ITC.NS,193130.0
2025-04-25,ITC.NS,192119.0
2025-04-28,ITC.NS,192568.0
2025-04-29,ITC.NS,191311.0
2025-04-30,ITC.NS,191221.0
2025-05-02,ITC.NS,192883.0
2025-05-05,ITC.NS,196228.0
2025-05-06,ITC.NS,195600.0
2025-05-07,ITC.NS,193624.0
2025-05-08,ITC.NS,193377.0
2025-05-09,ITC.NS,190211.0
2025-05-12,ITC.NS,195577.0
2025-05-13,ITC.NS,192164.0
2025-05-14,ITC.NS,192703.0
2025-05-15,ITC.NS,194297.0
2025-05-16,ITC.NS,195667.0
2025-05-19,ITC.NS,195510.0
2025-05-20,ITC.NS,195308.0
2025-05-21,ITC.NS,194455.0
2025-05-22,ITC.NS,191356.0
2025-05-23,ITC.NS,195937.0
2025-05-26,ITC.NS,198900.0
2025-05-27,ITC.NS,194859.0
2025-05-28,ITC.NS,188706.0
2025-05-29,ITC.NS,188055.0
2025-05-30,ITC.NS,187741.0
2025-06-02,ITC.NS,188302.0
2025-06-03,ITC.NS,187247.0
2025-06-04,ITC.NS,187269.0
2025-06-05,ITC.NS,188212.0
2025-06-06,ITC.NS,189088.0
2025-06-09,ITC.NS,189986.0
2025-06-10,ITC.NS,191760.0
2025-06-11,ITC.NS,191378.0
2025-06-12,ITC.NS,189066.0
2025-06-13,ITC.NS,185877.0
2025-06-16,ITC.NS,187808.0
2025-06-17,ITC.NS,187449.0
2025-06-18,ITC.NS,186775.0
2025-06-19,ITC.NS,186820.0
2025-06-20,ITC.NS,187965.0
2025-06-23,ITC.NS,185877.0
2025-06-24,ITC.NS,186079.0
2025-06-25,ITC.NS,186977.0
2025-06-26,ITC.NS,188751.0
2025-06-27,ITC.NS,188010.0
2025-06-30,ITC.NS,187022.0
2025-07-01,ITC.NS,186416.0
2025-07-02,ITC.NS,185450.0
2025-07-03,ITC.NS,185630.0
2025-07-04,ITC.NS,185271.0
2025-07-07,ITC.NS,186887.0
2025-07-08,ITC.NS,187359.0
2025-07-09,ITC.NS,188369.0
2025-07-10,ITC.NS,187202.0
2025-07-11,ITC.NS,187179.0
2025-07-14,ITC.NS,188347.0
2025-07-15,ITC.NS,189560.0
2025-07-16,ITC.NS,190682.0
2025-07-17,ITC.NS,190390.0
2025-07-18,ITC.NS,189851.0
2025-07-21,ITC.NS,188661.0
2025-07-22,ITC.NS,186820.0
2025-07-23,ITC.NS,186349.0
2025-07-24,ITC.NS,184103.0
2025-07-25,ITC.NS,183856.0
2025-07-28,ITC.NS,184081.0
2025-07-29,ITC.NS,183429.0
2025-07-30,ITC.NS,183048.0
2025-07-31,ITC.NS,185001.0
2025-08-01,ITC.NS,187022.0
2025-08-04,ITC.NS,187202.0
2025-08-05,ITC.NS,185989.0
2025-08-06,ITC.NS,185024.0
2025-08-07,ITC.NS,185742.0
2025-08-08,ITC.NS,186146.0
2025-08-11,ITC.NS,187202.0
2025-08-12,ITC.NS,186977.0
2025-08-13,ITC.NS,185967.0
2025-08-14,ITC.NS,184777.0
2025-08-18,ITC.NS,182464.0
2025-08-19,ITC.NS,183721.0
2025-08-20,ITC.NS,182352.0
2025-08-21,ITC.NS,182127.0
2025-08-22,ITC.NS,178871.0
2025-08-25,ITC.NS,179343.0
2025-08-26,ITC.NS,181139.0
2025-08-28,ITC.NS,180039.0
2025-08-29,ITC.NS,184013.0
2025-09-01,ITC.NS,182262.0
2025-09-02,ITC.NS,182666.0
2025-09-03,ITC.NS,184911.0
2025-09-04,ITC.NS,186775.0
2025-09-05,ITC.NS,182935.0
2025-09-08,ITC.NS,183025.0
2025-09-09,ITC.NS,184148.0
2025-09-10,ITC.NS,185495.0
2025-09-11,ITC.NS,186393.0
2025-09-12,ITC.NS,185810.0
2025-09-15,ITC.NS,185316.0
2025-09-16,ITC.NS,185518.0
2025-09-17,ITC.NS,183811.0
2025-09-18,ITC.NS,184822.0
2025-09-19,ITC.NS,184417.0
2025-09-22,ITC.NS,182756.0
2025-09-23,ITC.NS,181072.0
2025-09-24,ITC.NS,180084.0
2025-09-25,ITC.NS,179680.0
2025-09-26,ITC.NS,181925.0
2025-09-29,ITC.NS,182891.0
2025-09-30,ITC.NS,180331.0
2025-10-01,ITC.NS,182150.0
2025-10-03,ITC.NS,181566.0
2025-10-06,ITC.NS,179971.0
2025-10-07,ITC.NS,179545.0
2025-10-08,ITC.NS,179522.0
2025-10-09,ITC.NS,179590.0
2025-10-10,ITC.NS,180892.0
2025-10-13,ITC.NS,179298.0
2025-10-14,ITC.NS,178198.0
2025-10-15,ITC.NS,179590.0
2025-10-16,ITC.NS,181947.0
2025-10-17,ITC.NS,185091.0
2025-10-20,ITC.NS,185495.0
2025-10-21,ITC.NS,185405.0
2025-10-23,ITC.NS,186798.0
2025-10-24,ITC.NS,187179.0
2025-10-27,ITC.NS,188908.0
2025-10-28,ITC.NS,187673.0
2025-10-29,ITC.NS,189335.0
2025-10-30,ITC.NS,188055.0
2025-10-31,ITC.NS,188774.0
2025-11-03,ITC.NS,185899.0
2025-11-04,ITC.NS,183632.0
2025-11-06,ITC.NS,183003.0
2025-11-07,ITC.NS,181453.0
2025-11-10,ITC.NS,182127.0
2025-11-11,ITC.NS,182711.0
2025-11-12,ITC.NS,182778.0
2025-11-13,ITC.NS,182194.0
2025-11-14,ITC.NS,183295.0
2025-11-17,ITC.NS,182823.0
2025-11-18,ITC.NS,182262.0
2025-11-19,ITC.NS,181229.0
2025-11-20,ITC.NS,182082.0
2025-11-21,ITC.NS,183160.0
2025-11-24,ITC.NS,181229.0
2025-11-25,ITC.NS,179994.0
2025-11-26,ITC.NS,180668.0
2025-11-27,ITC.NS,181566.0
2025-11-28,ITC.NS,181543.0
2025-12-01,ITC.NS,181543.0
2025-12-02,ITC.NS,180061.0
2025-12-03,ITC.NS,179859.0
2025-12-04,ITC.NS,181004.0
2025-12-05,ITC.NS,181858.0
2025-12-08,ITC.NS,180668.0
2025-12-09,ITC.NS,180106.0
2025-12-10,ITC.NS,181049.0
2025-12-11,ITC.NS,180937.0
2025-12-12,ITC.NS,179680.0
2025-12-15,ITC.NS,180668.0
2025-12-16,ITC.NS,180398.0
2025-12-17,ITC.NS,179545.0
2025-12-18,ITC.NS,179814.0
2025-12-19,ITC.NS,180106.0
2025-12-22,ITC.NS,180847.0
2025-12-23,ITC.NS,182935.0
2025-12-24,ITC.NS,182599.0
2025-12-26,ITC.NS,181498.0
2025-12-29,ITC.NS,180802.0
2025-12-30,ITC.NS,179904.0
2025-12-31,ITC.NS,180982.0
2026-01-01,ITC.NS,163400.0
2026-01-02,ITC.NS,157203.0
2026-01-05,ITC.NS,157046.0
2026-01-06,ITC.NS,153790.0
2026-01-07,ITC.NS,153251.0
2026-01-08,ITC.NS,153094.0
2026-01-09,ITC.NS,151410.0
2026-01-12,ITC.NS,151971.0
2026-01-13,ITC.NS,150309.0
2026-01-14,ITC.NS,150332.0
2026-01-15,ITC.NS,150332.0
2026-01-16,ITC.NS,147839.0
2026-01-19,ITC.NS,149636.0
2026-01-20,ITC.NS,146537.0
2026-01-21,ITC.NS,145841.0
2026-01-22,ITC.NS,145886.0
2026-01-23,ITC.NS,145235.0
2026-01-27,ITC.NS,143101.0
2026-01-28,ITC.NS,144224.0
2026-01-29,ITC.NS,143079.0
2026-01-30,ITC.NS,144673.0
2026-02-02,ITC.NS,141328.0
2026-02-03,ITC.NS,142203.0
2026-02-04,ITC.NS,140946.0
2026-02-05,ITC.NS,139307.0
2026-02-06,ITC.NS,146312.0
2026-02-09,ITC.NS,144965.0
2026-02-10,ITC.NS,144336.0
2026-02-11,ITC.NS,142922.0
2026-02-12,ITC.NS,142563.0
2026-02-13,ITC.NS,140901.0
2026-02-16,ITC.NS,142787.0
2026-02-17,ITC.NS,146155.0
2026-02-18,ITC.NS,149299.0
2026-02-19,ITC.NS,146402.0
2026-02-20,ITC.NS,146851.0
2026-02-23,ITC.NS,146133.0
2026-02-24,ITC.NS,145280.0
2026-02-25,ITC.NS,143595.0
2026-02-26,ITC.NS,142944.0
2026-02-27,ITC.NS,140834.0
2026-03-02,ITC.NS,141417.0
2026-03-04,ITC.NS,140093.0
2026-03-05,ITC.NS,139891.0
2026-03-06,ITC.NS,139082.0
2026-03-09,ITC.NS,137421.0
2026-03-10,ITC.NS,138790.0
2026-03-11,ITC.NS,138768.0
2026-03-12,ITC.NS,136567.0
2026-03-13,ITC.NS,135377.0
2026-03-16,ITC.NS,138431.0
2026-03-17,ITC.NS,136904.0
2026-03-18,ITC.NS,136545.0
2026-03-19,ITC.NS,133828.0
2026-03-20,ITC.NS,134704.0
2026-03-23,ITC.NS,130437.0
2026-03-24,ITC.NS,130797.0
2026-03-25,ITC.NS,132795.0
2026-03-27,ITC.NS,132346.0
2026-03-30,ITC.NS,129202.0
2026-04-01,ITC.NS,130999.0
2026-04-02,ITC.NS,131515.0
2026-04-06,ITC.NS,132413.0
2026-04-07,ITC.NS,134030.0
2026-04-08,ITC.NS,135826.0
2026-04-09,ITC.NS,136073.0
2026-04-10,ITC.NS,136635.0
2026-04-13,ITC.NS,134120.0
2026-04-15,ITC.NS,135647.0
2026-04-16,ITC.NS,136253.0
2026-04-17,ITC.NS,137780.0
2026-04-20,ITC.NS,136971.0
2026-04-21,ITC.NS,139060.0
2026-04-22,ITC.NS,137196.0
2026-04-23,ITC.NS,137106.0
2026-04-24,ITC.NS,135445.0
2026-04-27,ITC.NS,136455.0
2026-04-28,ITC.NS,136724.0
2026-04-29,ITC.NS,142024.0
2026-04-30,ITC.NS,141417.0
2026-05-01,ITC.NS,141417.0
2026-05-04,ITC.NS,139711.0
2026-05-05,ITC.NS,139868.0
2026-05-06,ITC.NS,139531.0
2026-05-07,ITC.NS,138049.0
2026-05-08,ITC.NS,138072.0
2026-05-11,ITC.NS,137353.0
2026-05-12,ITC.NS,135040.0
2026-05-13,ITC.NS,136724.0
2026-05-14,ITC.NS,137959.0
2026-05-15,ITC.NS,138970.0
2026-05-18,ITC.NS,139284.0
2026-05-19,ITC.NS,139352.0
2026-05-20,ITC.NS,138117.0
2026-05-21,ITC.NS,138341.0
2026-05-22,ITC.NS,135489.0
2026-05-25,ITC.NS,136500.0
2026-05-26,ITC.NS,135467.0
2026-05-27,ITC.NS,131111.0
2026-05-28,ITC.NS,131111.0
2026-05-29,ITC.NS,128843.0
2026-06-01,ITC.NS,125587.0
2026-06-02,ITC.NS,127204.0
2026-06-03,ITC.NS,124397.0
2026-06-04,ITC.NS,125879.0
2026-06-05,ITC.NS,126059.0
2026-06-08,ITC.NS,125497.0
2026-06-09,ITC.NS,125744.0
2026-06-10,ITC.NS,127383.0
2026-06-11,ITC.NS,126822.0
2026-06-12,ITC.NS,128035.0
2026-06-15,ITC.NS,129292.0
2026-06-16,ITC.NS,130976.0
2026-06-17,ITC.NS,130572.0
2026-06-18,ITC.NS,130752.0
2026-06-19,ITC.NS,131358.0
2026-06-22,ITC.NS,130797.0
2026-06-23,ITC.NS,130235.0
2026-06-24,ITC.NS,130392.0
2026-06-25,ITC.NS,130235.0
2026-06-26,ITC.NS,130235.0
2026-06-29,ITC.NS,130550.0
2026-06-30,ITC.NS,128865.0
2026-07-01,ITC.NS,130370.0
2026-07-02,ITC.NS,130190.0
2026-07-03,ITC.NS,130213.0
2026-07-06,ITC.NS,129449.0
2026-07-07,ITC.NS,129674.0
2026-07-08,ITC.NS,126036.0
2026-07-09,ITC.NS,126665.0
2026-07-10,ITC.NS,126530.0
2026-07-13,ITC.NS,125587.0
2026-07-14,ITC.NS,123746.0
2026-07-15,ITC.NS,124240.0
2026-07-16,ITC.NS,125452.0
2026-07-17,ITC.NS,126059.0
2026-07-20,ITC.NS,126957.0
2026-07-21,ITC.NS,126193.0
2026-07-22,ITC.NS,126104.0
2026-07-23,ITC.NS,126328.0
2026-07-24,ITC.NS,127294.0
2026-07-27,ITC.NS,128371.0
2026-07-28,ITC.NS,127833.0
2026-07-29,ITC.NS,128551.0
2026-07-30,ITC.NS,128012.0
2026-07-31,ITC.NS,126193.0
2026-08-03,ITC.NS,128888.0
2026-08-04,ITC.NS,129786.0
2026-08-05,ITC.NS,128865.0
2026-08-06,ITC.NS,128394.0
2026-08-07,ITC.NS,128484.0
2026-08-10,ITC.NS,126934.0
2026-08-11,ITC.NS,125295.0
2026-08-12,ITC.NS,124015.0
2026-08-13,ITC.NS,125071.0
2026-08-14,ITC.NS,124936.0
2026-08-17,ITC.NS,122623.0
2026-08-18,ITC.NS,121253.0
2026-08-19,ITC.NS,119929.0
2026-08-20,ITC.NS,121994.0
2026-08-21,ITC.NS,120984.0
2026-08-24,ITC.NS,121119.0
2026-08-25,ITC.NS,121882.0
2026-08-26,ITC.NS,121366.0
2026-08-27,ITC.NS,120804.0
2026-08-28,ITC.NS,119457.0
2026-08-31,ITC.NS,114742.0
2026-09-01,ITC.NS,119727.0
2026-09-02,ITC.NS,119592.0
2026-09-03,ITC.NS,118110.0
2026-09-04,ITC.NS,118604.0
2026-09-07,ITC.NS,118334.0
2026-09-08,ITC.NS,118334.0
2026-09-09,ITC.NS,117122.0
2026-09-10,ITC.NS,116448.0
2026-09-11,ITC.NS,116695.0
2026-09-14,ITC.NS,116695.0
2026-09-15,ITC.NS,115864.0
2026-09-16,ITC.NS,118626.0
2026-09-17,ITC.NS,119547.0
2026-09-18,ITC.NS,117795.0
2026-09-21,ITC.NS,119906.0
2026-09-22,ITC.NS,119367.0
2026-09-23,ITC.NS,121321.0
2026-09-24,ITC.NS,120355.0
2026-09-25,ITC.NS,120804.0
2026-09-28,ITC.NS,119098.0
2026-09-29,ITC.NS,119053.0
2026-09-30,ITC.NS,117998.0
2026-10-01,ITC.NS,114921.0
2026-10-02,ITC.NS,114921.0
2026-10-05,ITC.NS,120759.0
2026-10-06,ITC.NS,119771.0
2021-10-06,M&M.NS,100000.0
2021-10-07,M&M.NS,105293.0
2021-10-08,M&M.NS,105239.0
2021-10-11,M&M.NS,107373.0
2021-10-12,M&M.NS,106714.0
2021-10-13,M&M.NS,112139.0
2021-10-14,M&M.NS,111665.0
2021-10-18,M&M.NS,109214.0
2021-10-19,M&M.NS,109999.0
2021-10-20,M&M.NS,107823.0
2021-10-21,M&M.NS,107541.0
2021-10-22,M&M.NS,106444.0
2021-10-25,M&M.NS,106786.0
2021-10-26,M&M.NS,107247.0
2021-10-27,M&M.NS,106318.0
2021-10-28,M&M.NS,105965.0
2021-10-29,M&M.NS,106012.0
2021-11-01,M&M.NS,104346.0
2021-11-02,M&M.NS,103285.0
2021-11-03,M&M.NS,101786.0
2021-11-04,M&M.NS,104646.0
2021-11-08,M&M.NS,103045.0
2021-11-09,M&M.NS,106960.0
2021-11-10,M&M.NS,110257.0
2021-11-11,M&M.NS,110868.0
2021-11-12,M&M.NS,112433.0
2021-11-15,M&M.NS,111306.0
2021-11-16,M&M.NS,115130.0
2021-11-17,M&M.NS,114429.0
2021-11-18,M&M.NS,110742.0
2021-11-22,M&M.NS,108003.0
2021-11-23,M&M.NS,108063.0
2021-11-24,M&M.NS,107085.0
2021-11-25,M&M.NS,106846.0
2021-11-26,M&M.NS,102356.0
2021-11-29,M&M.NS,102002.0
2021-11-30,M&M.NS,100168.0
2021-12-01,M&M.NS,100072.0
2021-12-02,M&M.NS,101852.0
2021-12-03,M&M.NS,100342.0
2021-12-06,M&M.NS,98567.0
2021-12-07,M&M.NS,99023.0
2021-12-08,M&M.NS,100797.0
2021-12-09,M&M.NS,102038.0
2021-12-10,M&M.NS,103069.0
2021-12-13,M&M.NS,101079.0
2021-12-14,M&M.NS,100330.0
2021-12-15,M&M.NS,101451.0
2021-12-16,M&M.NS,102302.0
2021-12-17,M&M.NS,100060.0
2021-12-20,M&M.NS,97626.0
2021-12-21,M&M.NS,97374.0
2021-12-22,M&M.NS,98154.0
2021-12-23,M&M.NS,99131.0
2021-12-24,M&M.NS,97428.0
2021-12-27,M&M.NS,98136.0
2021-12-28,M&M.NS,100551.0
2021-12-29,M&M.NS,99832.0
2021-12-30,M&M.NS,99425.0
2021-12-31,M&M.NS,100366.0
2022-01-03,M&M.NS,99484.0
2022-01-04,M&M.NS,99730.0
2022-01-05,M&M.NS,100647.0
2022-01-06,M&M.NS,100689.0
2022-01-07,M&M.NS,99389.0
2022-01-10,M&M.NS,100941.0
2022-01-11,M&M.NS,100875.0
2022-01-12,M&M.NS,105569.0
2022-01-13,M&M.NS,107421.0
2022-01-14,M&M.NS,105647.0
2022-01-17,M&M.NS,107997.0
2022-01-18,M&M.NS,106960.0
2022-01-19,M&M.NS,107229.0
2022-01-20,M&M.NS,105563.0
2022-01-21,M&M.NS,104927.0
2022-01-24,M&M.NS,102470.0
2022-01-25,M&M.NS,102446.0
2022-01-27,M&M.NS,102871.0
2022-01-28,M&M.NS,104262.0
2022-01-31,M&M.NS,106198.0
2022-02-01,M&M.NS,104268.0
2022-02-02,M&M.NS,104226.0
2022-02-03,M&M.NS,102650.0
2022-02-04,M&M.NS,100911.0
2022-02-07,M&M.NS,99449.0
2022-02-08,M&M.NS,99754.0
2022-02-09,M&M.NS,100731.0
2022-02-10,M&M.NS,102272.0
2022-02-11,M&M.NS,102344.0
2022-02-14,M&M.NS,98915.0
2022-02-15,M&M.NS,102458.0
2022-02-16,M&M.NS,103615.0
2022-02-17,M&M.NS,103375.0
2022-02-18,M&M.NS,102146.0
2022-02-21,M&M.NS,100839.0
2022-02-22,M&M.NS,102296.0
2022-02-23,M&M.NS,101942.0
2022-02-24,M&M.NS,95408.0
2022-02-25,M&M.NS,96823.0
2022-02-28,M&M.NS,94815.0
2022-03-02,M&M.NS,93316.0
2022-03-03,M&M.NS,91362.0
2022-03-04,M&M.NS,87795.0
2022-03-07,M&M.NS,82790.0
2022-03-08,M&M.NS,84001.0
2022-03-09,M&M.NS,88101.0
2022-03-10,M&M.NS,88581.0
2022-03-11,M&M.NS,88095.0
2022-03-14,M&M.NS,89102.0
2022-03-15,M&M.NS,91260.0
2022-03-16,M&M.NS,92753.0
2022-03-17,M&M.NS,95240.0
2022-03-21,M&M.NS,93934.0
2022-03-22,M&M.NS,94185.0
2022-03-23,M&M.NS,92807.0
2022-03-24,M&M.NS,91794.0
2022-03-25,M&M.NS,91686.0
2022-03-28,M&M.NS,92225.0
2022-03-29,M&M.NS,92717.0
2022-03-30,M&M.NS,95114.0
2022-03-31,M&M.NS,96697.0
2022-04-01,M&M.NS,99095.0
2022-04-04,M&M.NS,99952.0
2022-04-05,M&M.NS,100294.0
2022-04-06,M&M.NS,99251.0
2022-04-07,M&M.NS,100024.0
2022-04-08,M&M.NS,102793.0
2022-04-11,M&M.NS,102727.0
2022-04-12,M&M.NS,103201.0
2022-04-13,M&M.NS,103836.0
2022-04-18,M&M.NS,104796.0
2022-04-19,M&M.NS,104604.0
2022-04-20,M&M.NS,105653.0
2022-04-21,M&M.NS,109220.0
2022-04-22,M&M.NS,110376.0
2022-04-25,M&M.NS,108380.0
2022-04-26,M&M.NS,112714.0
2022-04-27,M&M.NS,111120.0
2022-04-28,M&M.NS,110646.0
2022-04-29,M&M.NS,110550.0
2022-05-02,M&M.NS,110460.0
2022-05-04,M&M.NS,107433.0
2022-05-05,M&M.NS,107787.0
2022-05-06,M&M.NS,107163.0
2022-05-09,M&M.NS,107337.0
2022-05-10,M&M.NS,106504.0
2022-05-11,M&M.NS,106348.0
2022-05-12,M&M.NS,103735.0
2022-05-13,M&M.NS,106642.0
2022-05-16,M&M.NS,108302.0
2022-05-17,M&M.NS,109196.0
2022-05-18,M&M.NS,109495.0
2022-05-19,M&M.NS,105809.0
2022-05-20,M&M.NS,108356.0
2022-05-23,M&M.NS,112924.0
2022-05-24,M&M.NS,113518.0
2022-05-25,M&M.NS,111306.0
2022-05-26,M&M.NS,111473.0
2022-05-27,M&M.NS,114237.0
2022-05-30,M&M.NS,119692.0
2022-05-31,M&M.NS,124008.0
2022-06-01,M&M.NS,125566.0
2022-06-02,M&M.NS,125231.0
2022-06-03,M&M.NS,123325.0
2022-06-06,M&M.NS,124200.0
2022-06-07,M&M.NS,124991.0
2022-06-08,M&M.NS,125285.0
2022-06-09,M&M.NS,125297.0
2022-06-10,M&M.NS,124266.0
2022-06-13,M&M.NS,120405.0
2022-06-14,M&M.NS,122198.0
2022-06-15,M&M.NS,122947.0
2022-06-16,M&M.NS,120519.0
2022-06-17,M&M.NS,119608.0
2022-06-20,M&M.NS,117816.0
2022-06-21,M&M.NS,119644.0
2022-06-22,M&M.NS,117947.0
2022-06-23,M&M.NS,123211.0
2022-06-24,M&M.NS,128528.0
2022-06-27,M&M.NS,129805.0
2022-06-28,M&M.NS,133317.0
2022-06-29,M&M.NS,133287.0
2022-06-30,M&M.NS,131057.0
2022-07-01,M&M.NS,132760.0
2022-07-04,M&M.NS,130824.0
2022-07-05,M&M.NS,129715.0
2022-07-06,M&M.NS,132424.0
2022-07-07,M&M.NS,135871.0
2022-07-08,M&M.NS,135907.0
2022-07-11,M&M.NS,139678.0
2022-07-12,M&M.NS,137472.0
2022-07-13,M&M.NS,136716.0
2022-07-14,M&M.NS,136992.0
2022-07-15,M&M.NS,140571.0
2022-07-18,M&M.NS,139480.0
2022-07-19,M&M.NS,142219.0
2022-07-20,M&M.NS,139749.0
2022-07-21,M&M.NS,140888.0
2022-07-22,M&M.NS,141602.0
2022-07-25,M&M.NS,136177.0
2022-07-26,M&M.NS,136195.0
2022-07-27,M&M.NS,136446.0
2022-07-28,M&M.NS,137771.0
2022-07-29,M&M.NS,139606.0
2022-08-01,M&M.NS,148393.0
2022-08-02,M&M.NS,150402.0
2022-08-03,M&M.NS,150306.0
2022-08-04,M&M.NS,151277.0
2022-08-05,M&M.NS,148172.0
2022-08-08,M&M.NS,153063.0
2022-08-10,M&M.NS,152026.0
2022-08-11,M&M.NS,151804.0
2022-08-12,M&M.NS,150995.0
2022-08-16,M&M.NS,154454.0
2022-08-17,M&M.NS,152769.0
2022-08-18,M&M.NS,151199.0
2022-08-19,M&M.NS,148591.0
2022-08-22,M&M.NS,147069.0
2022-08-23,M&M.NS,152632.0
2022-08-24,M&M.NS,152056.0
2022-08-25,M&M.NS,151019.0
2022-08-26,M&M.NS,152817.0
2022-08-29,M&M.NS,153075.0
2022-08-30,M&M.NS,156900.0
2022-09-01,M&M.NS,157301.0
2022-09-02,M&M.NS,157769.0
2022-09-05,M&M.NS,158320.0
2022-09-06,M&M.NS,156624.0
2022-09-07,M&M.NS,154622.0
2022-09-08,M&M.NS,158482.0
2022-09-09,M&M.NS,156006.0
2022-09-12,M&M.NS,155503.0
2022-09-13,M&M.NS,155839.0
2022-09-14,M&M.NS,155623.0
2022-09-15,M&M.NS,155503.0
2022-09-16,M&M.NS,149874.0
2022-09-19,M&M.NS,154496.0
2022-09-20,M&M.NS,156210.0
2022-09-21,M&M.NS,156654.0
2022-09-22,M&M.NS,157103.0
2022-09-23,M&M.NS,152536.0
2022-09-26,M&M.NS,148232.0
2022-09-27,M&M.NS,148154.0
2022-09-28,M&M.NS,148951.0
2022-09-29,M&M.NS,150863.0
2022-09-30,M&M.NS,152044.0
2022-10-03,M&M.NS,150024.0
2022-10-04,M&M.NS,151103.0
2022-10-06,M&M.NS,150689.0
2022-10-07,M&M.NS,148525.0
2022-10-10,M&M.NS,149023.0
2022-10-11,M&M.NS,147410.0
2022-10-12,M&M.NS,149610.0
2022-10-13,M&M.NS,149646.0
2022-10-14,M&M.NS,147500.0
2022-10-17,M&M.NS,147464.0
2022-10-18,M&M.NS,150318.0
2022-10-19,M&M.NS,149670.0
2022-10-20,M&M.NS,149862.0
2022-10-21,M&M.NS,150671.0
2022-10-24,M&M.NS,152374.0
2022-10-25,M&M.NS,153627.0
2022-10-27,M&M.NS,155155.0
2022-10-28,M&M.NS,157253.0
2022-10-31,M&M.NS,161683.0
2022-11-01,M&M.NS,162337.0
2022-11-02,M&M.NS,162133.0
2022-11-03,M&M.NS,160101.0
2022-11-04,M&M.NS,160448.0
2022-11-07,M&M.NS,162007.0
2022-11-09,M&M.NS,160358.0
2022-11-10,M&M.NS,155641.0
2022-11-11,M&M.NS,154310.0
2022-11-14,M&M.NS,153237.0
2022-11-15,M&M.NS,154862.0
2022-11-16,M&M.NS,154262.0
2022-11-17,M&M.NS,150983.0
2022-11-18,M&M.NS,147123.0
2022-11-21,M&M.NS,146056.0
2022-11-22,M&M.NS,147279.0
2022-11-23,M&M.NS,148148.0
2022-11-24,M&M.NS,150348.0
2022-11-25,M&M.NS,151157.0
2022-11-28,M&M.NS,149946.0
2022-11-29,M&M.NS,150713.0
2022-11-30,M&M.NS,156528.0
2022-12-01,M&M.NS,155071.0
2022-12-02,M&M.NS,151613.0
2022-12-05,M&M.NS,151037.0
2022-12-06,M&M.NS,151427.0
2022-12-07,M&M.NS,151852.0
2022-12-08,M&M.NS,152781.0
2022-12-09,M&M.NS,151708.0
2022-12-12,M&M.NS,151541.0
2022-12-13,M&M.NS,153860.0
2022-12-14,M&M.NS,154232.0
2022-12-15,M&M.NS,154292.0
2022-12-16,M&M.NS,150054.0
2022-12-19,M&M.NS,154736.0
2022-12-20,M&M.NS,152889.0
2022-12-21,M&M.NS,151744.0
2022-12-22,M&M.NS,147938.0
2022-12-23,M&M.NS,146817.0
2022-12-26,M&M.NS,148310.0
2022-12-27,M&M.NS,147974.0
2022-12-28,M&M.NS,150144.0
2022-12-29,M&M.NS,151343.0
2022-12-30,M&M.NS,149766.0
2023-01-02,M&M.NS,151403.0
2023-01-03,M&M.NS,149778.0
2023-01-04,M&M.NS,148208.0
2023-01-05,M&M.NS,150180.0
2023-01-06,M&M.NS,151648.0
2023-01-09,M&M.NS,157097.0
2023-01-10,M&M.NS,157643.0
2023-01-11,M&M.NS,157367.0
2023-01-12,M&M.NS,158242.0
2023-01-13,M&M.NS,159232.0
2023-01-16,M&M.NS,157727.0
2023-01-17,M&M.NS,158356.0
2023-01-18,M&M.NS,158512.0
2023-01-19,M&M.NS,158200.0
2023-01-20,M&M.NS,157625.0
2023-01-23,M&M.NS,159267.0
2023-01-24,M&M.NS,158722.0
2023-01-25,M&M.NS,157235.0
2023-01-27,M&M.NS,158278.0
2023-01-30,M&M.NS,159645.0
2023-01-31,M&M.NS,165298.0
2023-02-01,M&M.NS,162097.0
2023-02-02,M&M.NS,162139.0
2023-02-03,M&M.NS,166407.0
2023-02-06,M&M.NS,164968.0
2023-02-07,M&M.NS,163853.0
2023-02-08,M&M.NS,164615.0
2023-02-09,M&M.NS,164513.0
2023-02-10,M&M.NS,163703.0
2023-02-13,M&M.NS,162211.0
2023-02-14,M&M.NS,163428.0
2023-02-15,M&M.NS,165370.0
2023-02-16,M&M.NS,164027.0
2023-02-17,M&M.NS,160832.0
2023-02-20,M&M.NS,161402.0
2023-02-21,M&M.NS,162073.0
2023-02-22,M&M.NS,158224.0
2023-02-23,M&M.NS,157529.0
2023-02-24,M&M.NS,153483.0
2023-02-27,M&M.NS,150749.0
2023-02-28,M&M.NS,152212.0
2023-03-01,M&M.NS,152518.0
2023-03-02,M&M.NS,150048.0
2023-03-03,M&M.NS,152092.0
2023-03-06,M&M.NS,152314.0
2023-03-08,M&M.NS,154652.0
2023-03-09,M&M.NS,149640.0
2023-03-10,M&M.NS,147069.0
2023-03-13,M&M.NS,143082.0
2023-03-14,M&M.NS,139168.0
2023-03-15,M&M.NS,139114.0
2023-03-16,M&M.NS,139917.0
2023-03-17,M&M.NS,140451.0
2023-03-20,M&M.NS,139989.0
2023-03-21,M&M.NS,139108.0
2023-03-22,M&M.NS,139564.0
2023-03-23,M&M.NS,139666.0
2023-03-24,M&M.NS,137969.0
2023-03-27,M&M.NS,136422.0
2023-03-28,M&M.NS,135272.0
2023-03-29,M&M.NS,137190.0
2023-03-31,M&M.NS,138916.0
2023-04-03,M&M.NS,140259.0
2023-04-05,M&M.NS,138527.0
2023-04-06,M&M.NS,140421.0
2023-04-10,M&M.NS,142501.0
2023-04-11,M&M.NS,144071.0
2023-04-12,M&M.NS,144749.0
2023-04-13,M&M.NS,144413.0
2023-04-17,M&M.NS,145420.0
2023-04-18,M&M.NS,144431.0
2023-04-19,M&M.NS,145726.0
2023-04-20,M&M.NS,146098.0
2023-04-21,M&M.NS,145396.0
2023-04-24,M&M.NS,144797.0
2023-04-25,M&M.NS,145049.0
2023-04-26,M&M.NS,145492.0
2023-04-27,M&M.NS,146745.0
2023-04-28,M&M.NS,147093.0
2023-05-02,M&M.NS,148340.0
2023-05-03,M&M.NS,148118.0
2023-05-04,M&M.NS,147668.0
2023-05-05,M&M.NS,145210.0
2023-05-08,M&M.NS,147680.0
2023-05-09,M&M.NS,149317.0
2023-05-10,M&M.NS,149700.0
2023-05-11,M&M.NS,150018.0
2023-05-12,M&M.NS,152973.0
2023-05-15,M&M.NS,154136.0
2023-05-16,M&M.NS,151355.0
2023-05-17,M&M.NS,151433.0
2023-05-18,M&M.NS,149323.0
2023-05-19,M&M.NS,151109.0
2023-05-22,M&M.NS,151726.0
2023-05-23,M&M.NS,152086.0
2023-05-24,M&M.NS,152943.0
2023-05-25,M&M.NS,153195.0
2023-05-26,M&M.NS,153681.0
2023-05-29,M&M.NS,159471.0
2023-05-30,M&M.NS,159267.0
2023-05-31,M&M.NS,158135.0
2023-06-01,M&M.NS,158123.0
2023-06-02,M&M.NS,160820.0
2023-06-05,M&M.NS,167294.0
2023-06-06,M&M.NS,169188.0
2023-06-07,M&M.NS,168613.0
2023-06-08,M&M.NS,165574.0
2023-06-09,M&M.NS,164327.0
2023-06-12,M&M.NS,165616.0
2023-06-13,M&M.NS,164627.0
2023-06-14,M&M.NS,165286.0
2023-06-15,M&M.NS,166976.0
2023-06-16,M&M.NS,168307.0
2023-06-19,M&M.NS,168151.0
2023-06-20,M&M.NS,167420.0
2023-06-21,M&M.NS,164758.0
2023-06-22,M&M.NS,165292.0
2023-06-23,M&M.NS,164639.0
2023-06-26,M&M.NS,167564.0
2023-06-27,M&M.NS,168133.0
2023-06-28,M&M.NS,167246.0
2023-06-30,M&M.NS,174272.0
2023-07-03,M&M.NS,175992.0
2023-07-04,M&M.NS,175572.0
2023-07-05,M&M.NS,176879.0
2023-07-06,M&M.NS,185685.0
2023-07-07,M&M.NS,187525.0
2023-07-10,M&M.NS,185997.0
2023-07-11,M&M.NS,188161.0
2023-07-12,M&M.NS,188329.0
2023-07-13,M&M.NS,187855.0
2023-07-14,M&M.NS,185415.0
2023-07-17,M&M.NS,184187.0
2023-07-18,M&M.NS,183995.0
2023-07-19,M&M.NS,185164.0
2023-07-20,M&M.NS,185272.0
2023-07-21,M&M.NS,182652.0
2023-07-24,M&M.NS,185451.0
2023-07-25,M&M.NS,187717.0
2023-07-26,M&M.NS,185212.0
2023-07-27,M&M.NS,173528.0
2023-07-28,M&M.NS,175974.0
2023-07-31,M&M.NS,176861.0
2023-08-01,M&M.NS,179037.0
2023-08-02,M&M.NS,178072.0
2023-08-03,M&M.NS,176136.0
2023-08-04,M&M.NS,175596.0
2023-08-07,M&M.NS,183060.0
2023-08-08,M&M.NS,179799.0
2023-08-09,M&M.NS,184001.0
2023-08-10,M&M.NS,185278.0
2023-08-11,M&M.NS,185403.0
2023-08-14,M&M.NS,185451.0
2023-08-16,M&M.NS,188299.0
2023-08-17,M&M.NS,188646.0
2023-08-18,M&M.NS,186147.0
2023-08-21,M&M.NS,184456.0
2023-08-22,M&M.NS,185889.0
2023-08-23,M&M.NS,184924.0
2023-08-24,M&M.NS,184894.0
2023-08-25,M&M.NS,182238.0
2023-08-28,M&M.NS,185739.0
2023-08-29,M&M.NS,187130.0
2023-08-30,M&M.NS,189809.0
2023-08-31,M&M.NS,188874.0
2023-09-01,M&M.NS,190858.0
2023-09-04,M&M.NS,188994.0
2023-09-05,M&M.NS,188365.0
2023-09-06,M&M.NS,189066.0
2023-09-07,M&M.NS,187717.0
2023-09-08,M&M.NS,187933.0
2023-09-11,M&M.NS,189677.0
2023-09-12,M&M.NS,186782.0
2023-09-13,M&M.NS,184264.0
2023-09-14,M&M.NS,187747.0
2023-09-15,M&M.NS,191955.0
2023-09-18,M&M.NS,196793.0
2023-09-20,M&M.NS,195900.0
2023-09-21,M&M.NS,189815.0
2023-09-22,M&M.NS,192681.0
2023-09-25,M&M.NS,190559.0
2023-09-26,M&M.NS,191248.0
2023-09-27,M&M.NS,190529.0
2023-09-28,M&M.NS,186554.0
2023-09-29,M&M.NS,186339.0
2023-10-03,M&M.NS,184318.0
2023-10-04,M&M.NS,182484.0
2023-10-05,M&M.NS,184384.0
2023-10-06,M&M.NS,185691.0
2023-10-09,M&M.NS,181657.0
2023-10-10,M&M.NS,184372.0
2023-10-11,M&M.NS,186584.0
2023-10-12,M&M.NS,187825.0
2023-10-13,M&M.NS,187322.0
2023-10-16,M&M.NS,188772.0
2023-10-17,M&M.NS,189018.0
2023-10-18,M&M.NS,188808.0
2023-10-19,M&M.NS,188173.0
2023-10-20,M&M.NS,186818.0
2023-10-23,M&M.NS,187645.0
2023-10-25,M&M.NS,188119.0
2023-10-26,M&M.NS,180566.0
2023-10-27,M&M.NS,181129.0
2023-10-30,M&M.NS,179571.0
2023-10-31,M&M.NS,174871.0
2023-11-01,M&M.NS,174392.0
2023-11-02,M&M.NS,176202.0
2023-11-03,M&M.NS,176118.0
2023-11-06,M&M.NS,178432.0
2023-11-07,M&M.NS,177407.0
2023-11-08,M&M.NS,178324.0
2023-11-09,M&M.NS,186075.0
2023-11-10,M&M.NS,182724.0
2023-11-13,M&M.NS,184660.0
2023-11-15,M&M.NS,185128.0
2023-11-16,M&M.NS,188167.0
2023-11-17,M&M.NS,189971.0
2023-11-20,M&M.NS,186093.0
2023-11-21,M&M.NS,186998.0
2023-11-22,M&M.NS,185044.0
2023-11-23,M&M.NS,185331.0
2023-11-24,M&M.NS,186213.0
2023-11-28,M&M.NS,187753.0
2023-11-29,M&M.NS,194113.0
2023-11-30,M&M.NS,197548.0
2023-12-01,M&M.NS,194881.0
2023-12-04,M&M.NS,198639.0
2023-12-05,M&M.NS,202140.0
2023-12-06,M&M.NS,204100.0
2023-12-07,M&M.NS,202931.0
2023-12-08,M&M.NS,200042.0
2023-12-11,M&M.NS,198082.0
2023-12-12,M&M.NS,196068.0
2023-12-13,M&M.NS,199754.0
2023-12-14,M&M.NS,204238.0
2023-12-15,M&M.NS,206804.0
2023-12-18,M&M.NS,205107.0
2023-12-19,M&M.NS,203735.0
2023-12-20,M&M.NS,197452.0
2023-12-21,M&M.NS,195882.0
2023-12-22,M&M.NS,195930.0
2023-12-26,M&M.NS,199287.0
2023-12-27,M&M.NS,202368.0
2023-12-28,M&M.NS,207943.0
2023-12-29,M&M.NS,207337.0
2024-01-01,M&M.NS,204208.0
2024-01-02,M&M.NS,198561.0
2024-01-03,M&M.NS,198447.0
2024-01-04,M&M.NS,196823.0
2024-01-05,M&M.NS,196859.0
2024-01-08,M&M.NS,193760.0
2024-01-09,M&M.NS,195408.0
2024-01-10,M&M.NS,195756.0
2024-01-11,M&M.NS,195258.0
2024-01-12,M&M.NS,194755.0
2024-01-15,M&M.NS,196086.0
2024-01-16,M&M.NS,194263.0
2024-01-17,M&M.NS,191548.0
2024-01-18,M&M.NS,193892.0
2024-01-19,M&M.NS,198483.0
2024-01-23,M&M.NS,191248.0
2024-01-24,M&M.NS,195192.0
2024-01-25,M&M.NS,196080.0
2024-01-29,M&M.NS,196619.0
2024-01-30,M&M.NS,194263.0
2024-01-31,M&M.NS,198004.0
2024-02-01,M&M.NS,197956.0
2024-02-02,M&M.NS,199107.0
2024-02-05,M&M.NS,204238.0
2024-02-06,M&M.NS,207127.0
2024-02-07,M&M.NS,206330.0
2024-02-08,M&M.NS,202122.0
2024-02-09,M&M.NS,197386.0
2024-02-12,M&M.NS,199071.0
2024-02-13,M&M.NS,197428.0
2024-02-14,M&M.NS,198663.0
2024-02-15,M&M.NS,211611.0
2024-02-16,M&M.NS,220064.0
2024-02-19,M&M.NS,221622.0
2024-02-20,M&M.NS,222234.0
2024-02-21,M&M.NS,222953.0
2024-02-22,M&M.NS,229031.0
2024-02-23,M&M.NS,231381.0
2024-02-26,M&M.NS,231363.0
2024-02-27,M&M.NS,233857.0
2024-02-28,M&M.NS,227988.0
2024-02-29,M&M.NS,231675.0
2024-03-01,M&M.NS,236536.0
2024-03-04,M&M.NS,230314.0
2024-03-05,M&M.NS,232496.0
2024-03-06,M&M.NS,236261.0
2024-03-07,M&M.NS,227497.0
2024-03-11,M&M.NS,227113.0
2024-03-12,M&M.NS,227209.0
2024-03-13,M&M.NS,222240.0
2024-03-14,M&M.NS,226657.0
2024-03-15,M&M.NS,215742.0
2024-03-18,M&M.NS,222521.0
2024-03-19,M&M.NS,221065.0
2024-03-20,M&M.NS,221125.0
2024-03-21,M&M.NS,223696.0
2024-03-22,M&M.NS,225249.0
2024-03-26,M&M.NS,223468.0
2024-03-27,M&M.NS,225531.0
2024-03-28,M&M.NS,230350.0
2024-04-01,M&M.NS,229703.0
2024-04-02,M&M.NS,236416.0
2024-04-03,M&M.NS,238497.0
2024-04-04,M&M.NS,240103.0
2024-04-05,M&M.NS,241374.0
2024-04-08,M&M.NS,249143.0
2024-04-09,M&M.NS,250677.0
2024-04-10,M&M.NS,248915.0
2024-04-12,M&M.NS,248286.0
2024-04-15,M&M.NS,246188.0
2024-04-16,M&M.NS,243532.0
2024-04-18,M&M.NS,242771.0
2024-04-19,M&M.NS,249718.0
2024-04-22,M&M.NS,250647.0
2024-04-23,M&M.NS,247285.0
2024-04-24,M&M.NS,246787.0
2024-04-25,M&M.NS,251391.0
2024-04-26,M&M.NS,245162.0
2024-04-29,M&M.NS,247219.0
2024-04-30,M&M.NS,258524.0
2024-05-02,M&M.NS,261977.0
2024-05-03,M&M.NS,262918.0
2024-05-06,M&M.NS,266749.0
2024-05-07,M&M.NS,262738.0
2024-05-08,M&M.NS,261647.0
2024-05-09,M&M.NS,265262.0
2024-05-10,M&M.NS,262924.0
2024-05-13,M&M.NS,261869.0
2024-05-14,M&M.NS,272138.0
2024-05-15,M&M.NS,276022.0
2024-05-16,M&M.NS,284348.0
2024-05-17,M&M.NS,301475.0
2024-05-21,M&M.NS,302440.0
2024-05-22,M&M.NS,302248.0
2024-05-23,M&M.NS,312816.0
2024-05-24,M&M.NS,309285.0
2024-05-27,M&M.NS,305611.0
2024-05-28,M&M.NS,306054.0
2024-05-29,M&M.NS,303759.0
2024-05-30,M&M.NS,298945.0
2024-05-31,M&M.NS,300474.0
2024-06-03,M&M.NS,315789.0
2024-06-04,M&M.NS,308464.0
2024-06-05,M&M.NS,328612.0
2024-06-06,M&M.NS,323684.0
2024-06-07,M&M.NS,342579.0
2024-06-10,M&M.NS,336596.0
2024-06-11,M&M.NS,339953.0
2024-06-12,M&M.NS,334199.0
2024-06-13,M&M.NS,343088.0
2024-06-14,M&M.NS,351109.0
2024-06-18,M&M.NS,355101.0
2024-06-19,M&M.NS,351738.0
2024-06-20,M&M.NS,344227.0
2024-06-21,M&M.NS,340481.0
2024-06-24,M&M.NS,349574.0
2024-06-25,M&M.NS,348807.0
2024-06-26,M&M.NS,341865.0
2024-06-27,M&M.NS,346355.0
2024-06-28,M&M.NS,343682.0
2024-07-01,M&M.NS,344785.0
2024-07-02,M&M.NS,343502.0
2024-07-03,M&M.NS,345037.0
2024-07-04,M&M.NS,348016.0
2024-07-05,M&M.NS,345354.0
2024-07-08,M&M.NS,341848.0
2024-07-09,M&M.NS,350737.0
2024-07-10,M&M.NS,327539.0
2024-07-11,M&M.NS,323468.0
2024-07-12,M&M.NS,324176.0
2024-07-15,M&M.NS,327425.0
2024-07-16,M&M.NS,330506.0
2024-07-18,M&M.NS,338023.0
2024-07-19,M&M.NS,329613.0
2024-07-22,M&M.NS,336261.0
2024-07-23,M&M.NS,338251.0
2024-07-24,M&M.NS,336351.0
2024-07-25,M&M.NS,337058.0
2024-07-26,M&M.NS,346217.0
2024-07-29,M&M.NS,351637.0
2024-07-30,M&M.NS,350330.0
2024-07-31,M&M.NS,348615.0
2024-08-01,M&M.NS,339096.0
2024-08-02,M&M.NS,329655.0
2024-08-05,M&M.NS,321179.0
2024-08-06,M&M.NS,315664.0
2024-08-07,M&M.NS,321406.0
2024-08-08,M&M.NS,321658.0
2024-08-09,M&M.NS,329595.0
2024-08-12,M&M.NS,325818.0
2024-08-13,M&M.NS,325866.0
2024-08-14,M&M.NS,329127.0
2024-08-16,M&M.NS,340541.0
2024-08-19,M&M.NS,331513.0
2024-08-20,M&M.NS,332250.0
2024-08-21,M&M.NS,332023.0
2024-08-22,M&M.NS,327653.0
2024-08-23,M&M.NS,330776.0
2024-08-26,M&M.NS,334864.0
2024-08-27,M&M.NS,333389.0
2024-08-28,M&M.NS,335451.0
2024-08-29,M&M.NS,330608.0
2024-08-30,M&M.NS,336339.0
2024-09-02,M&M.NS,332934.0
2024-09-03,M&M.NS,333875.0
2024-09-04,M&M.NS,329649.0
2024-09-05,M&M.NS,326472.0
2024-09-06,M&M.NS,323474.0
2024-09-09,M&M.NS,324763.0
2024-09-10,M&M.NS,322503.0
2024-09-11,M&M.NS,318217.0
2024-09-12,M&M.NS,328606.0
2024-09-13,M&M.NS,328390.0
2024-09-16,M&M.NS,330584.0
2024-09-17,M&M.NS,334211.0
2024-09-18,M&M.NS,336674.0
2024-09-19,M&M.NS,335391.0
2024-09-20,M&M.NS,353777.0
2024-09-23,M&M.NS,365640.0
2024-09-24,M&M.NS,368577.0
2024-09-25,M&M.NS,370585.0
2024-09-26,M&M.NS,381381.0
2024-09-27,M&M.NS,381687.0
2024-09-30,M&M.NS,371047.0
2024-10-01,M&M.NS,379511.0
2024-10-03,M&M.NS,375237.0
2024-10-04,M&M.NS,361761.0
2024-10-07,M&M.NS,366886.0
2024-10-08,M&M.NS,379553.0
2024-10-09,M&M.NS,378012.0
2024-10-10,M&M.NS,382964.0
2024-10-11,M&M.NS,375776.0
2024-10-14,M&M.NS,378240.0
2024-10-15,M&M.NS,378348.0
2024-10-16,M&M.NS,367822.0
2024-10-17,M&M.NS,355425.0
2024-10-18,M&M.NS,355383.0
2024-10-21,M&M.NS,359453.0
2024-10-22,M&M.NS,346146.0
2024-10-23,M&M.NS,334912.0
2024-10-24,M&M.NS,338850.0
2024-10-25,M&M.NS,326202.0
2024-10-28,M&M.NS,333413.0
2024-10-29,M&M.NS,329325.0
2024-10-30,M&M.NS,324625.0
2024-10-31,M&M.NS,327125.0
2024-11-01,M&M.NS,337807.0
2024-11-04,M&M.NS,345756.0
2024-11-05,M&M.NS,347614.0
2024-11-06,M&M.NS,351822.0
2024-11-07,M&M.NS,346643.0
2024-11-08,M&M.NS,356660.0
2024-11-11,M&M.NS,351349.0
2024-11-12,M&M.NS,347506.0
2024-11-13,M&M.NS,335565.0
2024-11-14,M&M.NS,336554.0
2024-11-18,M&M.NS,341314.0
2024-11-19,M&M.NS,353549.0
2024-11-21,M&M.NS,352026.0
2024-11-22,M&M.NS,361222.0
2024-11-25,M&M.NS,365136.0
2024-11-26,M&M.NS,357895.0
2024-11-27,M&M.NS,360245.0
2024-11-28,M&M.NS,347524.0
2024-11-29,M&M.NS,355605.0
2024-12-02,M&M.NS,361635.0
2024-12-03,M&M.NS,362942.0
2024-12-04,M&M.NS,363476.0
2024-12-05,M&M.NS,368253.0
2024-12-06,M&M.NS,368421.0
2024-12-09,M&M.NS,365813.0
2024-12-10,M&M.NS,367690.0
2024-12-11,M&M.NS,368307.0
2024-12-12,M&M.NS,367756.0
2024-12-13,M&M.NS,369428.0
2024-12-16,M&M.NS,369842.0
2024-12-17,M&M.NS,364645.0
2024-12-18,M&M.NS,365807.0
2024-12-19,M&M.NS,361425.0
2024-12-20,M&M.NS,348441.0
2024-12-23,M&M.NS,348795.0
2024-12-24,M&M.NS,351121.0
2024-12-26,M&M.NS,356750.0
2024-12-27,M&M.NS,365598.0
2024-12-30,M&M.NS,360017.0
2024-12-31,M&M.NS,360520.0
2025-01-01,M&M.NS,369500.0
2025-01-02,M&M.NS,384978.0
2025-01-03,M&M.NS,382514.0
2025-01-06,M&M.NS,372341.0
2025-01-07,M&M.NS,372719.0
2025-01-08,M&M.NS,369992.0
2025-01-09,M&M.NS,374835.0
2025-01-10,M&M.NS,370801.0
2025-01-13,M&M.NS,359627.0
2025-01-14,M&M.NS,365604.0
2025-01-15,M&M.NS,354903.0
2025-01-16,M&M.NS,357343.0
2025-01-17,M&M.NS,349760.0
2025-01-20,M&M.NS,346253.0
2025-01-21,M&M.NS,338245.0
2025-01-22,M&M.NS,338862.0
2025-01-23,M&M.NS,346056.0
2025-01-24,M&M.NS,335859.0
2025-01-27,M&M.NS,339480.0
2025-01-28,M&M.NS,344155.0
2025-01-29,M&M.NS,350599.0
2025-01-30,M&M.NS,356246.0
2025-01-31,M&M.NS,358452.0
2025-02-01,M&M.NS,368871.0
2025-02-03,M&M.NS,380446.0
2025-02-04,M&M.NS,382334.0
2025-02-05,M&M.NS,381099.0
2025-02-06,M&M.NS,376448.0
2025-02-07,M&M.NS,383461.0
2025-02-10,M&M.NS,376124.0
2025-02-11,M&M.NS,369974.0
2025-02-12,M&M.NS,358135.0
2025-02-13,M&M.NS,357032.0
2025-02-14,M&M.NS,352787.0
2025-02-17,M&M.NS,339522.0
2025-02-18,M&M.NS,334498.0
2025-02-19,M&M.NS,330584.0
2025-02-20,M&M.NS,340421.0
2025-02-21,M&M.NS,320028.0
2025-02-24,M&M.NS,324805.0
2025-02-25,M&M.NS,333036.0
2025-02-27,M&M.NS,326885.0
2025-02-28,M&M.NS,309927.0
2025-03-03,M&M.NS,313140.0
2025-03-04,M&M.NS,313314.0
2025-03-05,M&M.NS,326891.0
2025-03-06,M&M.NS,328786.0
2025-03-07,M&M.NS,327041.0
2025-03-10,M&M.NS,324014.0
2025-03-11,M&M.NS,317180.0
2025-03-12,M&M.NS,318103.0
2025-03-13,M&M.NS,316928.0
2025-03-17,M&M.NS,324320.0
2025-03-18,M&M.NS,324320.0
2025-03-19,M&M.NS,334384.0
2025-03-20,M&M.NS,339060.0
2025-03-21,M&M.NS,335913.0
2025-03-24,M&M.NS,332658.0
2025-03-25,M&M.NS,328018.0
2025-03-26,M&M.NS,328768.0
2025-03-27,M&M.NS,327659.0
2025-03-28,M&M.NS,319602.0
2025-04-01,M&M.NS,316257.0
2025-04-02,M&M.NS,316215.0
2025-04-03,M&M.NS,313086.0
2025-04-04,M&M.NS,311300.0
2025-04-07,M&M.NS,298675.0
2025-04-08,M&M.NS,302560.0
2025-04-09,M&M.NS,302494.0
2025-04-11,M&M.NS,309357.0
2025-04-15,M&M.NS,317228.0
2025-04-16,M&M.NS,315861.0
2025-04-17,M&M.NS,321232.0
2025-04-21,M&M.NS,331375.0
2025-04-22,M&M.NS,337741.0
2025-04-23,M&M.NS,349814.0
2025-04-24,M&M.NS,347848.0
2025-04-25,M&M.NS,343388.0
2025-04-28,M&M.NS,351349.0
2025-04-29,M&M.NS,348831.0
2025-04-30,M&M.NS,351133.0
2025-05-02,M&M.NS,349742.0
2025-05-05,M&M.NS,362247.0
2025-05-06,M&M.NS,367870.0
2025-05-07,M&M.NS,374044.0
2025-05-08,M&M.NS,363637.0
2025-05-09,M&M.NS,357523.0
2025-05-12,M&M.NS,372222.0
2025-05-13,M&M.NS,366119.0
2025-05-14,M&M.NS,371874.0
2025-05-15,M&M.NS,376969.0
2025-05-16,M&M.NS,375926.0
2025-05-19,M&M.NS,375015.0
2025-05-20,M&M.NS,367282.0
2025-05-21,M&M.NS,370543.0
2025-05-22,M&M.NS,360424.0
2025-05-23,M&M.NS,361192.0
2025-05-26,M&M.NS,369284.0
2025-05-27,M&M.NS,364441.0
2025-05-28,M&M.NS,359405.0
2025-05-29,M&M.NS,360748.0
2025-05-30,M&M.NS,356888.0
2025-06-02,M&M.NS,362774.0
2025-06-03,M&M.NS,365244.0
2025-06-04,M&M.NS,366071.0
2025-06-05,M&M.NS,364657.0
2025-06-06,M&M.NS,372437.0
2025-06-09,M&M.NS,370147.0
2025-06-10,M&M.NS,367762.0
2025-06-11,M&M.NS,369344.0
2025-06-12,M&M.NS,361971.0
2025-06-13,M&M.NS,360388.0
2025-06-16,M&M.NS,362499.0
2025-06-17,M&M.NS,360532.0
2025-06-18,M&M.NS,364597.0
2025-06-19,M&M.NS,371035.0
2025-06-20,M&M.NS,381777.0
2025-06-23,M&M.NS,375854.0
2025-06-24,M&M.NS,377665.0
2025-06-25,M&M.NS,385505.0
2025-06-26,M&M.NS,385541.0
2025-06-27,M&M.NS,384043.0
2025-06-30,M&M.NS,381633.0
2025-07-01,M&M.NS,380782.0
2025-07-02,M&M.NS,379475.0
2025-07-03,M&M.NS,380578.0
2025-07-04,M&M.NS,379151.0
2025-07-07,M&M.NS,378875.0
2025-07-08,M&M.NS,378600.0
2025-07-09,M&M.NS,380806.0
2025-07-10,M&M.NS,379139.0
2025-07-11,M&M.NS,368445.0
2025-07-14,M&M.NS,370711.0
2025-07-15,M&M.NS,375087.0
2025-07-16,M&M.NS,383227.0
2025-07-17,M&M.NS,383048.0
2025-07-18,M&M.NS,382736.0
2025-07-21,M&M.NS,389246.0
2025-07-22,M&M.NS,390505.0
2025-07-23,M&M.NS,391895.0
2025-07-24,M&M.NS,390948.0
2025-07-25,M&M.NS,389210.0
2025-07-28,M&M.NS,384822.0
2025-07-29,M&M.NS,383575.0
2025-07-30,M&M.NS,384714.0
2025-07-31,M&M.NS,384019.0
2025-08-01,M&M.NS,378768.0
2025-08-04,M&M.NS,383671.0
2025-08-05,M&M.NS,385110.0
2025-08-06,M&M.NS,386944.0
2025-08-07,M&M.NS,384978.0
2025-08-08,M&M.NS,376957.0
2025-08-11,M&M.NS,381993.0
2025-08-12,M&M.NS,388023.0
2025-08-13,M&M.NS,393502.0
2025-08-14,M&M.NS,391488.0
2025-08-18,M&M.NS,405599.0
2025-08-19,M&M.NS,402110.0
2025-08-20,M&M.NS,407097.0
2025-08-21,M&M.NS,404640.0
2025-08-22,M&M.NS,407985.0
2025-08-25,M&M.NS,407493.0
2025-08-26,M&M.NS,399329.0
2025-08-28,M&M.NS,395073.0
2025-08-29,M&M.NS,383587.0
2025-09-01,M&M.NS,397482.0
2025-09-02,M&M.NS,387783.0
2025-09-03,M&M.NS,393958.0
2025-09-04,M&M.NS,417396.0
2025-09-05,M&M.NS,426963.0
2025-09-08,M&M.NS,426963.0
2025-09-09,M&M.NS,443148.0
2025-09-10,M&M.NS,432130.0
2025-09-11,M&M.NS,431087.0
2025-09-12,M&M.NS,430392.0
2025-09-15,M&M.NS,423247.0
2025-09-16,M&M.NS,432562.0
2025-09-17,M&M.NS,435583.0
2025-09-18,M&M.NS,436662.0
2025-09-19,M&M.NS,430656.0
2025-09-22,M&M.NS,429781.0
2025-09-23,M&M.NS,433353.0
2025-09-24,M&M.NS,428594.0
2025-09-25,M&M.NS,423211.0
2025-09-26,M&M.NS,407205.0
2025-09-29,M&M.NS,409795.0
2025-09-30,M&M.NS,410862.0
2025-10-01,M&M.NS,415226.0
2025-10-03,M&M.NS,415058.0
2025-10-06,M&M.NS,416257.0
2025-10-07,M&M.NS,418751.0
2025-10-08,M&M.NS,410802.0
2025-10-09,M&M.NS,412768.0
2025-10-10,M&M.NS,414207.0
2025-10-13,M&M.NS,414782.0
2025-10-14,M&M.NS,414794.0
2025-10-15,M&M.NS,419278.0
2025-10-16,M&M.NS,426903.0
2025-10-17,M&M.NS,437262.0
2025-10-20,M&M.NS,431495.0
2025-10-21,M&M.NS,434145.0
2025-10-23,M&M.NS,434432.0
2025-10-24,M&M.NS,434600.0
2025-10-27,M&M.NS,432994.0
2025-10-28,M&M.NS,429097.0
2025-10-29,M&M.NS,423774.0
2025-10-30,M&M.NS,419866.0
2025-10-31,M&M.NS,418079.0
2025-11-03,M&M.NS,425477.0
2025-11-04,M&M.NS,429349.0
2025-11-06,M&M.NS,433821.0
2025-11-07,M&M.NS,442417.0
2025-11-10,M&M.NS,439264.0
2025-11-11,M&M.NS,449479.0
2025-11-12,M&M.NS,450102.0
2025-11-13,M&M.NS,443532.0
2025-11-14,M&M.NS,443424.0
2025-11-17,M&M.NS,447776.0
2025-11-18,M&M.NS,442968.0
2025-11-19,M&M.NS,446289.0
2025-11-20,M&M.NS,445594.0
2025-11-21,M&M.NS,449538.0
2025-11-24,M&M.NS,442489.0
2025-11-25,M&M.NS,439911.0
2025-11-26,M&M.NS,441961.0
2025-11-27,M&M.NS,441338.0
2025-11-28,M&M.NS,450462.0
2025-12-01,M&M.NS,448579.0
2025-12-02,M&M.NS,445570.0
2025-12-03,M&M.NS,437525.0
2025-12-04,M&M.NS,440187.0
2025-12-05,M&M.NS,445642.0
2025-12-08,M&M.NS,441398.0
2025-12-09,M&M.NS,435907.0
2025-12-10,M&M.NS,435200.0
2025-12-11,M&M.NS,439420.0
2025-12-12,M&M.NS,441146.0
2025-12-15,M&M.NS,432562.0
2025-12-16,M&M.NS,434121.0
2025-12-17,M&M.NS,433138.0
2025-12-18,M&M.NS,429996.0
2025-12-19,M&M.NS,432035.0
2025-12-22,M&M.NS,433605.0
2025-12-23,M&M.NS,434612.0
2025-12-24,M&M.NS,436003.0
2025-12-26,M&M.NS,434372.0
2025-12-29,M&M.NS,430656.0
2025-12-30,M&M.NS,438832.0
2025-12-31,M&M.NS,444695.0
2026-01-01,M&M.NS,450905.0
2026-01-02,M&M.NS,455869.0
2026-01-05,M&M.NS,454418.0
2026-01-06,M&M.NS,453854.0
2026-01-07,M&M.NS,449443.0
2026-01-08,M&M.NS,446469.0
2026-01-09,M&M.NS,440870.0
2026-01-12,M&M.NS,441434.0
2026-01-13,M&M.NS,438976.0
2026-01-14,M&M.NS,437537.0
2026-01-15,M&M.NS,437537.0
2026-01-16,M&M.NS,438581.0
2026-01-19,M&M.NS,438485.0
2026-01-20,M&M.NS,426508.0
2026-01-21,M&M.NS,426004.0
2026-01-22,M&M.NS,428450.0
2026-01-23,M&M.NS,424817.0
2026-01-27,M&M.NS,406846.0
2026-01-28,M&M.NS,413524.0
2026-01-29,M&M.NS,405755.0
2026-01-30,M&M.NS,411437.0
2026-02-02,M&M.NS,415202.0
2026-02-03,M&M.NS,422959.0
2026-02-04,M&M.NS,428486.0
2026-02-05,M&M.NS,428246.0
2026-02-06,M&M.NS,428965.0
2026-02-09,M&M.NS,432754.0
2026-02-10,M&M.NS,440691.0
2026-02-11,M&M.NS,440583.0
2026-02-12,M&M.NS,430776.0
2026-02-13,M&M.NS,423618.0
2026-02-16,M&M.NS,420777.0
2026-02-17,M&M.NS,418319.0
2026-02-18,M&M.NS,423271.0
2026-02-19,M&M.NS,411437.0
2026-02-20,M&M.NS,409160.0
2026-02-23,M&M.NS,413272.0
2026-02-24,M&M.NS,411605.0
2026-02-25,M&M.NS,418571.0
2026-02-26,M&M.NS,417768.0
2026-02-27,M&M.NS,407313.0
2026-03-02,M&M.NS,399748.0
2026-03-04,M&M.NS,391356.0
2026-03-05,M&M.NS,401391.0
2026-03-06,M&M.NS,399532.0
2026-03-09,M&M.NS,382160.0
2026-03-10,M&M.NS,394881.0
2026-03-11,M&M.NS,379835.0
2026-03-12,M&M.NS,363410.0
2026-03-13,M&M.NS,351409.0
2026-03-16,M&M.NS,363997.0
2026-03-17,M&M.NS,375123.0
2026-03-18,M&M.NS,385397.0
2026-03-19,M&M.NS,365112.0
2026-03-20,M&M.NS,367594.0
2026-03-23,M&M.NS,354370.0
2026-03-24,M&M.NS,363422.0
2026-03-25,M&M.NS,375027.0
2026-03-27,M&M.NS,364621.0
2026-03-30,M&M.NS,354238.0
2026-04-01,M&M.NS,363446.0
2026-04-02,M&M.NS,361072.0
2026-04-06,M&M.NS,362259.0
2026-04-07,M&M.NS,360460.0
2026-04-08,M&M.NS,384858.0
2026-04-09,M&M.NS,379667.0
2026-04-10,M&M.NS,390816.0
2026-04-13,M&M.NS,386069.0
2026-04-15,M&M.NS,390421.0
2026-04-16,M&M.NS,386321.0
2026-04-17,M&M.NS,383671.0
2026-04-20,M&M.NS,386237.0
2026-04-21,M&M.NS,389318.0
2026-04-22,M&M.NS,377617.0
2026-04-23,M&M.NS,365388.0
2026-04-24,M&M.NS,364273.0
2026-04-27,M&M.NS,371946.0
2026-04-28,M&M.NS,370231.0
2026-04-29,M&M.NS,377928.0
2026-04-30,M&M.NS,371358.0
2026-05-01,M&M.NS,371358.0
2026-05-04,M&M.NS,372437.0
2026-05-05,M&M.NS,384942.0
2026-05-06,M&M.NS,395732.0
2026-05-07,M&M.NS,404112.0
2026-05-08,M&M.NS,399281.0
2026-05-11,M&M.NS,389150.0
2026-05-12,M&M.NS,380770.0
2026-05-13,M&M.NS,373073.0
2026-05-14,M&M.NS,380518.0
2026-05-15,M&M.NS,374428.0
2026-05-18,M&M.NS,369704.0
2026-05-19,M&M.NS,370735.0
2026-05-20,M&M.NS,374320.0
2026-05-21,M&M.NS,371538.0
2026-05-22,M&M.NS,369416.0
2026-05-25,M&M.NS,376334.0
2026-05-26,M&M.NS,372533.0
2026-05-27,M&M.NS,374248.0
2026-05-28,M&M.NS,374248.0
2026-05-29,M&M.NS,365136.0
2026-06-01,M&M.NS,356096.0
2026-06-02,M&M.NS,359465.0
2026-06-03,M&M.NS,361000.0
2026-06-04,M&M.NS,361599.0
2026-06-05,M&M.NS,364525.0
2026-06-08,M&M.NS,355593.0
2026-06-09,M&M.NS,358482.0
2026-06-10,M&M.NS,353974.0
2026-06-11,M&M.NS,359777.0
2026-06-12,M&M.NS,364812.0
2026-06-15,M&M.NS,375770.0
2026-06-16,M&M.NS,376202.0
2026-06-17,M&M.NS,375602.0
2026-06-18,M&M.NS,376034.0
2026-06-19,M&M.NS,368637.0
2026-06-22,M&M.NS,367270.0
2026-06-23,M&M.NS,364141.0
2026-06-24,M&M.NS,367402.0
2026-06-25,M&M.NS,381513.0
2026-06-26,M&M.NS,381513.0
2026-06-29,M&M.NS,370819.0
2026-06-30,M&M.NS,367918.0
2026-07-01,M&M.NS,375255.0
2026-07-02,M&M.NS,380698.0
2026-07-03,M&M.NS,376082.0
2026-07-06,M&M.NS,383791.0
2026-07-07,M&M.NS,383215.0
2026-07-08,M&M.NS,371958.0
2026-07-09,M&M.NS,369908.0
2026-07-10,M&M.NS,375183.0
2026-07-13,M&M.NS,378899.0
2026-07-14,M&M.NS,370855.0
2026-07-15,M&M.NS,369608.0
2026-07-16,M&M.NS,373792.0
2026-07-17,M&M.NS,381153.0
2026-07-20,M&M.NS,379511.0
2026-07-21,M&M.NS,383851.0
2026-07-22,M&M.NS,380686.0
2026-07-23,M&M.NS,387208.0
2026-07-24,M&M.NS,379019.0
2026-07-27,M&M.NS,388275.0
2026-07-28,M&M.NS,392183.0
2026-07-29,M&M.NS,386261.0
2026-07-30,M&M.NS,393682.0
2026-07-31,M&M.NS,407445.0
2026-08-03,M&M.NS,411054.0
2026-08-04,M&M.NS,411581.0
2026-08-05,M&M.NS,414267.0
2026-08-06,M&M.NS,408344.0
2026-08-07,M&M.NS,419854.0
2026-08-10,M&M.NS,421652.0
2026-08-11,M&M.NS,414830.0
2026-08-12,M&M.NS,408057.0
2026-08-13,M&M.NS,411006.0
2026-08-14,M&M.NS,411018.0
2026-08-17,M&M.NS,406474.0
2026-08-18,M&M.NS,410203.0
2026-08-19,M&M.NS,409423.0
2026-08-20,M&M.NS,410598.0
2026-08-21,M&M.NS,409088.0
2026-08-24,M&M.NS,409315.0
2026-08-25,M&M.NS,412780.0
2026-08-26,M&M.NS,407409.0
2026-08-27,M&M.NS,399233.0
2026-08-28,M&M.NS,399712.0
2026-08-31,M&M.NS,393478.0
2026-09-01,M&M.NS,390721.0
2026-09-02,M&M.NS,382448.0
2026-09-03,M&M.NS,377653.0
2026-09-04,M&M.NS,380050.0
2026-09-07,M&M.NS,378851.0
2026-09-08,M&M.NS,378851.0
2026-09-09,M&M.NS,377653.0
2026-09-10,M&M.NS,374511.0
2026-09-11,M&M.NS,372497.0
2026-09-14,M&M.NS,372497.0
2026-09-15,M&M.NS,363206.0
2026-09-16,M&M.NS,368061.0
2026-09-17,M&M.NS,368841.0
2026-09-18,M&M.NS,365903.0
2026-09-21,M&M.NS,366299.0
2026-09-22,M&M.NS,365004.0
2026-09-23,M&M.NS,363865.0
2026-09-24,M&M.NS,357595.0
2026-09-25,M&M.NS,363865.0
2026-09-28,M&M.NS,359070.0
2026-09-29,M&M.NS,353411.0
2026-09-30,M&M.NS,353675.0
2026-10-01,M&M.NS,342885.0
2026-10-02,M&M.NS,342885.0
2026-10-05,M&M.NS,342597.0
2026-10-06,M&M.NS,342285.0
2021-10-06,ONGC.NS,100000.0
2021-10-07,ONGC.NS,95419.0
2021-10-08,ONGC.NS,95747.0
2021-10-11,ONGC.NS,98156.0
2021-10-12,ONGC.NS,97293.0
2021-10-13,ONGC.NS,95181.0
2021-10-14,ONGC.NS,94616.0
2021-10-18,ONGC.NS,96431.0
2021-10-19,ONGC.NS,94349.0
2021-10-20,ONGC.NS,92148.0
2021-10-21,ONGC.NS,92207.0
2021-10-22,ONGC.NS,93427.0
2021-10-25,ONGC.NS,96014.0
2021-10-26,ONGC.NS,97026.0
2021-10-27,ONGC.NS,93932.0
2021-10-28,ONGC.NS,89352.0
2021-10-29,ONGC.NS,88667.0
2021-11-01,ONGC.NS,91106.0
2021-11-02,ONGC.NS,90988.0
2021-11-03,ONGC.NS,90422.0
2021-11-04,ONGC.NS,90452.0
2021-11-08,ONGC.NS,92148.0
2021-11-09,ONGC.NS,93189.0
2021-11-10,ONGC.NS,93813.0
2021-11-11,ONGC.NS,91315.0
2021-11-12,ONGC.NS,91999.0
2021-11-15,ONGC.NS,93873.0
2021-11-16,ONGC.NS,93486.0
2021-11-17,ONGC.NS,93635.0
2021-11-18,ONGC.NS,91791.0
2021-11-22,ONGC.NS,87180.0
2021-11-23,ONGC.NS,87269.0
2021-11-24,ONGC.NS,91285.0
2021-11-25,ONGC.NS,92267.0
2021-11-26,ONGC.NS,87507.0
2021-11-29,ONGC.NS,85723.0
2021-11-30,ONGC.NS,84533.0
2021-12-01,ONGC.NS,84622.0
2021-12-02,ONGC.NS,85663.0
2021-12-03,ONGC.NS,86794.0
2021-12-06,ONGC.NS,85277.0
2021-12-07,ONGC.NS,86794.0
2021-12-08,ONGC.NS,88281.0
2021-12-09,ONGC.NS,87656.0
2021-12-10,ONGC.NS,87775.0
2021-12-13,ONGC.NS,86823.0
2021-12-14,ONGC.NS,87388.0
2021-12-15,ONGC.NS,85634.0
2021-12-16,ONGC.NS,86466.0
2021-12-17,ONGC.NS,82927.0
2021-12-20,ONGC.NS,79714.0
2021-12-21,ONGC.NS,80934.0
2021-12-22,ONGC.NS,81380.0
2021-12-23,ONGC.NS,83581.0
2021-12-24,ONGC.NS,82391.0
2021-12-27,ONGC.NS,81707.0
2021-12-28,ONGC.NS,82986.0
2021-12-29,ONGC.NS,82629.0
2021-12-30,ONGC.NS,83581.0
2021-12-31,ONGC.NS,84711.0
2022-01-03,ONGC.NS,85098.0
2022-01-04,ONGC.NS,87924.0
2022-01-05,ONGC.NS,89441.0
2022-01-06,ONGC.NS,89709.0
2022-01-07,ONGC.NS,93427.0
2022-01-10,ONGC.NS,94200.0
2022-01-11,ONGC.NS,95747.0
2022-01-12,ONGC.NS,98126.0
2022-01-13,ONGC.NS,97531.0
2022-01-14,ONGC.NS,95806.0
2022-01-17,ONGC.NS,98662.0
2022-01-18,ONGC.NS,97472.0
2022-01-19,ONGC.NS,101279.0
2022-01-20,ONGC.NS,99256.0
2022-01-21,ONGC.NS,97353.0
2022-01-24,ONGC.NS,98572.0
2022-01-25,ONGC.NS,98245.0
2022-01-27,ONGC.NS,98572.0
2022-01-28,ONGC.NS,100416.0
2022-01-31,ONGC.NS,102677.0
2022-02-01,ONGC.NS,101695.0
2022-02-02,ONGC.NS,101904.0
2022-02-03,ONGC.NS,99643.0
2022-02-04,ONGC.NS,100892.0
2022-02-07,ONGC.NS,102380.0
2022-02-08,ONGC.NS,99316.0
2022-02-09,ONGC.NS,97531.0
2022-02-10,ONGC.NS,100595.0
2022-02-11,ONGC.NS,100030.0
2022-02-14,ONGC.NS,98870.0
2022-02-15,ONGC.NS,97650.0
2022-02-16,ONGC.NS,100268.0
2022-02-17,ONGC.NS,102171.0
2022-02-18,ONGC.NS,99881.0
2022-02-21,ONGC.NS,97204.0
2022-02-22,ONGC.NS,98126.0
2022-02-23,ONGC.NS,95628.0
2022-02-24,ONGC.NS,93189.0
2022-02-25,ONGC.NS,94884.0
2022-02-28,ONGC.NS,95568.0
2022-03-02,ONGC.NS,96936.0
2022-03-03,ONGC.NS,101309.0
2022-03-04,ONGC.NS,98305.0
2022-03-07,ONGC.NS,111214.0
2022-03-08,ONGC.NS,106544.0
2022-03-09,ONGC.NS,104343.0
2022-03-10,ONGC.NS,103718.0
2022-03-11,ONGC.NS,104521.0
2022-03-14,ONGC.NS,102201.0
2022-03-15,ONGC.NS,97412.0
2022-03-16,ONGC.NS,99524.0
2022-03-17,ONGC.NS,101309.0
2022-03-21,ONGC.NS,102647.0
2022-03-22,ONGC.NS,104372.0
2022-03-23,ONGC.NS,104462.0
2022-03-24,ONGC.NS,105562.0
2022-03-25,ONGC.NS,104581.0
2022-03-28,ONGC.NS,104908.0
2022-03-29,ONGC.NS,101725.0
2022-03-30,ONGC.NS,96371.0
2022-03-31,ONGC.NS,97501.0
2022-04-01,ONGC.NS,99911.0
2022-04-04,ONGC.NS,99970.0
2022-04-05,ONGC.NS,102231.0
2022-04-06,ONGC.NS,102796.0
2022-04-07,ONGC.NS,100446.0
2022-04-08,ONGC.NS,101666.0
2022-04-11,ONGC.NS,101844.0
2022-04-12,ONGC.NS,100476.0
2022-04-13,ONGC.NS,103659.0
2022-04-18,ONGC.NS,104581.0
2022-04-19,ONGC.NS,105384.0
2022-04-20,ONGC.NS,104402.0
2022-04-21,ONGC.NS,103599.0
2022-04-22,ONGC.NS,103510.0
2022-04-25,ONGC.NS,100922.0
2022-04-26,ONGC.NS,99316.0
2022-04-27,ONGC.NS,98067.0
2022-04-28,ONGC.NS,98037.0
2022-04-29,ONGC.NS,95449.0
2022-05-02,ONGC.NS,93010.0
2022-05-04,ONGC.NS,96520.0
2022-05-05,ONGC.NS,98067.0
2022-05-06,ONGC.NS,99316.0
2022-05-09,ONGC.NS,98007.0
2022-05-10,ONGC.NS,91880.0
2022-05-11,ONGC.NS,94349.0
2022-05-12,ONGC.NS,93099.0
2022-05-13,ONGC.NS,91344.0
2022-05-16,ONGC.NS,91315.0
2022-05-17,ONGC.NS,97055.0
2022-05-18,ONGC.NS,97085.0
2022-05-19,ONGC.NS,95181.0
2022-05-20,ONGC.NS,96312.0
2022-05-23,ONGC.NS,92267.0
2022-05-24,ONGC.NS,89619.0
2022-05-25,ONGC.NS,90779.0
2022-05-26,ONGC.NS,90363.0
2022-05-27,ONGC.NS,85544.0
2022-05-30,ONGC.NS,85693.0
2022-05-31,ONGC.NS,89976.0
2022-06-01,ONGC.NS,89084.0
2022-06-02,ONGC.NS,90690.0
2022-06-03,ONGC.NS,90184.0
2022-06-06,ONGC.NS,91582.0
2022-06-07,ONGC.NS,96282.0
2022-06-08,ONGC.NS,97204.0
2022-06-09,ONGC.NS,98483.0
2022-06-10,ONGC.NS,97948.0
2022-06-13,ONGC.NS,94914.0
2022-06-14,ONGC.NS,92772.0
2022-06-15,ONGC.NS,90065.0
2022-06-16,ONGC.NS,85396.0
2022-06-17,ONGC.NS,84146.0
2022-06-20,ONGC.NS,79952.0
2022-06-21,ONGC.NS,82748.0
2022-06-22,ONGC.NS,80220.0
2022-06-23,ONGC.NS,80190.0
2022-06-24,ONGC.NS,81707.0
2022-06-27,ONGC.NS,84176.0
2022-06-28,ONGC.NS,88846.0
2022-06-29,ONGC.NS,91701.0
2022-06-30,ONGC.NS,90155.0
2022-07-01,ONGC.NS,77960.0
2022-07-04,ONGC.NS,74955.0
2022-07-05,ONGC.NS,75788.0
2022-07-06,ONGC.NS,71951.0
2022-07-07,ONGC.NS,73468.0
2022-07-08,ONGC.NS,72278.0
2022-07-11,ONGC.NS,74658.0
2022-07-12,ONGC.NS,73825.0
2022-07-13,ONGC.NS,74033.0
2022-07-14,ONGC.NS,75639.0
2022-07-15,ONGC.NS,75283.0
2022-07-18,ONGC.NS,77275.0
2022-07-19,ONGC.NS,76086.0
2022-07-20,ONGC.NS,78852.0
2022-07-21,ONGC.NS,79179.0
2022-07-22,ONGC.NS,78792.0
2022-07-25,ONGC.NS,77216.0
2022-07-26,ONGC.NS,76264.0
2022-07-27,ONGC.NS,76502.0
2022-07-28,ONGC.NS,77484.0
2022-07-29,ONGC.NS,79804.0
2022-08-01,ONGC.NS,82332.0
2022-08-02,ONGC.NS,81321.0
2022-08-03,ONGC.NS,80696.0
2022-08-04,ONGC.NS,81053.0
2022-08-05,ONGC.NS,81202.0
2022-08-08,ONGC.NS,81202.0
2022-08-10,ONGC.NS,79595.0
2022-08-11,ONGC.NS,79001.0
2022-08-12,ONGC.NS,82808.0
2022-08-16,ONGC.NS,83254.0
2022-08-17,ONGC.NS,83076.0
2022-08-18,ONGC.NS,80637.0
2022-08-19,ONGC.NS,80071.0
2022-08-22,ONGC.NS,78465.0
2022-08-23,ONGC.NS,79566.0
2022-08-24,ONGC.NS,80904.0
2022-08-25,ONGC.NS,81231.0
2022-08-26,ONGC.NS,81291.0
2022-08-29,ONGC.NS,80845.0
2022-08-30,ONGC.NS,82451.0
2022-09-01,ONGC.NS,80131.0
2022-09-02,ONGC.NS,78971.0
2022-09-05,ONGC.NS,79358.0
2022-09-06,ONGC.NS,78584.0
2022-09-07,ONGC.NS,78822.0
2022-09-08,ONGC.NS,78435.0
2022-09-09,ONGC.NS,79714.0
2022-09-12,ONGC.NS,79714.0
2022-09-13,ONGC.NS,79655.0
2022-09-14,ONGC.NS,79239.0
2022-09-15,ONGC.NS,78882.0
2022-09-16,ONGC.NS,78079.0
2022-09-19,ONGC.NS,77662.0
2022-09-20,ONGC.NS,79239.0
2022-09-21,ONGC.NS,77870.0
2022-09-22,ONGC.NS,76532.0
2022-09-23,ONGC.NS,76502.0
2022-09-26,ONGC.NS,73438.0
2022-09-27,ONGC.NS,74033.0
2022-09-28,ONGC.NS,72903.0
2022-09-29,ONGC.NS,75342.0
2022-09-30,ONGC.NS,75431.0
2022-10-03,ONGC.NS,78763.0
2022-10-04,ONGC.NS,79655.0
2022-10-06,ONGC.NS,78911.0
2022-10-07,ONGC.NS,79744.0
2022-10-10,ONGC.NS,79268.0
2022-10-11,ONGC.NS,77989.0
2022-10-12,ONGC.NS,78138.0
2022-10-13,ONGC.NS,77246.0
2022-10-14,ONGC.NS,75907.0
2022-10-17,ONGC.NS,76026.0
2022-10-18,ONGC.NS,76562.0
2022-10-19,ONGC.NS,76026.0
2022-10-20,ONGC.NS,77097.0
2022-10-21,ONGC.NS,78257.0
2022-10-24,ONGC.NS,79001.0
2022-10-25,ONGC.NS,77781.0
2022-10-27,ONGC.NS,78406.0
2022-10-28,ONGC.NS,79536.0
2022-10-31,ONGC.NS,79744.0
2022-11-01,ONGC.NS,80399.0
2022-11-02,ONGC.NS,81172.0
2022-11-03,ONGC.NS,81142.0
2022-11-04,ONGC.NS,82005.0
2022-11-07,ONGC.NS,82421.0
2022-11-09,ONGC.NS,82481.0
2022-11-10,ONGC.NS,83195.0
2022-11-11,ONGC.NS,83551.0
2022-11-14,ONGC.NS,82838.0
2022-11-15,ONGC.NS,84682.0
2022-11-16,ONGC.NS,85009.0
2022-11-17,ONGC.NS,85187.0
2022-11-18,ONGC.NS,84325.0
2022-11-21,ONGC.NS,80577.0
2022-11-22,ONGC.NS,80428.0
2022-11-23,ONGC.NS,81202.0
2022-11-24,ONGC.NS,82957.0
2022-11-25,ONGC.NS,83611.0
2022-11-28,ONGC.NS,83046.0
2022-11-29,ONGC.NS,83432.0
2022-11-30,ONGC.NS,83938.0
2022-12-01,ONGC.NS,83314.0
2022-12-02,ONGC.NS,83819.0
2022-12-05,ONGC.NS,85515.0
2022-12-06,ONGC.NS,84741.0
2022-12-07,ONGC.NS,83670.0
2022-12-08,ONGC.NS,84860.0
2022-12-09,ONGC.NS,83700.0
2022-12-12,ONGC.NS,84682.0
2022-12-13,ONGC.NS,85872.0
2022-12-14,ONGC.NS,87805.0
2022-12-15,ONGC.NS,87716.0
2022-12-16,ONGC.NS,87567.0
2022-12-19,ONGC.NS,86734.0
2022-12-20,ONGC.NS,86764.0
2022-12-21,ONGC.NS,85366.0
2022-12-22,ONGC.NS,84622.0
2022-12-23,ONGC.NS,83165.0
2022-12-26,ONGC.NS,84057.0
2022-12-27,ONGC.NS,86139.0
2022-12-28,ONGC.NS,85604.0
2022-12-29,ONGC.NS,86050.0
2022-12-30,ONGC.NS,87299.0
2023-01-02,ONGC.NS,89500.0
2023-01-03,ONGC.NS,88965.0
2023-01-04,ONGC.NS,87002.0
2023-01-05,ONGC.NS,87151.0
2023-01-06,ONGC.NS,87656.0
2023-01-09,ONGC.NS,88132.0
2023-01-10,ONGC.NS,88846.0
2023-01-11,ONGC.NS,87329.0
2023-01-12,ONGC.NS,86942.0
2023-01-13,ONGC.NS,87418.0
2023-01-16,ONGC.NS,87805.0
2023-01-17,ONGC.NS,87954.0
2023-01-18,ONGC.NS,88786.0
2023-01-19,ONGC.NS,90274.0
2023-01-20,ONGC.NS,90184.0
2023-01-23,ONGC.NS,90631.0
2023-01-24,ONGC.NS,90512.0
2023-01-25,ONGC.NS,90690.0
2023-01-27,ONGC.NS,87835.0
2023-01-30,ONGC.NS,86199.0
2023-01-31,ONGC.NS,86199.0
2023-02-01,ONGC.NS,85812.0
2023-02-02,ONGC.NS,85336.0
2023-02-03,ONGC.NS,85842.0
2023-02-06,ONGC.NS,85366.0
2023-02-07,ONGC.NS,86050.0
2023-02-08,ONGC.NS,85604.0
2023-02-09,ONGC.NS,86972.0
2023-02-10,ONGC.NS,87269.0
2023-02-13,ONGC.NS,88132.0
2023-02-14,ONGC.NS,88311.0
2023-02-15,ONGC.NS,87745.0
2023-02-16,ONGC.NS,92742.0
2023-02-17,ONGC.NS,93159.0
2023-02-20,ONGC.NS,92118.0
2023-02-21,ONGC.NS,91672.0
2023-02-22,ONGC.NS,91374.0
2023-02-23,ONGC.NS,91999.0
2023-02-24,ONGC.NS,92207.0
2023-02-27,ONGC.NS,92356.0
2023-02-28,ONGC.NS,90452.0
2023-03-01,ONGC.NS,92088.0
2023-03-02,ONGC.NS,91642.0
2023-03-03,ONGC.NS,91761.0
2023-03-06,ONGC.NS,94111.0
2023-03-08,ONGC.NS,94140.0
2023-03-09,ONGC.NS,92980.0
2023-03-10,ONGC.NS,92683.0
2023-03-13,ONGC.NS,92683.0
2023-03-14,ONGC.NS,91196.0
2023-03-15,ONGC.NS,90750.0
2023-03-16,ONGC.NS,90541.0
2023-03-17,ONGC.NS,91106.0
2023-03-20,ONGC.NS,90601.0
2023-03-21,ONGC.NS,90155.0
2023-03-22,ONGC.NS,90155.0
2023-03-23,ONGC.NS,90898.0
2023-03-24,ONGC.NS,88876.0
2023-03-27,ONGC.NS,89381.0
2023-03-28,ONGC.NS,87567.0
2023-03-29,ONGC.NS,88846.0
2023-03-31,ONGC.NS,89857.0
2023-04-03,ONGC.NS,91404.0
2023-04-05,ONGC.NS,90958.0
2023-04-06,ONGC.NS,89590.0
2023-04-10,ONGC.NS,93486.0
2023-04-11,ONGC.NS,94616.0
2023-04-12,ONGC.NS,93783.0
2023-04-13,ONGC.NS,94438.0
2023-04-17,ONGC.NS,95271.0
2023-04-18,ONGC.NS,95241.0
2023-04-19,ONGC.NS,95241.0
2023-04-20,ONGC.NS,94676.0
2023-04-21,ONGC.NS,94943.0
2023-04-24,ONGC.NS,95330.0
2023-04-25,ONGC.NS,95568.0
2023-04-26,ONGC.NS,95866.0
2023-04-27,ONGC.NS,95211.0
2023-04-28,ONGC.NS,94557.0
2023-05-02,ONGC.NS,97710.0
2023-05-03,ONGC.NS,95866.0
2023-05-04,ONGC.NS,95776.0
2023-05-05,ONGC.NS,95360.0
2023-05-08,ONGC.NS,98156.0
2023-05-09,ONGC.NS,98305.0
2023-05-10,ONGC.NS,99316.0
2023-05-11,ONGC.NS,99375.0
2023-05-12,ONGC.NS,98453.0
2023-05-15,ONGC.NS,98513.0
2023-05-16,ONGC.NS,99941.0
2023-05-17,ONGC.NS,99494.0
2023-05-18,ONGC.NS,98959.0
2023-05-19,ONGC.NS,98096.0
2023-05-22,ONGC.NS,98513.0
2023-05-23,ONGC.NS,98156.0
2023-05-24,ONGC.NS,98899.0
2023-05-25,ONGC.NS,98751.0
2023-05-26,ONGC.NS,97412.0
2023-05-29,ONGC.NS,94587.0
2023-05-30,ONGC.NS,94497.0
2023-05-31,ONGC.NS,92148.0
2023-06-01,ONGC.NS,91404.0
2023-06-02,ONGC.NS,92029.0
2023-06-05,ONGC.NS,92445.0
2023-06-06,ONGC.NS,91404.0
2023-06-07,ONGC.NS,91523.0
2023-06-08,ONGC.NS,92861.0
2023-06-09,ONGC.NS,91761.0
2023-06-12,ONGC.NS,92237.0
2023-06-13,ONGC.NS,92594.0
2023-06-14,ONGC.NS,93902.0
2023-06-15,ONGC.NS,93783.0
2023-06-16,ONGC.NS,93397.0
2023-06-19,ONGC.NS,93873.0
2023-06-20,ONGC.NS,93546.0
2023-06-21,ONGC.NS,95300.0
2023-06-22,ONGC.NS,94557.0
2023-06-23,ONGC.NS,93337.0
2023-06-26,ONGC.NS,93337.0
2023-06-27,ONGC.NS,93902.0
2023-06-28,ONGC.NS,94319.0
2023-06-30,ONGC.NS,95360.0
2023-07-03,ONGC.NS,96907.0
2023-07-04,ONGC.NS,95895.0
2023-07-05,ONGC.NS,96847.0
2023-07-06,ONGC.NS,98394.0
2023-07-07,ONGC.NS,97264.0
2023-07-10,ONGC.NS,96817.0
2023-07-11,ONGC.NS,97918.0
2023-07-12,ONGC.NS,99732.0
2023-07-13,ONGC.NS,99822.0
2023-07-14,ONGC.NS,100684.0
2023-07-17,ONGC.NS,98989.0
2023-07-18,ONGC.NS,99286.0
2023-07-19,ONGC.NS,99197.0
2023-07-20,ONGC.NS,99465.0
2023-07-21,ONGC.NS,101457.0
2023-07-24,ONGC.NS,101725.0
2023-07-25,ONGC.NS,102915.0
2023-07-26,ONGC.NS,102885.0
2023-07-27,ONGC.NS,101725.0
2023-07-28,ONGC.NS,102201.0
2023-07-31,ONGC.NS,105324.0
2023-08-01,ONGC.NS,105116.0
2023-08-02,ONGC.NS,104670.0
2023-08-03,ONGC.NS,102380.0
2023-08-04,ONGC.NS,103123.0
2023-08-07,ONGC.NS,102885.0
2023-08-08,ONGC.NS,103123.0
2023-08-09,ONGC.NS,105235.0
2023-08-10,ONGC.NS,106276.0
2023-08-11,ONGC.NS,105413.0
2023-08-14,ONGC.NS,105889.0
2023-08-16,ONGC.NS,106514.0
2023-08-17,ONGC.NS,105741.0
2023-08-18,ONGC.NS,104283.0
2023-08-21,ONGC.NS,104729.0
2023-08-22,ONGC.NS,104789.0
2023-08-23,ONGC.NS,104402.0
2023-08-24,ONGC.NS,102974.0
2023-08-25,ONGC.NS,103926.0
2023-08-28,ONGC.NS,104224.0
2023-08-29,ONGC.NS,104521.0
2023-08-30,ONGC.NS,104551.0
2023-08-31,ONGC.NS,103599.0
2023-09-01,ONGC.NS,108120.0
2023-09-04,ONGC.NS,108834.0
2023-09-05,ONGC.NS,108923.0
2023-09-06,ONGC.NS,108894.0
2023-09-07,ONGC.NS,108120.0
2023-09-08,ONGC.NS,109726.0
2023-09-11,ONGC.NS,109102.0
2023-09-12,ONGC.NS,107615.0
2023-09-13,ONGC.NS,109399.0
2023-09-14,ONGC.NS,111779.0
2023-09-15,ONGC.NS,111035.0
2023-09-18,ONGC.NS,111095.0
2023-09-20,ONGC.NS,111957.0
2023-09-21,ONGC.NS,111065.0
2023-09-22,ONGC.NS,110113.0
2023-09-25,ONGC.NS,110351.0
2023-09-26,ONGC.NS,111689.0
2023-09-27,ONGC.NS,111392.0
2023-09-28,ONGC.NS,111511.0
2023-09-29,ONGC.NS,114128.0
2023-10-03,ONGC.NS,109816.0
2023-10-04,ONGC.NS,108715.0
2023-10-05,ONGC.NS,108388.0
2023-10-06,ONGC.NS,107942.0
2023-10-09,ONGC.NS,108090.0
2023-10-10,ONGC.NS,109161.0
2023-10-11,ONGC.NS,109012.0
2023-10-12,ONGC.NS,109726.0
2023-10-13,ONGC.NS,109994.0
2023-10-16,ONGC.NS,110976.0
2023-10-17,ONGC.NS,110797.0
2023-10-18,ONGC.NS,111214.0
2023-10-19,ONGC.NS,110827.0
2023-10-20,ONGC.NS,110767.0
2023-10-23,ONGC.NS,109964.0
2023-10-25,ONGC.NS,109667.0
2023-10-26,ONGC.NS,107615.0
2023-10-27,ONGC.NS,109905.0
2023-10-30,ONGC.NS,112314.0
2023-10-31,ONGC.NS,110738.0
2023-11-01,ONGC.NS,111065.0
2023-11-02,ONGC.NS,110767.0
2023-11-03,ONGC.NS,113028.0
2023-11-06,ONGC.NS,114991.0
2023-11-07,ONGC.NS,114932.0
2023-11-08,ONGC.NS,116211.0
2023-11-09,ONGC.NS,114634.0
2023-11-10,ONGC.NS,116538.0
2023-11-13,ONGC.NS,116478.0
2023-11-15,ONGC.NS,118679.0
2023-11-16,ONGC.NS,120048.0
2023-11-17,ONGC.NS,116805.0
2023-11-20,ONGC.NS,117698.0
2023-11-21,ONGC.NS,113742.0
2023-11-22,ONGC.NS,113623.0
2023-11-23,ONGC.NS,113415.0
2023-11-24,ONGC.NS,112344.0
2023-11-28,ONGC.NS,115378.0
2023-11-29,ONGC.NS,114218.0
2023-11-30,ONGC.NS,115973.0
2023-12-01,ONGC.NS,115735.0
2023-12-04,ONGC.NS,120196.0
2023-12-05,ONGC.NS,120196.0
2023-12-06,ONGC.NS,120137.0
2023-12-07,ONGC.NS,118322.0
2023-12-08,ONGC.NS,116568.0
2023-12-11,ONGC.NS,117668.0
2023-12-12,ONGC.NS,116240.0
2023-12-13,ONGC.NS,114902.0
2023-12-14,ONGC.NS,116568.0
2023-12-15,ONGC.NS,119601.0
2023-12-18,ONGC.NS,118382.0
2023-12-19,ONGC.NS,119155.0
2023-12-20,ONGC.NS,120880.0
2023-12-21,ONGC.NS,120553.0
2023-12-22,ONGC.NS,121327.0
2023-12-26,ONGC.NS,123349.0
2023-12-27,ONGC.NS,122278.0
2023-12-28,ONGC.NS,123914.0
2023-12-29,ONGC.NS,121981.0
2024-01-01,ONGC.NS,122159.0
2024-01-02,ONGC.NS,123171.0
2024-01-03,ONGC.NS,123885.0
2024-01-04,ONGC.NS,127692.0
2024-01-05,ONGC.NS,128763.0
2024-01-08,ONGC.NS,129655.0
2024-01-09,ONGC.NS,128882.0
2024-01-10,ONGC.NS,126175.0
2024-01-11,ONGC.NS,126026.0
2024-01-12,ONGC.NS,132897.0
2024-01-15,ONGC.NS,138905.0
2024-01-16,ONGC.NS,139857.0
2024-01-17,ONGC.NS,138043.0
2024-01-18,ONGC.NS,138935.0
2024-01-19,ONGC.NS,143992.0
2024-01-23,ONGC.NS,136764.0
2024-01-24,ONGC.NS,139411.0
2024-01-25,ONGC.NS,139233.0
2024-01-29,ONGC.NS,150208.0
2024-01-30,ONGC.NS,148245.0
2024-01-31,ONGC.NS,150059.0
2024-02-01,ONGC.NS,147323.0
2024-02-02,ONGC.NS,153034.0
2024-02-05,ONGC.NS,156425.0
2024-02-06,ONGC.NS,161987.0
2024-02-07,ONGC.NS,161749.0
2024-02-08,ONGC.NS,162493.0
2024-02-09,ONGC.NS,159161.0
2024-02-12,ONGC.NS,153421.0
2024-02-13,ONGC.NS,154372.0
2024-02-14,ONGC.NS,159935.0
2024-02-15,ONGC.NS,164961.0
2024-02-16,ONGC.NS,163415.0
2024-02-19,ONGC.NS,163385.0
2024-02-20,ONGC.NS,164545.0
2024-02-21,ONGC.NS,162374.0
2024-02-22,ONGC.NS,163415.0
2024-02-23,ONGC.NS,161927.0
2024-02-26,ONGC.NS,160529.0
2024-02-27,ONGC.NS,160232.0
2024-02-28,ONGC.NS,158090.0
2024-02-29,ONGC.NS,157406.0
2024-03-01,ONGC.NS,160946.0
2024-03-04,ONGC.NS,166092.0
2024-03-05,ONGC.NS,168798.0
2024-03-06,ONGC.NS,166716.0
2024-03-07,ONGC.NS,165437.0
2024-03-11,ONGC.NS,162998.0
2024-03-12,ONGC.NS,160857.0
2024-03-13,ONGC.NS,151904.0
2024-03-14,ONGC.NS,156603.0
2024-03-15,ONGC.NS,153926.0
2024-03-18,ONGC.NS,155622.0
2024-03-19,ONGC.NS,154224.0
2024-03-20,ONGC.NS,156960.0
2024-03-21,ONGC.NS,156425.0
2024-03-22,ONGC.NS,156603.0
2024-03-26,ONGC.NS,157942.0
2024-03-27,ONGC.NS,155711.0
2024-03-28,ONGC.NS,159459.0
2024-04-01,ONGC.NS,160559.0
2024-04-02,ONGC.NS,162106.0
2024-04-03,ONGC.NS,163801.0
2024-04-04,ONGC.NS,160024.0
2024-04-05,ONGC.NS,159399.0
2024-04-08,ONGC.NS,160857.0
2024-04-09,ONGC.NS,159994.0
2024-04-10,ONGC.NS,161808.0
2024-04-12,ONGC.NS,158061.0
2024-04-15,ONGC.NS,166478.0
2024-04-16,ONGC.NS,168441.0
2024-04-18,ONGC.NS,163087.0
2024-04-19,ONGC.NS,163742.0
2024-04-22,ONGC.NS,164664.0
2024-04-23,ONGC.NS,164664.0
2024-04-24,ONGC.NS,166181.0
2024-04-25,ONGC.NS,167728.0
2024-04-26,ONGC.NS,168293.0
2024-04-29,ONGC.NS,168471.0
2024-04-30,ONGC.NS,168263.0
2024-05-02,ONGC.NS,168233.0
2024-05-03,ONGC.NS,170196.0
2024-05-06,ONGC.NS,167847.0
2024-05-07,ONGC.NS,162760.0
2024-05-08,ONGC.NS,164694.0
2024-05-09,ONGC.NS,157793.0
2024-05-10,ONGC.NS,160767.0
2024-05-13,ONGC.NS,158775.0
2024-05-14,ONGC.NS,162344.0
2024-05-15,ONGC.NS,162671.0
2024-05-16,ONGC.NS,165170.0
2024-05-17,ONGC.NS,165051.0
2024-05-21,ONGC.NS,166627.0
2024-05-22,ONGC.NS,165378.0
2024-05-23,ONGC.NS,168620.0
2024-05-24,ONGC.NS,168501.0
2024-05-27,ONGC.NS,165170.0
2024-05-28,ONGC.NS,163177.0
2024-05-29,ONGC.NS,161719.0
2024-05-30,ONGC.NS,158656.0
2024-05-31,ONGC.NS,157258.0
2024-06-03,ONGC.NS,169007.0
2024-06-04,ONGC.NS,140571.0
2024-06-05,ONGC.NS,147234.0
2024-06-06,ONGC.NS,150089.0
2024-06-07,ONGC.NS,154908.0
2024-06-10,ONGC.NS,154164.0
2024-06-11,ONGC.NS,162731.0
2024-06-12,ONGC.NS,163891.0
2024-06-13,ONGC.NS,164515.0
2024-06-14,ONGC.NS,163831.0
2024-06-18,ONGC.NS,164069.0
2024-06-19,ONGC.NS,161541.0
2024-06-20,ONGC.NS,161719.0
2024-06-21,ONGC.NS,160410.0
2024-06-24,ONGC.NS,160559.0
2024-06-25,ONGC.NS,158834.0
2024-06-26,ONGC.NS,159280.0
2024-06-27,ONGC.NS,159131.0
2024-06-28,ONGC.NS,163117.0
2024-07-01,ONGC.NS,162374.0
2024-07-02,ONGC.NS,163504.0
2024-07-03,ONGC.NS,163415.0
2024-07-04,ONGC.NS,164813.0
2024-07-05,ONGC.NS,171446.0
2024-07-08,ONGC.NS,177960.0
2024-07-09,ONGC.NS,176948.0
2024-07-10,ONGC.NS,177365.0
2024-07-11,ONGC.NS,181291.0
2024-07-12,ONGC.NS,182689.0
2024-07-15,ONGC.NS,191850.0
2024-07-16,ONGC.NS,191939.0
2024-07-18,ONGC.NS,197323.0
2024-07-19,ONGC.NS,190155.0
2024-07-22,ONGC.NS,190839.0
2024-07-23,ONGC.NS,186883.0
2024-07-24,ONGC.NS,190095.0
2024-07-25,ONGC.NS,199762.0
2024-07-26,ONGC.NS,197264.0
2024-07-29,ONGC.NS,198037.0
2024-07-30,ONGC.NS,197442.0
2024-07-31,ONGC.NS,198810.0
2024-08-01,ONGC.NS,203302.0
2024-08-02,ONGC.NS,196371.0
2024-08-05,ONGC.NS,184563.0
2024-08-06,ONGC.NS,182094.0
2024-08-07,ONGC.NS,195776.0
2024-08-08,ONGC.NS,191969.0
2024-08-09,ONGC.NS,197829.0
2024-08-12,ONGC.NS,203034.0
2024-08-13,ONGC.NS,199822.0
2024-08-14,ONGC.NS,195211.0
2024-08-16,ONGC.NS,196074.0
2024-08-19,ONGC.NS,199465.0
2024-08-20,ONGC.NS,196371.0
2024-08-21,ONGC.NS,194943.0
2024-08-22,ONGC.NS,192951.0
2024-08-23,ONGC.NS,189708.0
2024-08-26,ONGC.NS,195033.0
2024-08-27,ONGC.NS,195628.0
2024-08-28,ONGC.NS,195003.0
2024-08-29,ONGC.NS,196074.0
2024-08-30,ONGC.NS,196758.0
2024-09-02,ONGC.NS,194051.0
2024-09-03,ONGC.NS,191672.0
2024-09-04,ONGC.NS,187032.0
2024-09-05,ONGC.NS,185247.0
2024-09-06,ONGC.NS,183700.0
2024-09-09,ONGC.NS,177811.0
2024-09-10,ONGC.NS,175848.0
2024-09-11,ONGC.NS,169720.0
2024-09-12,ONGC.NS,174926.0
2024-09-13,ONGC.NS,173379.0
2024-09-16,ONGC.NS,174004.0
2024-09-17,ONGC.NS,175283.0
2024-09-18,ONGC.NS,172754.0
2024-09-19,ONGC.NS,169691.0
2024-09-20,ONGC.NS,170286.0
2024-09-23,ONGC.NS,175758.0
2024-09-24,ONGC.NS,178138.0
2024-09-25,ONGC.NS,177692.0
2024-09-26,ONGC.NS,175610.0
2024-09-27,ONGC.NS,176800.0
2024-09-30,ONGC.NS,177037.0
2024-10-01,ONGC.NS,173676.0
2024-10-03,ONGC.NS,173736.0
2024-10-04,ONGC.NS,175639.0
2024-10-07,ONGC.NS,172189.0
2024-10-08,ONGC.NS,174569.0
2024-10-09,ONGC.NS,171624.0
2024-10-10,ONGC.NS,171773.0
2024-10-11,ONGC.NS,174033.0
2024-10-14,ONGC.NS,170434.0
2024-10-15,ONGC.NS,168769.0
2024-10-16,ONGC.NS,169780.0
2024-10-17,ONGC.NS,167519.0
2024-10-18,ONGC.NS,168531.0
2024-10-21,ONGC.NS,164545.0
2024-10-22,ONGC.NS,161095.0
2024-10-23,ONGC.NS,161124.0
2024-10-24,ONGC.NS,160083.0
2024-10-25,ONGC.NS,157079.0
2024-10-28,ONGC.NS,156663.0
2024-10-29,ONGC.NS,157644.0
2024-10-30,ONGC.NS,155651.0
2024-10-31,ONGC.NS,158328.0
2024-11-01,ONGC.NS,161660.0
2024-11-04,ONGC.NS,157823.0
2024-11-05,ONGC.NS,159072.0
2024-11-06,ONGC.NS,160054.0
2024-11-07,ONGC.NS,157763.0
2024-11-08,ONGC.NS,156187.0
2024-11-11,ONGC.NS,152826.0
2024-11-12,ONGC.NS,152380.0
2024-11-13,ONGC.NS,150238.0
2024-11-14,ONGC.NS,149197.0
2024-11-18,ONGC.NS,149108.0
2024-11-19,ONGC.NS,147531.0
2024-11-21,ONGC.NS,144051.0
2024-11-22,ONGC.NS,146104.0
2024-11-25,ONGC.NS,153421.0
2024-11-26,ONGC.NS,151249.0
2024-11-27,ONGC.NS,151279.0
2024-11-28,ONGC.NS,150030.0
2024-11-29,ONGC.NS,152707.0
2024-12-02,ONGC.NS,153212.0
2024-12-03,ONGC.NS,156068.0
2024-12-04,ONGC.NS,155086.0
2024-12-05,ONGC.NS,155443.0
2024-12-06,ONGC.NS,154700.0
2024-12-09,ONGC.NS,154015.0
2024-12-10,ONGC.NS,152826.0
2024-12-11,ONGC.NS,152647.0
2024-12-12,ONGC.NS,151130.0
2024-12-13,ONGC.NS,151249.0
2024-12-16,ONGC.NS,149792.0
2024-12-17,ONGC.NS,147174.0
2024-12-18,ONGC.NS,145241.0
2024-12-19,ONGC.NS,143873.0
2024-12-20,ONGC.NS,141047.0
2024-12-23,ONGC.NS,143278.0
2024-12-24,ONGC.NS,142148.0
2024-12-26,ONGC.NS,142921.0
2024-12-27,ONGC.NS,140928.0
2024-12-30,ONGC.NS,138400.0
2024-12-31,ONGC.NS,142326.0
2025-01-01,ONGC.NS,140958.0
2025-01-02,ONGC.NS,146383.0
2025-01-03,ONGC.NS,154010.0
2025-01-06,ONGC.NS,151315.0
2025-01-07,ONGC.NS,156746.0
2025-01-08,ONGC.NS,161410.0
2025-01-09,ONGC.NS,156562.0
2025-01-10,ONGC.NS,156466.0
2025-01-13,ONGC.NS,152130.0
2025-01-14,ONGC.NS,154890.0
2025-01-15,ONGC.NS,153587.0
2025-01-16,ONGC.NS,156562.0
2025-01-17,ONGC.NS,158578.0
2025-01-20,ONGC.NS,160238.0
2025-01-21,ONGC.NS,158120.0
2025-01-22,ONGC.NS,157079.0
2025-01-23,ONGC.NS,156484.0
2025-01-24,ONGC.NS,152594.0
2025-01-27,ONGC.NS,149185.0
2025-01-28,ONGC.NS,147936.0
2025-01-29,ONGC.NS,149554.0
2025-01-30,ONGC.NS,152719.0
2025-01-31,ONGC.NS,156222.0
2025-02-01,ONGC.NS,153212.0
2025-02-03,ONGC.NS,148126.0
2025-02-04,ONGC.NS,151160.0
2025-02-05,ONGC.NS,155651.0
2025-02-06,ONGC.NS,152380.0
2025-02-07,ONGC.NS,148067.0
2025-02-10,ONGC.NS,144230.0
2025-02-11,ONGC.NS,142148.0
2025-02-12,ONGC.NS,141225.0
2025-02-13,ONGC.NS,139768.0
2025-02-14,ONGC.NS,137121.0
2025-02-17,ONGC.NS,138995.0
2025-02-18,ONGC.NS,140750.0
2025-02-19,ONGC.NS,141761.0
2025-02-20,ONGC.NS,143902.0
2025-02-21,ONGC.NS,142713.0
2025-02-24,ONGC.NS,139411.0
2025-02-25,ONGC.NS,138608.0
2025-02-27,ONGC.NS,137418.0
2025-02-28,ONGC.NS,133998.0
2025-03-03,ONGC.NS,133926.0
2025-03-04,ONGC.NS,134896.0
2025-03-05,ONGC.NS,136193.0
2025-03-06,ONGC.NS,138370.0
2025-03-07,ONGC.NS,138543.0
2025-03-10,ONGC.NS,132772.0
2025-03-11,ONGC.NS,134872.0
2025-03-12,ONGC.NS,133492.0
2025-03-13,ONGC.NS,134105.0
2025-03-17,ONGC.NS,136669.0
2025-03-18,ONGC.NS,136669.0
2025-03-19,ONGC.NS,138352.0
2025-03-20,ONGC.NS,140149.0
2025-03-21,ONGC.NS,144212.0
2025-03-24,ONGC.NS,145051.0
2025-03-25,ONGC.NS,144111.0
2025-03-26,ONGC.NS,142606.0
2025-03-27,ONGC.NS,144063.0
2025-03-28,ONGC.NS,146568.0
2025-04-01,ONGC.NS,147573.0
2025-04-02,ONGC.NS,149102.0
2025-04-03,ONGC.NS,144741.0
2025-04-04,ONGC.NS,134450.0
2025-04-07,ONGC.NS,130779.0
2025-04-08,ONGC.NS,134836.0
2025-04-09,ONGC.NS,132029.0
2025-04-11,ONGC.NS,137043.0
2025-04-15,ONGC.NS,138424.0
2025-04-16,ONGC.NS,143498.0
2025-04-17,ONGC.NS,144848.0
2025-04-21,ONGC.NS,148590.0
2025-04-22,ONGC.NS,147400.0
2025-04-23,ONGC.NS,150012.0
2025-04-24,ONGC.NS,148346.0
2025-04-25,ONGC.NS,146538.0
2025-04-28,ONGC.NS,149078.0
2025-04-29,ONGC.NS,146151.0
2025-04-30,ONGC.NS,145419.0
2025-05-02,ONGC.NS,144402.0
2025-05-05,ONGC.NS,142296.0
2025-05-06,ONGC.NS,140988.0
2025-05-07,ONGC.NS,141981.0
2025-05-08,ONGC.NS,138739.0
2025-05-09,ONGC.NS,139774.0
2025-05-12,ONGC.NS,145164.0
2025-05-13,ONGC.NS,143462.0
2025-05-14,ONGC.NS,146347.0
2025-05-15,ONGC.NS,147299.0
2025-05-16,ONGC.NS,147097.0
2025-05-19,ONGC.NS,146686.0
2025-05-20,ONGC.NS,148281.0
2025-05-21,ONGC.NS,147936.0
2025-05-22,ONGC.NS,143766.0
2025-05-23,ONGC.NS,145294.0
2025-05-26,ONGC.NS,146306.0
2025-05-27,ONGC.NS,145473.0
2025-05-28,ONGC.NS,144360.0
2025-05-29,ONGC.NS,144581.0
2025-05-30,ONGC.NS,142415.0
2025-06-02,ONGC.NS,141767.0
2025-06-03,ONGC.NS,141148.0
2025-06-04,ONGC.NS,141612.0
2025-06-05,ONGC.NS,141446.0
2025-06-06,ONGC.NS,142808.0
2025-06-09,ONGC.NS,144438.0
2025-06-10,ONGC.NS,145556.0
2025-06-11,ONGC.NS,147127.0
2025-06-12,ONGC.NS,147460.0
2025-06-13,ONGC.NS,149619.0
2025-06-16,ONGC.NS,152760.0
2025-06-17,ONGC.NS,150095.0
2025-06-18,ONGC.NS,148935.0
2025-06-19,ONGC.NS,149649.0
2025-06-20,ONGC.NS,149845.0
2025-06-23,ONGC.NS,149542.0
2025-06-24,ONGC.NS,145104.0
2025-06-25,ONGC.NS,143908.0
2025-06-26,ONGC.NS,145586.0
2025-06-27,ONGC.NS,144456.0
2025-06-30,ONGC.NS,145277.0
2025-07-01,ONGC.NS,144777.0
2025-07-02,ONGC.NS,143409.0
2025-07-03,ONGC.NS,145181.0
2025-07-04,ONGC.NS,145889.0
2025-07-07,ONGC.NS,143676.0
2025-07-08,ONGC.NS,144700.0
2025-07-09,ONGC.NS,144765.0
2025-07-10,ONGC.NS,144610.0
2025-07-11,ONGC.NS,143819.0
2025-07-14,ONGC.NS,145283.0
2025-07-15,ONGC.NS,144955.0
2025-07-16,ONGC.NS,144468.0
2025-07-17,ONGC.NS,145074.0
2025-07-18,ONGC.NS,146526.0
2025-07-21,ONGC.NS,145770.0
2025-07-22,ONGC.NS,146585.0
2025-07-23,ONGC.NS,146074.0
2025-07-24,ONGC.NS,145645.0
2025-07-25,ONGC.NS,142945.0
2025-07-28,ONGC.NS,142784.0
2025-07-29,ONGC.NS,143629.0
2025-07-30,ONGC.NS,143849.0
2025-07-31,ONGC.NS,143367.0
2025-08-01,ONGC.NS,140863.0
2025-08-04,ONGC.NS,139697.0
2025-08-05,ONGC.NS,139488.0
2025-08-06,ONGC.NS,139066.0
2025-08-07,ONGC.NS,139161.0
2025-08-08,ONGC.NS,138870.0
2025-08-11,ONGC.NS,139078.0
2025-08-12,ONGC.NS,140107.0
2025-08-13,ONGC.NS,141981.0
2025-08-14,ONGC.NS,140952.0
2025-08-18,ONGC.NS,141678.0
2025-08-19,ONGC.NS,141547.0
2025-08-20,ONGC.NS,141541.0
2025-08-21,ONGC.NS,141755.0
2025-08-22,ONGC.NS,140565.0
2025-08-25,ONGC.NS,140845.0
2025-08-26,ONGC.NS,139316.0
2025-08-28,ONGC.NS,138840.0
2025-08-29,ONGC.NS,139030.0
2025-09-01,ONGC.NS,142011.0
2025-09-02,ONGC.NS,142469.0
2025-09-03,ONGC.NS,142219.0
2025-09-04,ONGC.NS,140226.0
2025-09-05,ONGC.NS,139280.0
2025-09-08,ONGC.NS,138328.0
2025-09-09,ONGC.NS,137615.0
2025-09-10,ONGC.NS,137858.0
2025-09-11,ONGC.NS,139060.0
2025-09-12,ONGC.NS,138757.0
2025-09-15,ONGC.NS,138168.0
2025-09-16,ONGC.NS,139851.0
2025-09-17,ONGC.NS,140916.0
2025-09-18,ONGC.NS,140149.0
2025-09-19,ONGC.NS,140803.0
2025-09-22,ONGC.NS,141267.0
2025-09-23,ONGC.NS,140785.0
2025-09-24,ONGC.NS,141892.0
2025-09-25,ONGC.NS,142576.0
2025-09-26,ONGC.NS,141594.0
2025-09-29,ONGC.NS,142760.0
2025-09-30,ONGC.NS,142475.0
2025-10-01,ONGC.NS,144581.0
2025-10-03,ONGC.NS,144949.0
2025-10-06,ONGC.NS,146258.0
2025-10-07,ONGC.NS,145937.0
2025-10-08,ONGC.NS,143849.0
2025-10-09,ONGC.NS,144789.0
2025-10-10,ONGC.NS,146544.0
2025-10-13,ONGC.NS,145205.0
2025-10-14,ONGC.NS,145562.0
2025-10-15,ONGC.NS,147365.0
2025-10-16,ONGC.NS,147739.0
2025-10-17,ONGC.NS,147347.0
2025-10-20,ONGC.NS,147971.0
2025-10-21,ONGC.NS,147603.0
2025-10-23,ONGC.NS,150095.0
2025-10-24,ONGC.NS,151672.0
2025-10-27,ONGC.NS,150666.0
2025-10-28,ONGC.NS,149042.0
2025-10-29,ONGC.NS,152076.0
2025-10-30,ONGC.NS,151416.0
2025-10-31,ONGC.NS,151916.0
2025-11-03,ONGC.NS,153212.0
2025-11-04,ONGC.NS,150119.0
2025-11-06,ONGC.NS,149613.0
2025-11-07,ONGC.NS,150030.0
2025-11-10,ONGC.NS,149554.0
2025-11-11,ONGC.NS,148394.0
2025-11-12,ONGC.NS,151011.0
2025-11-13,ONGC.NS,149227.0
2025-11-14,ONGC.NS,147293.0
2025-11-17,ONGC.NS,147561.0
2025-11-18,ONGC.NS,146907.0
2025-11-19,ONGC.NS,148126.0
2025-11-20,ONGC.NS,147561.0
2025-11-21,ONGC.NS,146907.0
2025-11-24,ONGC.NS,146193.0
2025-11-25,ONGC.NS,145955.0
2025-11-26,ONGC.NS,147353.0
2025-11-27,ONGC.NS,145152.0
2025-11-28,ONGC.NS,144706.0
2025-12-01,ONGC.NS,145645.0
2025-12-02,ONGC.NS,144878.0
2025-12-03,ONGC.NS,142784.0
2025-12-04,ONGC.NS,144099.0
2025-12-05,ONGC.NS,143504.0
2025-12-08,ONGC.NS,141892.0
2025-12-09,ONGC.NS,142677.0
2025-12-10,ONGC.NS,142350.0
2025-12-11,ONGC.NS,141826.0
2025-12-12,ONGC.NS,141594.0
2025-12-15,ONGC.NS,140006.0
2025-12-16,ONGC.NS,138138.0
2025-12-17,ONGC.NS,138554.0
2025-12-18,ONGC.NS,138013.0
2025-12-19,ONGC.NS,138543.0
2025-12-22,ONGC.NS,139310.0
2025-12-23,ONGC.NS,140089.0
2025-12-24,ONGC.NS,139066.0
2025-12-26,ONGC.NS,139518.0
2025-12-29,ONGC.NS,139691.0
2025-12-30,ONGC.NS,139607.0
2025-12-31,ONGC.NS,142998.0
2026-01-01,ONGC.NS,141547.0
2026-01-02,ONGC.NS,143641.0
2026-01-05,ONGC.NS,141636.0
2026-01-06,ONGC.NS,143896.0
2026-01-07,ONGC.NS,142213.0
2026-01-08,ONGC.NS,137668.0
2026-01-09,ONGC.NS,139256.0
2026-01-12,ONGC.NS,140220.0
2026-01-13,ONGC.NS,145021.0
2026-01-14,ONGC.NS,147668.0
2026-01-15,ONGC.NS,147668.0
2026-01-16,ONGC.NS,147037.0
2026-01-19,ONGC.NS,144622.0
2026-01-20,ONGC.NS,143004.0
2026-01-21,ONGC.NS,144182.0
2026-01-22,ONGC.NS,145158.0
2026-01-23,ONGC.NS,146026.0
2026-01-27,ONGC.NS,147501.0
2026-01-28,ONGC.NS,159774.0
2026-01-29,ONGC.NS,163825.0
2026-01-30,ONGC.NS,160000.0
2026-02-02,ONGC.NS,151071.0
2026-02-03,ONGC.NS,152885.0
2026-02-04,ONGC.NS,158804.0
2026-02-05,ONGC.NS,160143.0
2026-02-06,ONGC.NS,159994.0
2026-02-09,ONGC.NS,158596.0
2026-02-10,ONGC.NS,161898.0
2026-02-11,ONGC.NS,163355.0
2026-02-12,ONGC.NS,164396.0
2026-02-13,ONGC.NS,159072.0
2026-02-16,ONGC.NS,161541.0
2026-02-17,ONGC.NS,161719.0
2026-02-18,ONGC.NS,157406.0
2026-02-19,ONGC.NS,163385.0
2026-02-20,ONGC.NS,165764.0
2026-02-23,ONGC.NS,163980.0
2026-02-24,ONGC.NS,164485.0
2026-02-25,ONGC.NS,165051.0
2026-02-26,ONGC.NS,166627.0
2026-02-27,ONGC.NS,166389.0
2026-03-02,ONGC.NS,167876.0
2026-03-04,ONGC.NS,164753.0
2026-03-05,ONGC.NS,164396.0
2026-03-06,ONGC.NS,165943.0
2026-03-09,ONGC.NS,161095.0
2026-03-10,ONGC.NS,160143.0
2026-03-11,ONGC.NS,161065.0
2026-03-12,ONGC.NS,160946.0
2026-03-13,ONGC.NS,157109.0
2026-03-16,ONGC.NS,154938.0
2026-03-17,ONGC.NS,157496.0
2026-03-18,ONGC.NS,157644.0
2026-03-19,ONGC.NS,160083.0
2026-03-20,ONGC.NS,157882.0
2026-03-23,ONGC.NS,157912.0
2026-03-24,ONGC.NS,159459.0
2026-03-25,ONGC.NS,160738.0
2026-03-27,ONGC.NS,167728.0
2026-03-30,ONGC.NS,169334.0
2026-04-01,ONGC.NS,171356.0
2026-04-02,ONGC.NS,170851.0
2026-04-06,ONGC.NS,167668.0
2026-04-07,ONGC.NS,170523.0
2026-04-08,ONGC.NS,169839.0
2026-04-09,ONGC.NS,171684.0
2026-04-10,ONGC.NS,170434.0
2026-04-13,ONGC.NS,171059.0
2026-04-15,ONGC.NS,171089.0
2026-04-16,ONGC.NS,168203.0
2026-04-17,ONGC.NS,168977.0
2026-04-20,ONGC.NS,168560.0
2026-04-21,ONGC.NS,168412.0
2026-04-22,ONGC.NS,168739.0
2026-04-23,ONGC.NS,170286.0
2026-04-24,ONGC.NS,169423.0
2026-04-27,ONGC.NS,170077.0
2026-04-28,ONGC.NS,179239.0
2026-04-29,ONGC.NS,179298.0
2026-04-30,ONGC.NS,178197.0
2026-05-01,ONGC.NS,178197.0
2026-05-04,ONGC.NS,174242.0
2026-05-05,ONGC.NS,172487.0
2026-05-06,ONGC.NS,167043.0
2026-05-07,ONGC.NS,168888.0
2026-05-08,ONGC.NS,166092.0
2026-05-11,ONGC.NS,167162.0
2026-05-12,ONGC.NS,175193.0
2026-05-13,ONGC.NS,176770.0
2026-05-14,ONGC.NS,179001.0
2026-05-15,ONGC.NS,178079.0
2026-05-18,ONGC.NS,176800.0
2026-05-19,ONGC.NS,176383.0
2026-05-20,ONGC.NS,177454.0
2026-05-21,ONGC.NS,175996.0
2026-05-22,ONGC.NS,172516.0
2026-05-25,ONGC.NS,169512.0
2026-05-26,ONGC.NS,171029.0
2026-05-27,ONGC.NS,163028.0
2026-05-28,ONGC.NS,163028.0
2026-05-29,ONGC.NS,157882.0
2026-06-01,ONGC.NS,157228.0
2026-06-02,ONGC.NS,157674.0
2026-06-03,ONGC.NS,159280.0
2026-06-04,ONGC.NS,159161.0
2026-06-05,ONGC.NS,157496.0
2026-06-08,ONGC.NS,157436.0
2026-06-09,ONGC.NS,154075.0
2026-06-10,ONGC.NS,149851.0
2026-06-11,ONGC.NS,150268.0
2026-06-12,ONGC.NS,146460.0
2026-06-15,ONGC.NS,144943.0
2026-06-16,ONGC.NS,147650.0
2026-06-17,ONGC.NS,145747.0
2026-06-18,ONGC.NS,145925.0
2026-06-19,ONGC.NS,146490.0
2026-06-22,ONGC.NS,146014.0
2026-06-23,ONGC.NS,145360.0
2026-06-24,ONGC.NS,142772.0
2026-06-25,ONGC.NS,138667.0
2026-06-26,ONGC.NS,138667.0
2026-06-29,ONGC.NS,139233.0
2026-06-30,ONGC.NS,139738.0
2026-07-01,ONGC.NS,139792.0
2026-07-02,ONGC.NS,140369.0
2026-07-03,ONGC.NS,141487.0
2026-07-06,ONGC.NS,145092.0
2026-07-07,ONGC.NS,145259.0
2026-07-08,ONGC.NS,146936.0
2026-07-09,ONGC.NS,144943.0
2026-07-10,ONGC.NS,145723.0
2026-07-13,ONGC.NS,147799.0
2026-07-14,ONGC.NS,148067.0
2026-07-15,ONGC.NS,147043.0
2026-07-16,ONGC.NS,146788.0
2026-07-17,ONGC.NS,147109.0
2026-07-20,ONGC.NS,148471.0
2026-07-21,ONGC.NS,148656.0
2026-07-22,ONGC.NS,149851.0
2026-07-23,ONGC.NS,150131.0
2026-07-24,ONGC.NS,147983.0
2026-07-27,ONGC.NS,141916.0
2026-07-28,ONGC.NS,142124.0
2026-07-29,ONGC.NS,141767.0
2026-07-30,ONGC.NS,143718.0
2026-07-31,ONGC.NS,144277.0
2026-08-03,ONGC.NS,143962.0
2026-08-04,ONGC.NS,143962.0
2026-08-05,ONGC.NS,142891.0
2026-08-06,ONGC.NS,141463.0
2026-08-07,ONGC.NS,142088.0
2026-08-10,ONGC.NS,142677.0
2026-08-11,ONGC.NS,142445.0
2026-08-12,ONGC.NS,142207.0
2026-08-13,ONGC.NS,142713.0
2026-08-14,ONGC.NS,140631.0
2026-08-17,ONGC.NS,141874.0
2026-08-18,ONGC.NS,142475.0
2026-08-19,ONGC.NS,141582.0
2026-08-20,ONGC.NS,141880.0
2026-08-21,ONGC.NS,140631.0
2026-08-24,ONGC.NS,140720.0
2026-08-25,ONGC.NS,139203.0
2026-08-26,ONGC.NS,138138.0
2026-08-27,ONGC.NS,138013.0
2026-08-28,ONGC.NS,138162.0
2026-08-31,ONGC.NS,137894.0
2026-09-01,ONGC.NS,140660.0
2026-09-02,ONGC.NS,141285.0
2026-09-03,ONGC.NS,140393.0
2026-09-04,ONGC.NS,139590.0
2026-09-07,ONGC.NS,139024.0
2026-09-08,ONGC.NS,140393.0
2026-09-09,ONGC.NS,139215.0
2026-09-10,ONGC.NS,141148.0
2026-09-11,ONGC.NS,138311.0
2026-09-14,ONGC.NS,138311.0
2026-09-15,ONGC.NS,140363.0
2026-09-16,ONGC.NS,140869.0
2026-09-17,ONGC.NS,138269.0
2026-09-18,ONGC.NS,138489.0
2026-09-21,ONGC.NS,140173.0
2026-09-22,ONGC.NS,140470.0
2026-09-23,ONGC.NS,140928.0
2026-09-24,ONGC.NS,142177.0
2026-09-25,ONGC.NS,140309.0
2026-09-28,ONGC.NS,136823.0
2026-09-29,ONGC.NS,136823.0
2026-09-30,ONGC.NS,134325.0
2026-10-01,ONGC.NS,132284.0
2026-10-02,ONGC.NS,132284.0
2026-10-05,ONGC.NS,133789.0
2026-10-06,ONGC.NS,133373.0
2021-10-06,RELIANCE.NS,100000.0
2021-10-07,RELIANCE.NS,100490.0
2021-10-08,RELIANCE.NS,104352.0
2021-10-11,RELIANCE.NS,103625.0
2021-10-12,RELIANCE.NS,104217.0
2021-10-13,RELIANCE.NS,105278.0
2021-10-14,RELIANCE.NS,105491.0
2021-10-18,RELIANCE.NS,105772.0
2021-10-19,RELIANCE.NS,106719.0
2021-10-20,RELIANCE.NS,105491.0
2021-10-21,RELIANCE.NS,102447.0
2021-10-22,RELIANCE.NS,102639.0
2021-10-25,RELIANCE.NS,101639.0
2021-10-26,RELIANCE.NS,103953.0
2021-10-27,RELIANCE.NS,102639.0
2021-10-28,RELIANCE.NS,101514.0
2021-10-29,RELIANCE.NS,99078.0
2021-11-01,RELIANCE.NS,99139.0
2021-11-02,RELIANCE.NS,97693.0
2021-11-03,RELIANCE.NS,97021.0
2021-11-04,RELIANCE.NS,97617.0
2021-11-08,RELIANCE.NS,97738.0
2021-11-09,RELIANCE.NS,98510.0
2021-11-10,RELIANCE.NS,99611.0
2021-11-11,RELIANCE.NS,99793.0
2021-11-12,RELIANCE.NS,101299.0
2021-11-15,RELIANCE.NS,100701.0
2021-11-16,RELIANCE.NS,98361.0
2021-11-17,RELIANCE.NS,96256.0
2021-11-18,RELIANCE.NS,96619.0
2021-11-22,RELIANCE.NS,92339.0
2021-11-23,RELIANCE.NS,93203.0
2021-11-24,RELIANCE.NS,91857.0
2021-11-25,RELIANCE.NS,97387.0
2021-11-26,RELIANCE.NS,94248.0
2021-11-29,RELIANCE.NS,95377.0
2021-11-30,RELIANCE.NS,93966.0
2021-12-01,RELIANCE.NS,96373.0
2021-12-02,RELIANCE.NS,96992.0
2021-12-03,RELIANCE.NS,94078.0
2021-12-06,RELIANCE.NS,92294.0
2021-12-07,RELIANCE.NS,93046.0
2021-12-08,RELIANCE.NS,94463.0
2021-12-09,RELIANCE.NS,95961.0
2021-12-10,RELIANCE.NS,96058.0
2021-12-13,RELIANCE.NS,94132.0
2021-12-14,RELIANCE.NS,92980.0
2021-12-15,RELIANCE.NS,92709.0
2021-12-16,RELIANCE.NS,93908.0
2021-12-17,RELIANCE.NS,91429.0
2021-12-20,RELIANCE.NS,88964.0
2021-12-21,RELIANCE.NS,90288.0
2021-12-22,RELIANCE.NS,92431.0
2021-12-23,RELIANCE.NS,92398.0
2021-12-24,RELIANCE.NS,92693.0
2021-12-27,RELIANCE.NS,92593.0
2021-12-28,RELIANCE.NS,93693.0
2021-12-29,RELIANCE.NS,93853.0
2021-12-30,RELIANCE.NS,92158.0
2021-12-31,RELIANCE.NS,92511.0
2022-01-03,RELIANCE.NS,93906.0
2022-01-04,RELIANCE.NS,96025.0
2022-01-05,RELIANCE.NS,96474.0
2022-01-06,RELIANCE.NS,94400.0
2022-01-07,RELIANCE.NS,95162.0
2022-01-10,RELIANCE.NS,95240.0
2022-01-11,RELIANCE.NS,95926.0
2022-01-12,RELIANCE.NS,98486.0
2022-01-13,RELIANCE.NS,99041.0
2022-01-14,RELIANCE.NS,99185.0
2022-01-17,RELIANCE.NS,99703.0
2022-01-18,RELIANCE.NS,98514.0
2022-01-19,RELIANCE.NS,98506.0
2022-01-20,RELIANCE.NS,96781.0
2022-01-21,RELIANCE.NS,96797.0
2022-01-24,RELIANCE.NS,92892.0
2022-01-25,RELIANCE.NS,92711.0
2022-01-27,RELIANCE.NS,91337.0
2022-01-28,RELIANCE.NS,91249.0
2022-01-31,RELIANCE.NS,93232.0
2022-02-01,RELIANCE.NS,92923.0
2022-02-02,RELIANCE.NS,93113.0
2022-02-03,RELIANCE.NS,91910.0
2022-02-04,RELIANCE.NS,91072.0
2022-02-07,RELIANCE.NS,90517.0
2022-02-08,RELIANCE.NS,92039.0
2022-02-09,RELIANCE.NS,93111.0
2022-02-10,RELIANCE.NS,93015.0
2022-02-11,RELIANCE.NS,92834.0
2022-02-14,RELIANCE.NS,91355.0
2022-02-15,RELIANCE.NS,94457.0
2022-02-16,RELIANCE.NS,94261.0
2022-02-17,RELIANCE.NS,95455.0
2022-02-18,RELIANCE.NS,94709.0
2022-02-21,RELIANCE.NS,93752.0
2022-02-22,RELIANCE.NS,93326.0
2022-02-23,RELIANCE.NS,92742.0
2022-02-24,RELIANCE.NS,88120.0
2022-02-25,RELIANCE.NS,89222.0
2022-02-28,RELIANCE.NS,92175.0
2022-03-02,RELIANCE.NS,93699.0
2022-03-03,RELIANCE.NS,92908.0
2022-03-04,RELIANCE.NS,90847.0
2022-03-07,RELIANCE.NS,87488.0
2022-03-08,RELIANCE.NS,87329.0
2022-03-09,RELIANCE.NS,91962.0
2022-03-10,RELIANCE.NS,93453.0
2022-03-11,RELIANCE.NS,93722.0
2022-03-14,RELIANCE.NS,94492.0
2022-03-15,RELIANCE.NS,92328.0
2022-03-16,RELIANCE.NS,93886.0
2022-03-17,RELIANCE.NS,96947.0
2022-03-21,RELIANCE.NS,96388.0
2022-03-22,RELIANCE.NS,98879.0
2022-03-23,RELIANCE.NS,99193.0
2022-03-24,RELIANCE.NS,100734.0
2022-03-25,RELIANCE.NS,101406.0
2022-03-28,RELIANCE.NS,102426.0
2022-03-29,RELIANCE.NS,102449.0
2022-03-30,RELIANCE.NS,104418.0
2022-03-31,RELIANCE.NS,102926.0
2022-04-01,RELIANCE.NS,103750.0
2022-04-04,RELIANCE.NS,104057.0
2022-04-05,RELIANCE.NS,102586.0
2022-04-06,RELIANCE.NS,102313.0
2022-04-07,RELIANCE.NS,100508.0
2022-04-08,RELIANCE.NS,102180.0
2022-04-11,RELIANCE.NS,101967.0
2022-04-12,RELIANCE.NS,100047.0
2022-04-13,RELIANCE.NS,99680.0
2022-04-18,RELIANCE.NS,99375.0
2022-04-19,RELIANCE.NS,103162.0
2022-04-20,RELIANCE.NS,106196.0
2022-04-21,RELIANCE.NS,108682.0
2022-04-22,RELIANCE.NS,107772.0
2022-04-25,RELIANCE.NS,105280.0
2022-04-26,RELIANCE.NS,108430.0
2022-04-27,RELIANCE.NS,108536.0
2022-04-28,RELIANCE.NS,110157.0
2022-04-29,RELIANCE.NS,109001.0
2022-05-02,RELIANCE.NS,108618.0
2022-05-04,RELIANCE.NS,105227.0
2022-05-05,RELIANCE.NS,103166.0
2022-05-06,RELIANCE.NS,102375.0
2022-05-09,RELIANCE.NS,98377.0
2022-05-10,RELIANCE.NS,96672.0
2022-05-11,RELIANCE.NS,95681.0
2022-05-12,RELIANCE.NS,93732.0
2022-05-13,RELIANCE.NS,94795.0
2022-05-16,RELIANCE.NS,94818.0
2022-05-17,RELIANCE.NS,98801.0
2022-05-18,RELIANCE.NS,99160.0
2022-05-19,RELIANCE.NS,96875.0
2022-05-20,RELIANCE.NS,102524.0
2022-05-23,RELIANCE.NS,101838.0
2022-05-24,RELIANCE.NS,102188.0
2022-05-25,RELIANCE.NS,102037.0
2022-05-26,RELIANCE.NS,101065.0
2022-05-27,RELIANCE.NS,100596.0
2022-05-30,RELIANCE.NS,104100.0
2022-05-31,RELIANCE.NS,102844.0
2022-06-01,RELIANCE.NS,102877.0
2022-06-02,RELIANCE.NS,106424.0
2022-06-03,RELIANCE.NS,108581.0
2022-06-06,RELIANCE.NS,108114.0
2022-06-07,RELIANCE.NS,108317.0
2022-06-08,RELIANCE.NS,106414.0
2022-06-09,RELIANCE.NS,109333.0
2022-06-10,RELIANCE.NS,106032.0
2022-06-13,RELIANCE.NS,104026.0
2022-06-14,RELIANCE.NS,102666.0
2022-06-15,RELIANCE.NS,101424.0
2022-06-16,RELIANCE.NS,100006.0
2022-06-17,RELIANCE.NS,101178.0
2022-06-20,RELIANCE.NS,99344.0
2022-06-21,RELIANCE.NS,100947.0
2022-06-22,RELIANCE.NS,97881.0
2022-06-23,RELIANCE.NS,96293.0
2022-06-24,RELIANCE.NS,97664.0
2022-06-27,RELIANCE.NS,97375.0
2022-06-28,RELIANCE.NS,98744.0
2022-06-29,RELIANCE.NS,100793.0
2022-06-30,RELIANCE.NS,101399.0
2022-07-01,RELIANCE.NS,94095.0
2022-07-04,RELIANCE.NS,94291.0
2022-07-05,RELIANCE.NS,95054.0
2022-07-06,RELIANCE.NS,94218.0
2022-07-07,RELIANCE.NS,93291.0
2022-07-08,RELIANCE.NS,93420.0
2022-07-11,RELIANCE.NS,94689.0
2022-07-12,RELIANCE.NS,94554.0
2022-07-13,RELIANCE.NS,92878.0
2022-07-14,RELIANCE.NS,93644.0
2022-07-15,RELIANCE.NS,93826.0
2022-07-18,RELIANCE.NS,94625.0
2022-07-19,RELIANCE.NS,95205.0
2022-07-20,RELIANCE.NS,97779.0
2022-07-21,RELIANCE.NS,97127.0
2022-07-22,RELIANCE.NS,97783.0
2022-07-25,RELIANCE.NS,94552.0
2022-07-26,RELIANCE.NS,94595.0
2022-07-27,RELIANCE.NS,94506.0
2022-07-28,RELIANCE.NS,95986.0
2022-07-29,RELIANCE.NS,98031.0
2022-08-01,RELIANCE.NS,100586.0
2022-08-02,RELIANCE.NS,100969.0
2022-08-03,RELIANCE.NS,101817.0
2022-08-04,RELIANCE.NS,100471.0
2022-08-05,RELIANCE.NS,98990.0
2022-08-08,RELIANCE.NS,100285.0
2022-08-10,RELIANCE.NS,100885.0
2022-08-11,RELIANCE.NS,101221.0
2022-08-12,RELIANCE.NS,102858.0
2022-08-16,RELIANCE.NS,103572.0
2022-08-17,RELIANCE.NS,104114.0
2022-08-18,RELIANCE.NS,103963.0
2022-08-19,RELIANCE.NS,102110.0
2022-08-22,RELIANCE.NS,101826.0
2022-08-23,RELIANCE.NS,103397.0
2022-08-24,RELIANCE.NS,103121.0
2022-08-25,RELIANCE.NS,102820.0
2022-08-26,RELIANCE.NS,102272.0
2022-08-29,RELIANCE.NS,101477.0
2022-08-30,RELIANCE.NS,103051.0
2022-09-01,RELIANCE.NS,100021.0
2022-09-02,RELIANCE.NS,98853.0
2022-09-05,RELIANCE.NS,100389.0
2022-09-06,RELIANCE.NS,101445.0
2022-09-07,RELIANCE.NS,100856.0
2022-09-08,RELIANCE.NS,100998.0
2022-09-09,RELIANCE.NS,100369.0
2022-09-12,RELIANCE.NS,101492.0
2022-09-13,RELIANCE.NS,102340.0
2022-09-14,RELIANCE.NS,101113.0
2022-09-15,RELIANCE.NS,100111.0
2022-09-16,RELIANCE.NS,97631.0
2022-09-19,RELIANCE.NS,97758.0
2022-09-20,RELIANCE.NS,97773.0
2022-09-21,RELIANCE.NS,98043.0
2022-09-22,RELIANCE.NS,97119.0
2022-09-23,RELIANCE.NS,95299.0
2022-09-26,RELIANCE.NS,92871.0
2022-09-27,RELIANCE.NS,93609.0
2022-09-28,RELIANCE.NS,91117.0
2022-09-29,RELIANCE.NS,90837.0
2022-09-30,RELIANCE.NS,92886.0
2022-10-03,RELIANCE.NS,92564.0
2022-10-04,RELIANCE.NS,94271.0
2022-10-06,RELIANCE.NS,94619.0
2022-10-07,RELIANCE.NS,95019.0
2022-10-10,RELIANCE.NS,93982.0
2022-10-11,RELIANCE.NS,92111.0
2022-10-12,RELIANCE.NS,92789.0
2022-10-13,RELIANCE.NS,93084.0
2022-10-14,RELIANCE.NS,92611.0
2022-10-17,RELIANCE.NS,94097.0
2022-10-18,RELIANCE.NS,95758.0
2022-10-19,RELIANCE.NS,97424.0
2022-10-20,RELIANCE.NS,97685.0
2022-10-21,RELIANCE.NS,96553.0
2022-10-24,RELIANCE.NS,96875.0
2022-10-25,RELIANCE.NS,95379.0
2022-10-27,RELIANCE.NS,95754.0
2022-10-28,RELIANCE.NS,98684.0
2022-10-31,RELIANCE.NS,99600.0
2022-11-01,RELIANCE.NS,98828.0
2022-11-02,RELIANCE.NS,99445.0
2022-11-03,RELIANCE.NS,99816.0
2022-11-04,RELIANCE.NS,101285.0
2022-11-07,RELIANCE.NS,101826.0
2022-11-09,RELIANCE.NS,101725.0
2022-11-10,RELIANCE.NS,100494.0
2022-11-11,RELIANCE.NS,102811.0
2022-11-14,RELIANCE.NS,102313.0
2022-11-15,RELIANCE.NS,101854.0
2022-11-16,RELIANCE.NS,101270.0
2022-11-17,RELIANCE.NS,101531.0
2022-11-18,RELIANCE.NS,101477.0
2022-11-21,RELIANCE.NS,99650.0
2022-11-22,RELIANCE.NS,100203.0
2022-11-23,RELIANCE.NS,99891.0
2022-11-24,RELIANCE.NS,100752.0
2022-11-25,RELIANCE.NS,102256.0
2022-11-28,RELIANCE.NS,105770.0
2022-11-29,RELIANCE.NS,105952.0
2022-11-30,RELIANCE.NS,106700.0
2022-12-01,RELIANCE.NS,106385.0
2022-12-02,RELIANCE.NS,106340.0
2022-12-05,RELIANCE.NS,104789.0
2022-12-06,RELIANCE.NS,105092.0
2022-12-07,RELIANCE.NS,103541.0
2022-12-08,RELIANCE.NS,103492.0
2022-12-09,RELIANCE.NS,101924.0
2022-12-12,RELIANCE.NS,102080.0
2022-12-13,RELIANCE.NS,102545.0
2022-12-14,RELIANCE.NS,102174.0
2022-12-15,RELIANCE.NS,100723.0
2022-12-16,RELIANCE.NS,100225.0
2022-12-19,RELIANCE.NS,101541.0
2022-12-20,RELIANCE.NS,102420.0
2022-12-21,RELIANCE.NS,100963.0
2022-12-22,RELIANCE.NS,100701.0
2022-12-23,RELIANCE.NS,97748.0
2022-12-26,RELIANCE.NS,98601.0
2022-12-27,RELIANCE.NS,99408.0
2022-12-28,RELIANCE.NS,99398.0
2022-12-29,RELIANCE.NS,99353.0
2022-12-30,RELIANCE.NS,99506.0
2023-01-02,RELIANCE.NS,100627.0
2023-01-03,RELIANCE.NS,99891.0
2023-01-04,RELIANCE.NS,98387.0
2023-01-05,RELIANCE.NS,98211.0
2023-01-06,RELIANCE.NS,99103.0
2023-01-09,RELIANCE.NS,101443.0
2023-01-10,RELIANCE.NS,99943.0
2023-01-11,RELIANCE.NS,98684.0
2023-01-12,RELIANCE.NS,96553.0
2023-01-13,RELIANCE.NS,96396.0
2023-01-16,RELIANCE.NS,95478.0
2023-01-17,RELIANCE.NS,96834.0
2023-01-18,RELIANCE.NS,96674.0
2023-01-19,RELIANCE.NS,96570.0
2023-01-20,RELIANCE.NS,95422.0
2023-01-23,RELIANCE.NS,94939.0
2023-01-24,RELIANCE.NS,94379.0
2023-01-25,RELIANCE.NS,93074.0
2023-01-27,RELIANCE.NS,91308.0
2023-01-30,RELIANCE.NS,92183.0
2023-01-31,RELIANCE.NS,91953.0
2023-02-01,RELIANCE.NS,91408.0
2023-02-02,RELIANCE.NS,90902.0
2023-02-03,RELIANCE.NS,90982.0
2023-02-06,RELIANCE.NS,90296.0
2023-02-07,RELIANCE.NS,90079.0
2023-02-08,RELIANCE.NS,91878.0
2023-02-09,RELIANCE.NS,92039.0
2023-02-10,RELIANCE.NS,91281.0
2023-02-13,RELIANCE.NS,90761.0
2023-02-14,RELIANCE.NS,92900.0
2023-02-15,RELIANCE.NS,95004.0
2023-02-16,RELIANCE.NS,94929.0
2023-02-17,RELIANCE.NS,95326.0
2023-02-20,RELIANCE.NS,94318.0
2023-02-21,RELIANCE.NS,95088.0
2023-02-22,RELIANCE.NS,92931.0
2023-02-23,RELIANCE.NS,92486.0
2023-02-24,RELIANCE.NS,93119.0
2023-02-27,RELIANCE.NS,92500.0
2023-02-28,RELIANCE.NS,90730.0
2023-03-01,RELIANCE.NS,91564.0
2023-03-02,RELIANCE.NS,90867.0
2023-03-03,RELIANCE.NS,93185.0
2023-03-06,RELIANCE.NS,94095.0
2023-03-08,RELIANCE.NS,94433.0
2023-03-09,RELIANCE.NS,92164.0
2023-03-10,RELIANCE.NS,90736.0
2023-03-13,RELIANCE.NS,89244.0
2023-03-14,RELIANCE.NS,88910.0
2023-03-15,RELIANCE.NS,87390.0
2023-03-16,RELIANCE.NS,86954.0
2023-03-17,RELIANCE.NS,86845.0
2023-03-20,RELIANCE.NS,85991.0
2023-03-21,RELIANCE.NS,88665.0
2023-03-22,RELIANCE.NS,88935.0
2023-03-23,RELIANCE.NS,87810.0
2023-03-24,RELIANCE.NS,86071.0
2023-03-27,RELIANCE.NS,87409.0
2023-03-28,RELIANCE.NS,87818.0
2023-03-29,RELIANCE.NS,87298.0
2023-03-31,RELIANCE.NS,91062.0
2023-04-03,RELIANCE.NS,91078.0
2023-04-05,RELIANCE.NS,90859.0
2023-04-06,RELIANCE.NS,91468.0
2023-04-10,RELIANCE.NS,90820.0
2023-04-11,RELIANCE.NS,91269.0
2023-04-12,RELIANCE.NS,91671.0
2023-04-13,RELIANCE.NS,92017.0
2023-04-17,RELIANCE.NS,92484.0
2023-04-18,RELIANCE.NS,91425.0
2023-04-19,RELIANCE.NS,91880.0
2023-04-20,RELIANCE.NS,91648.0
2023-04-21,RELIANCE.NS,91763.0
2023-04-24,RELIANCE.NS,92115.0
2023-04-25,RELIANCE.NS,92820.0
2023-04-26,RELIANCE.NS,92275.0
2023-04-27,RELIANCE.NS,92859.0
2023-04-28,RELIANCE.NS,94556.0
2023-05-02,RELIANCE.NS,95359.0
2023-05-03,RELIANCE.NS,94541.0
2023-05-04,RELIANCE.NS,95631.0
2023-05-05,RELIANCE.NS,95386.0
2023-05-08,RELIANCE.NS,96564.0
2023-05-09,RELIANCE.NS,96863.0
2023-05-10,RELIANCE.NS,97529.0
2023-05-11,RELIANCE.NS,96892.0
2023-05-12,RELIANCE.NS,97051.0
2023-05-15,RELIANCE.NS,97242.0
2023-05-16,RELIANCE.NS,95857.0
2023-05-17,RELIANCE.NS,95291.0
2023-05-18,RELIANCE.NS,95086.0
2023-05-19,RELIANCE.NS,95394.0
2023-05-22,RELIANCE.NS,95904.0
2023-05-23,RELIANCE.NS,95886.0
2023-05-24,RELIANCE.NS,95328.0
2023-05-25,RELIANCE.NS,95316.0
2023-05-26,RELIANCE.NS,97916.0
2023-05-29,RELIANCE.NS,98467.0
2023-05-30,RELIANCE.NS,98441.0
2023-05-31,RELIANCE.NS,96486.0
2023-06-01,RELIANCE.NS,96226.0
2023-06-02,RELIANCE.NS,95912.0
2023-06-05,RELIANCE.NS,96773.0
2023-06-06,RELIANCE.NS,96855.0
2023-06-07,RELIANCE.NS,97590.0
2023-06-08,RELIANCE.NS,97648.0
2023-06-09,RELIANCE.NS,96957.0
2023-06-12,RELIANCE.NS,97043.0
2023-06-13,RELIANCE.NS,98476.0
2023-06-14,RELIANCE.NS,99687.0
2023-06-15,RELIANCE.NS,99715.0
2023-06-16,RELIANCE.NS,100686.0
2023-06-19,RELIANCE.NS,99686.0
2023-06-20,RELIANCE.NS,99893.0
2023-06-21,RELIANCE.NS,100174.0
2023-06-22,RELIANCE.NS,99049.0
2023-06-23,RELIANCE.NS,98238.0
2023-06-26,RELIANCE.NS,97488.0
2023-06-27,RELIANCE.NS,97523.0
2023-06-28,RELIANCE.NS,98814.0
2023-06-30,RELIANCE.NS,99625.0
2023-07-03,RELIANCE.NS,102182.0
2023-07-04,RELIANCE.NS,101129.0
2023-07-05,RELIANCE.NS,100963.0
2023-07-06,RELIANCE.NS,103082.0
2023-07-07,RELIANCE.NS,102881.0
2023-07-10,RELIANCE.NS,106844.0
2023-07-11,RELIANCE.NS,108002.0
2023-07-12,RELIANCE.NS,108122.0
2023-07-13,RELIANCE.NS,107155.0
2023-07-14,RELIANCE.NS,107065.0
2023-07-17,RELIANCE.NS,109252.0
2023-07-18,RELIANCE.NS,110180.0
2023-07-19,RELIANCE.NS,111016.0
2023-07-20,RELIANCE.NS,110882.0
2023-07-21,RELIANCE.NS,107449.0
2023-07-24,RELIANCE.NS,105276.0
2023-07-25,RELIANCE.NS,105208.0
2023-07-26,RELIANCE.NS,106918.0
2023-07-27,RELIANCE.NS,105924.0
2023-07-28,RELIANCE.NS,106988.0
2023-07-31,RELIANCE.NS,107894.0
2023-08-01,RELIANCE.NS,106368.0
2023-08-02,RELIANCE.NS,105232.0
2023-08-03,RELIANCE.NS,104789.0
2023-08-04,RELIANCE.NS,106214.0
2023-08-07,RELIANCE.NS,106819.0
2023-08-08,RELIANCE.NS,106175.0
2023-08-09,RELIANCE.NS,106876.0
2023-08-10,RELIANCE.NS,107352.0
2023-08-11,RELIANCE.NS,107805.0
2023-08-14,RELIANCE.NS,109079.0
2023-08-16,RELIANCE.NS,108990.0
2023-08-17,RELIANCE.NS,107418.0
2023-08-18,RELIANCE.NS,108213.0
2023-08-21,RELIANCE.NS,106656.0
2023-08-22,RELIANCE.NS,106630.0
2023-08-23,RELIANCE.NS,106749.0
2023-08-24,RELIANCE.NS,104954.0
2023-08-25,RELIANCE.NS,104470.0
2023-08-28,RELIANCE.NS,103429.0
2023-08-29,RELIANCE.NS,102438.0
2023-08-30,RELIANCE.NS,102341.0
2023-08-31,RELIANCE.NS,101873.0
2023-09-01,RELIANCE.NS,102112.0
2023-09-04,RELIANCE.NS,102030.0
2023-09-05,RELIANCE.NS,102576.0
2023-09-06,RELIANCE.NS,102792.0
2023-09-07,RELIANCE.NS,102931.0
2023-09-08,RELIANCE.NS,103617.0
2023-09-11,RELIANCE.NS,104734.0
2023-09-12,RELIANCE.NS,103221.0
2023-09-13,RELIANCE.NS,103738.0
2023-09-14,RELIANCE.NS,103833.0
2023-09-15,RELIANCE.NS,104025.0
2023-09-18,RELIANCE.NS,103120.0
2023-09-20,RELIANCE.NS,100821.0
2023-09-21,RELIANCE.NS,100087.0
2023-09-22,RELIANCE.NS,99670.0
2023-09-25,RELIANCE.NS,99057.0
2023-09-26,RELIANCE.NS,99143.0
2023-09-27,RELIANCE.NS,100261.0
2023-09-28,RELIANCE.NS,98788.0
2023-09-29,RELIANCE.NS,99249.0
2023-10-03,RELIANCE.NS,98113.0
2023-10-04,RELIANCE.NS,97943.0
2023-10-05,RELIANCE.NS,97941.0
2023-10-06,RELIANCE.NS,98106.0
2023-10-09,RELIANCE.NS,97271.0
2023-10-10,RELIANCE.NS,97700.0
2023-10-11,RELIANCE.NS,99251.0
2023-10-12,RELIANCE.NS,99435.0
2023-10-13,RELIANCE.NS,99431.0
2023-10-16,RELIANCE.NS,99209.0
2023-10-17,RELIANCE.NS,99683.0
2023-10-18,RELIANCE.NS,98360.0
2023-10-19,RELIANCE.NS,97605.0
2023-10-20,RELIANCE.NS,97306.0
2023-10-23,RELIANCE.NS,95787.0
2023-10-25,RELIANCE.NS,95565.0
2023-10-26,RELIANCE.NS,94234.0
2023-10-27,RELIANCE.NS,95897.0
2023-10-30,RELIANCE.NS,97874.0
2023-10-31,RELIANCE.NS,96832.0
2023-11-01,RELIANCE.NS,97235.0
2023-11-02,RELIANCE.NS,98200.0
2023-11-03,RELIANCE.NS,98178.0
2023-11-06,RELIANCE.NS,98995.0
2023-11-07,RELIANCE.NS,98352.0
2023-11-08,RELIANCE.NS,98864.0
2023-11-09,RELIANCE.NS,97791.0
2023-11-10,RELIANCE.NS,97975.0
2023-11-13,RELIANCE.NS,97963.0
2023-11-15,RELIANCE.NS,99734.0
2023-11-16,RELIANCE.NS,99914.0
2023-11-17,RELIANCE.NS,99696.0
2023-11-20,RELIANCE.NS,99433.0
2023-11-21,RELIANCE.NS,100684.0
2023-11-22,RELIANCE.NS,101078.0
2023-11-23,RELIANCE.NS,101386.0
2023-11-24,RELIANCE.NS,101319.0
2023-11-28,RELIANCE.NS,101340.0
2023-11-29,RELIANCE.NS,101607.0
2023-11-30,RELIANCE.NS,100623.0
2023-12-01,RELIANCE.NS,101336.0
2023-12-04,RELIANCE.NS,102432.0
2023-12-05,RELIANCE.NS,103175.0
2023-12-06,RELIANCE.NS,104163.0
2023-12-07,RELIANCE.NS,103992.0
2023-12-08,RELIANCE.NS,103936.0
2023-12-11,RELIANCE.NS,104089.0
2023-12-12,RELIANCE.NS,102595.0
2023-12-13,RELIANCE.NS,103014.0
2023-12-14,RELIANCE.NS,104292.0
2023-12-15,RELIANCE.NS,105623.0
2023-12-18,RELIANCE.NS,106698.0
2023-12-19,RELIANCE.NS,108268.0
2023-12-20,RELIANCE.NS,106958.0
2023-12-21,RELIANCE.NS,108457.0
2023-12-22,RELIANCE.NS,108562.0
2023-12-26,RELIANCE.NS,109113.0
2023-12-27,RELIANCE.NS,109485.0
2023-12-28,RELIANCE.NS,110277.0
2023-12-29,RELIANCE.NS,109405.0
2024-01-01,RELIANCE.NS,109629.0
2024-01-02,RELIANCE.NS,110537.0
2024-01-03,RELIANCE.NS,109335.0
2024-01-04,RELIANCE.NS,109900.0
2024-01-05,RELIANCE.NS,110368.0
2024-01-08,RELIANCE.NS,109506.0
2024-01-09,RELIANCE.NS,109216.0
2024-01-10,RELIANCE.NS,112162.0
2024-01-11,RELIANCE.NS,115112.0
2024-01-12,RELIANCE.NS,116028.0
2024-01-15,RELIANCE.NS,118009.0
2024-01-16,RELIANCE.NS,116359.0
2024-01-17,RELIANCE.NS,115254.0
2024-01-18,RELIANCE.NS,115793.0
2024-01-19,RELIANCE.NS,115751.0
2024-01-23,RELIANCE.NS,112460.0
2024-01-24,RELIANCE.NS,113756.0
2024-01-25,RELIANCE.NS,114534.0
2024-01-29,RELIANCE.NS,122574.0
2024-01-30,RELIANCE.NS,119152.0
2024-01-31,RELIANCE.NS,120760.0
2024-02-01,RELIANCE.NS,120762.0
2024-02-02,RELIANCE.NS,123391.0
2024-02-05,RELIANCE.NS,121810.0
2024-02-06,RELIANCE.NS,120860.0
2024-02-07,RELIANCE.NS,122074.0
2024-02-08,RELIANCE.NS,122749.0
2024-02-09,RELIANCE.NS,123649.0
2024-02-12,RELIANCE.NS,122938.0
2024-02-13,RELIANCE.NS,124017.0
2024-02-14,RELIANCE.NS,125395.0
2024-02-15,RELIANCE.NS,124483.0
2024-02-16,RELIANCE.NS,123634.0
2024-02-19,RELIANCE.NS,124770.0
2024-02-20,RELIANCE.NS,124519.0
2024-02-21,RELIANCE.NS,124237.0
2024-02-22,RELIANCE.NS,125426.0
2024-02-23,RELIANCE.NS,126432.0
2024-02-26,RELIANCE.NS,125898.0
2024-02-27,RELIANCE.NS,125757.0
2024-02-28,RELIANCE.NS,123215.0
2024-02-29,RELIANCE.NS,123653.0
2024-03-01,RELIANCE.NS,126305.0
2024-03-04,RELIANCE.NS,127598.0
2024-03-05,RELIANCE.NS,126988.0
2024-03-06,RELIANCE.NS,127225.0
2024-03-07,RELIANCE.NS,125187.0
2024-03-11,RELIANCE.NS,124144.0
2024-03-12,RELIANCE.NS,124891.0
2024-03-13,RELIANCE.NS,121230.0
2024-03-14,RELIANCE.NS,121171.0
2024-03-15,RELIANCE.NS,120049.0
2024-03-18,RELIANCE.NS,121848.0
2024-03-19,RELIANCE.NS,120644.0
2024-03-20,RELIANCE.NS,122210.0
2024-03-21,RELIANCE.NS,122821.0
2024-03-22,RELIANCE.NS,123164.0
2024-03-26,RELIANCE.NS,122026.0
2024-03-27,RELIANCE.NS,126366.0
2024-03-28,RELIANCE.NS,125773.0
2024-04-01,RELIANCE.NS,125682.0
2024-04-02,RELIANCE.NS,125867.0
2024-04-03,RELIANCE.NS,124567.0
2024-04-04,RELIANCE.NS,123833.0
2024-04-05,RELIANCE.NS,123594.0
2024-04-08,RELIANCE.NS,125784.0
2024-04-09,RELIANCE.NS,123894.0
2024-04-10,RELIANCE.NS,125242.0
2024-04-12,RELIANCE.NS,124191.0
2024-04-15,RELIANCE.NS,123994.0
2024-04-16,RELIANCE.NS,124072.0
2024-04-18,RELIANCE.NS,123951.0
2024-04-19,RELIANCE.NS,124442.0
2024-04-22,RELIANCE.NS,125266.0
2024-04-23,RELIANCE.NS,123528.0
2024-04-24,RELIANCE.NS,122754.0
2024-04-25,RELIANCE.NS,123583.0
2024-04-26,RELIANCE.NS,122955.0
2024-04-29,RELIANCE.NS,124011.0
2024-04-30,RELIANCE.NS,124178.0
2024-05-02,RELIANCE.NS,124140.0
2024-05-03,RELIANCE.NS,121384.0
2024-05-06,RELIANCE.NS,120159.0
2024-05-07,RELIANCE.NS,118631.0
2024-05-08,RELIANCE.NS,120077.0
2024-05-09,RELIANCE.NS,118009.0
2024-05-10,RELIANCE.NS,119135.0
2024-05-13,RELIANCE.NS,118735.0
2024-05-14,RELIANCE.NS,120206.0
2024-05-15,RELIANCE.NS,119884.0
2024-05-16,RELIANCE.NS,120652.0
2024-05-17,RELIANCE.NS,121528.0
2024-05-21,RELIANCE.NS,121564.0
2024-05-22,RELIANCE.NS,123640.0
2024-05-23,RELIANCE.NS,125790.0
2024-05-24,RELIANCE.NS,125299.0
2024-05-27,RELIANCE.NS,124114.0
2024-05-28,RELIANCE.NS,123264.0
2024-05-29,RELIANCE.NS,121958.0
2024-05-30,RELIANCE.NS,120610.0
2024-05-31,RELIANCE.NS,121080.0
2024-06-03,RELIANCE.NS,127845.0
2024-06-04,RELIANCE.NS,118276.0
2024-06-05,RELIANCE.NS,120263.0
2024-06-06,RELIANCE.NS,121181.0
2024-06-07,RELIANCE.NS,124428.0
2024-06-10,RELIANCE.NS,124550.0
2024-06-11,RELIANCE.NS,123304.0
2024-06-12,RELIANCE.NS,123867.0
2024-06-13,RELIANCE.NS,124030.0
2024-06-14,RELIANCE.NS,125071.0
2024-06-18,RELIANCE.NS,125365.0
2024-06-19,RELIANCE.NS,123471.0
2024-06-20,RELIANCE.NS,124745.0
2024-06-21,RELIANCE.NS,123094.0
2024-06-24,RELIANCE.NS,122017.0
2024-06-25,RELIANCE.NS,123090.0
2024-06-26,RELIANCE.NS,128158.0
2024-06-27,RELIANCE.NS,129557.0
2024-06-28,RELIANCE.NS,132507.0
2024-07-01,RELIANCE.NS,132063.0
2024-07-02,RELIANCE.NS,132488.0
2024-07-03,RELIANCE.NS,131409.0
2024-07-04,RELIANCE.NS,131544.0
2024-07-05,RELIANCE.NS,134473.0
2024-07-08,RELIANCE.NS,135512.0
2024-07-09,RELIANCE.NS,134613.0
2024-07-10,RELIANCE.NS,134101.0
2024-07-11,RELIANCE.NS,133798.0
2024-07-12,RELIANCE.NS,135159.0
2024-07-15,RELIANCE.NS,135201.0
2024-07-16,RELIANCE.NS,133426.0
2024-07-18,RELIANCE.NS,134308.0
2024-07-19,RELIANCE.NS,131639.0
2024-07-22,RELIANCE.NS,127028.0
2024-07-23,RELIANCE.NS,125947.0
2024-07-24,RELIANCE.NS,126607.0
2024-07-25,RELIANCE.NS,126328.0
2024-07-26,RELIANCE.NS,127735.0
2024-07-29,RELIANCE.NS,128673.0
2024-07-30,RELIANCE.NS,128084.0
2024-07-31,RELIANCE.NS,127430.0
2024-08-01,RELIANCE.NS,128266.0
2024-08-02,RELIANCE.NS,126914.0
2024-08-05,RELIANCE.NS,122512.0
2024-08-06,RELIANCE.NS,123251.0
2024-08-07,RELIANCE.NS,123994.0
2024-08-08,RELIANCE.NS,122665.0
2024-08-09,RELIANCE.NS,124796.0
2024-08-12,RELIANCE.NS,123638.0
2024-08-13,RELIANCE.NS,123892.0
2024-08-14,RELIANCE.NS,123742.0
2024-08-16,RELIANCE.NS,125126.0
2024-08-19,RELIANCE.NS,125989.0
2024-08-20,RELIANCE.NS,126628.0
2024-08-21,RELIANCE.NS,126859.0
2024-08-22,RELIANCE.NS,126812.0
2024-08-23,RELIANCE.NS,126969.0
2024-08-26,RELIANCE.NS,128038.0
2024-08-27,RELIANCE.NS,127009.0
2024-08-28,RELIANCE.NS,126827.0
2024-08-29,RELIANCE.NS,128742.0
2024-08-30,RELIANCE.NS,127786.0
2024-09-02,RELIANCE.NS,128347.0
2024-09-03,RELIANCE.NS,127744.0
2024-09-04,RELIANCE.NS,128203.0
2024-09-05,RELIANCE.NS,126377.0
2024-09-06,RELIANCE.NS,123994.0
2024-09-09,RELIANCE.NS,123793.0
2024-09-10,RELIANCE.NS,123714.0
2024-09-11,RELIANCE.NS,122866.0
2024-09-12,RELIANCE.NS,125261.0
2024-09-13,RELIANCE.NS,124654.0
2024-09-16,RELIANCE.NS,124546.0
2024-09-17,RELIANCE.NS,124626.0
2024-09-18,RELIANCE.NS,123877.0
2024-09-19,RELIANCE.NS,124404.0
2024-09-20,RELIANCE.NS,125780.0
2024-09-23,RELIANCE.NS,126410.0
2024-09-24,RELIANCE.NS,126072.0
2024-09-25,RELIANCE.NS,126459.0
2024-09-26,RELIANCE.NS,126798.0
2024-09-27,RELIANCE.NS,129187.0
2024-09-30,RELIANCE.NS,124988.0
2024-10-01,RELIANCE.NS,123994.0
2024-10-03,RELIANCE.NS,119097.0
2024-10-04,RELIANCE.NS,117366.0
2024-10-07,RELIANCE.NS,116028.0
2024-10-08,RELIANCE.NS,118282.0
2024-10-09,RELIANCE.NS,116356.0
2024-10-10,RELIANCE.NS,116056.0
2024-10-11,RELIANCE.NS,116145.0
2024-10-14,RELIANCE.NS,116181.0
2024-10-15,RELIANCE.NS,113768.0
2024-10-16,RELIANCE.NS,114619.0
2024-10-17,RELIANCE.NS,114818.0
2024-10-18,RELIANCE.NS,115061.0
2024-10-21,RELIANCE.NS,115899.0
2024-10-22,RELIANCE.NS,113711.0
2024-10-23,RELIANCE.NS,113303.0
2024-10-24,RELIANCE.NS,113411.0
2024-10-25,RELIANCE.NS,112399.0
2024-10-28,RELIANCE.NS,112949.0
2024-10-29,RELIANCE.NS,113428.0
2024-10-30,RELIANCE.NS,113758.0
2024-10-31,RELIANCE.NS,112755.0
2024-11-01,RELIANCE.NS,113313.0
2024-11-04,RELIANCE.NS,110224.0
2024-11-05,RELIANCE.NS,110490.0
2024-11-06,RELIANCE.NS,112188.0
2024-11-07,RELIANCE.NS,110520.0
2024-11-08,RELIANCE.NS,108666.0
2024-11-11,RELIANCE.NS,107731.0
2024-11-12,RELIANCE.NS,107862.0
2024-11-13,RELIANCE.NS,105983.0
2024-11-14,RELIANCE.NS,107299.0
2024-11-18,RELIANCE.NS,106719.0
2024-11-19,RELIANCE.NS,105103.0
2024-11-21,RELIANCE.NS,103524.0
2024-11-22,RELIANCE.NS,107113.0
2024-11-25,RELIANCE.NS,108941.0
2024-11-26,RELIANCE.NS,109678.0
2024-11-27,RELIANCE.NS,109466.0
2024-11-28,RELIANCE.NS,107570.0
2024-11-29,RELIANCE.NS,109381.0
2024-12-02,RELIANCE.NS,110816.0
2024-12-03,RELIANCE.NS,112014.0
2024-12-04,RELIANCE.NS,110799.0
2024-12-05,RELIANCE.NS,111908.0
2024-12-06,RELIANCE.NS,111019.0
2024-12-09,RELIANCE.NS,109631.0
2024-12-10,RELIANCE.NS,108759.0
2024-12-11,RELIANCE.NS,108196.0
2024-12-12,RELIANCE.NS,106901.0
2024-12-13,RELIANCE.NS,107744.0
2024-12-16,RELIANCE.NS,107358.0
2024-12-17,RELIANCE.NS,105411.0
2024-12-18,RELIANCE.NS,106084.0
2024-12-19,RELIANCE.NS,104154.0
2024-12-20,RELIANCE.NS,102026.0
2024-12-23,RELIANCE.NS,103465.0
2024-12-24,RELIANCE.NS,103503.0
2024-12-26,RELIANCE.NS,102978.0
2024-12-27,RELIANCE.NS,103359.0
2024-12-30,RELIANCE.NS,102483.0
2024-12-31,RELIANCE.NS,102885.0
2025-01-01,RELIANCE.NS,103376.0
2025-01-02,RELIANCE.NS,105115.0
2025-01-03,RELIANCE.NS,105907.0
2025-01-06,RELIANCE.NS,103101.0
2025-01-07,RELIANCE.NS,105035.0
2025-01-08,RELIANCE.NS,107121.0
2025-01-09,RELIANCE.NS,106211.0
2025-01-10,RELIANCE.NS,105124.0
2025-01-13,RELIANCE.NS,104950.0
2025-01-14,RELIANCE.NS,104857.0
2025-01-15,RELIANCE.NS,105996.0
2025-01-16,RELIANCE.NS,107202.0
2025-01-17,RELIANCE.NS,110241.0
2025-01-20,RELIANCE.NS,110503.0
2025-01-21,RELIANCE.NS,107815.0
2025-01-22,RELIANCE.NS,108103.0
2025-01-23,RELIANCE.NS,106965.0
2025-01-24,RELIANCE.NS,105496.0
2025-01-27,RELIANCE.NS,104061.0
2025-01-28,RELIANCE.NS,104489.0
2025-01-29,RELIANCE.NS,104582.0
2025-01-30,RELIANCE.NS,106068.0
2025-01-31,RELIANCE.NS,107087.0
2025-02-01,RELIANCE.NS,107045.0
2025-02-03,RELIANCE.NS,105462.0
2025-02-04,RELIANCE.NS,108789.0
2025-02-05,RELIANCE.NS,108196.0
2025-02-06,RELIANCE.NS,108480.0
2025-02-07,RELIANCE.NS,107223.0
2025-02-10,RELIANCE.NS,106118.0
2025-02-11,RELIANCE.NS,104527.0
2025-02-12,RELIANCE.NS,102978.0
2025-02-13,RELIANCE.NS,102940.0
2025-02-14,RELIANCE.NS,103037.0
2025-02-17,RELIANCE.NS,103685.0
2025-02-18,RELIANCE.NS,103727.0
2025-02-19,RELIANCE.NS,103901.0
2025-02-20,RELIANCE.NS,104370.0
2025-02-21,RELIANCE.NS,103960.0
2025-02-24,RELIANCE.NS,102809.0
2025-02-25,RELIANCE.NS,101916.0
2025-02-27,RELIANCE.NS,102178.0
2025-02-28,RELIANCE.NS,101585.0
2025-03-03,RELIANCE.NS,99143.0
2025-03-04,RELIANCE.NS,98352.0
2025-03-05,RELIANCE.NS,99512.0
2025-03-06,RELIANCE.NS,102390.0
2025-03-07,RELIANCE.NS,105792.0
2025-03-10,RELIANCE.NS,104827.0
2025-03-11,RELIANCE.NS,105581.0
2025-03-12,RELIANCE.NS,106406.0
2025-03-13,RELIANCE.NS,105632.0
2025-03-17,RELIANCE.NS,104866.0
2025-03-18,RELIANCE.NS,104866.0
2025-03-19,RELIANCE.NS,105568.0
2025-03-20,RELIANCE.NS,107430.0
2025-03-21,RELIANCE.NS,108040.0
2025-03-24,RELIANCE.NS,110219.0
2025-03-25,RELIANCE.NS,108810.0
2025-03-26,RELIANCE.NS,107760.0
2025-03-27,RELIANCE.NS,108196.0
2025-03-28,RELIANCE.NS,107934.0
2025-04-01,RELIANCE.NS,106029.0
2025-04-02,RELIANCE.NS,105907.0
2025-04-03,RELIANCE.NS,105699.0
2025-04-04,RELIANCE.NS,101975.0
2025-04-07,RELIANCE.NS,98674.0
2025-04-08,RELIANCE.NS,100070.0
2025-04-09,RELIANCE.NS,100337.0
2025-04-11,RELIANCE.NS,103181.0
2025-04-15,RELIANCE.NS,104971.0
2025-04-16,RELIANCE.NS,104904.0
2025-04-17,RELIANCE.NS,107883.0
2025-04-21,RELIANCE.NS,109661.0
2025-04-22,RELIANCE.NS,109297.0
2025-04-23,RELIANCE.NS,110042.0
2025-04-24,RELIANCE.NS,110177.0
2025-04-25,RELIANCE.NS,110076.0
2025-04-28,RELIANCE.NS,115865.0
2025-04-29,RELIANCE.NS,118481.0
2025-04-30,RELIANCE.NS,118930.0
2025-05-02,RELIANCE.NS,120182.0
2025-05-05,RELIANCE.NS,121156.0
2025-05-06,RELIANCE.NS,120276.0
2025-05-07,RELIANCE.NS,119014.0
2025-05-08,RELIANCE.NS,119099.0
2025-05-09,RELIANCE.NS,116576.0
2025-05-12,RELIANCE.NS,121596.0
2025-05-13,RELIANCE.NS,119835.0
2025-05-14,RELIANCE.NS,120572.0
2025-05-15,RELIANCE.NS,123094.0
2025-05-16,RELIANCE.NS,123281.0
2025-05-19,RELIANCE.NS,121960.0
2025-05-20,RELIANCE.NS,120589.0
2025-05-21,RELIANCE.NS,120978.0
2025-05-22,RELIANCE.NS,119302.0
2025-05-23,RELIANCE.NS,120775.0
2025-05-26,RELIANCE.NS,121452.0
2025-05-27,RELIANCE.NS,120377.0
2025-05-28,RELIANCE.NS,119598.0
2025-05-29,RELIANCE.NS,120013.0
2025-05-30,RELIANCE.NS,120276.0
2025-06-02,RELIANCE.NS,119666.0
2025-06-03,RELIANCE.NS,118972.0
2025-06-04,RELIANCE.NS,120496.0
2025-06-05,RELIANCE.NS,122095.0
2025-06-06,RELIANCE.NS,122189.0
2025-06-09,RELIANCE.NS,122637.0
2025-06-10,RELIANCE.NS,121765.0
2025-06-11,RELIANCE.NS,122646.0
2025-06-12,RELIANCE.NS,122028.0
2025-06-13,RELIANCE.NS,120868.0
2025-06-16,RELIANCE.NS,121706.0
2025-06-17,RELIANCE.NS,121147.0
2025-06-18,RELIANCE.NS,121054.0
2025-06-19,RELIANCE.NS,121325.0
2025-06-20,RELIANCE.NS,124110.0
2025-06-23,RELIANCE.NS,123314.0
2025-06-24,RELIANCE.NS,122807.0
2025-06-25,RELIANCE.NS,124203.0
2025-06-26,RELIANCE.NS,126573.0
2025-06-27,RELIANCE.NS,128275.0
2025-06-30,RELIANCE.NS,127022.0
2025-07-01,RELIANCE.NS,129375.0
2025-07-02,RELIANCE.NS,128563.0
2025-07-03,RELIANCE.NS,128478.0
2025-07-04,RELIANCE.NS,129282.0
2025-07-07,RELIANCE.NS,130484.0
2025-07-08,RELIANCE.NS,130154.0
2025-07-09,RELIANCE.NS,128579.0
2025-07-10,RELIANCE.NS,128427.0
2025-07-11,RELIANCE.NS,126565.0
2025-07-14,RELIANCE.NS,125591.0
2025-07-15,RELIANCE.NS,125735.0
2025-07-16,RELIANCE.NS,125752.0
2025-07-17,RELIANCE.NS,124974.0
2025-07-18,RELIANCE.NS,124940.0
2025-07-21,RELIANCE.NS,120927.0
2025-07-22,RELIANCE.NS,119590.0
2025-07-23,RELIANCE.NS,120589.0
2025-07-24,RELIANCE.NS,118752.0
2025-07-25,RELIANCE.NS,117804.0
2025-07-28,RELIANCE.NS,117457.0
2025-07-29,RELIANCE.NS,119954.0
2025-07-30,RELIANCE.NS,119361.0
2025-07-31,RELIANCE.NS,117677.0
2025-08-01,RELIANCE.NS,117973.0
2025-08-04,RELIANCE.NS,119480.0
2025-08-05,RELIANCE.NS,117804.0
2025-08-06,RELIANCE.NS,117897.0
2025-08-07,RELIANCE.NS,117609.0
2025-08-08,RELIANCE.NS,115781.0
2025-08-11,RELIANCE.NS,117338.0
2025-08-12,RELIANCE.NS,116847.0
2025-08-13,RELIANCE.NS,117034.0
2025-08-14,RELIANCE.NS,116289.0
2025-08-18,RELIANCE.NS,116957.0
2025-08-19,RELIANCE.NS,120208.0
2025-08-20,RELIANCE.NS,119607.0
2025-08-21,RELIANCE.NS,120606.0
2025-08-22,RELIANCE.NS,119285.0
2025-08-25,RELIANCE.NS,119573.0
2025-08-26,RELIANCE.NS,117228.0
2025-08-28,RELIANCE.NS,117313.0
2025-08-29,RELIANCE.NS,114884.0
2025-09-01,RELIANCE.NS,114604.0
2025-09-02,RELIANCE.NS,115671.0
2025-09-03,RELIANCE.NS,116187.0
2025-09-04,RELIANCE.NS,115061.0
2025-09-05,RELIANCE.NS,116390.0
2025-09-08,RELIANCE.NS,116687.0
2025-09-09,RELIANCE.NS,116492.0
2025-09-10,RELIANCE.NS,116560.0
2025-09-11,RELIANCE.NS,117093.0
2025-09-12,RELIANCE.NS,118083.0
2025-09-15,RELIANCE.NS,118447.0
2025-09-16,RELIANCE.NS,118955.0
2025-09-17,RELIANCE.NS,119675.0
2025-09-18,RELIANCE.NS,119776.0
2025-09-19,RELIANCE.NS,119133.0
2025-09-22,RELIANCE.NS,117711.0
2025-09-23,RELIANCE.NS,117643.0
2025-09-24,RELIANCE.NS,117067.0
2025-09-25,RELIANCE.NS,116170.0
2025-09-26,RELIANCE.NS,116610.0
2025-09-29,RELIANCE.NS,116204.0
2025-09-30,RELIANCE.NS,115459.0
2025-10-01,RELIANCE.NS,115857.0
2025-10-03,RELIANCE.NS,115408.0
2025-10-06,RELIANCE.NS,116390.0
2025-10-07,RELIANCE.NS,117220.0
2025-10-08,RELIANCE.NS,115747.0
2025-10-09,RELIANCE.NS,116627.0
2025-10-10,RELIANCE.NS,116957.0
2025-10-13,RELIANCE.NS,116390.0
2025-10-14,RELIANCE.NS,116466.0
2025-10-15,RELIANCE.NS,116331.0
2025-10-16,RELIANCE.NS,118363.0
2025-10-17,RELIANCE.NS,119929.0
2025-10-20,RELIANCE.NS,124161.0
2025-10-21,RELIANCE.NS,124025.0
2025-10-23,RELIANCE.NS,122603.0
2025-10-24,RELIANCE.NS,122874.0
2025-10-27,RELIANCE.NS,125625.0
2025-10-28,RELIANCE.NS,125862.0
2025-10-29,RELIANCE.NS,127327.0
2025-10-30,RELIANCE.NS,125998.0
2025-10-31,RELIANCE.NS,125820.0
2025-11-03,RELIANCE.NS,125676.0
2025-11-04,RELIANCE.NS,124694.0
2025-11-06,RELIANCE.NS,126641.0
2025-11-07,RELIANCE.NS,125109.0
2025-11-10,RELIANCE.NS,126065.0
2025-11-11,RELIANCE.NS,126413.0
2025-11-12,RELIANCE.NS,127945.0
2025-11-13,RELIANCE.NS,127894.0
2025-11-14,RELIANCE.NS,128571.0
2025-11-17,RELIANCE.NS,128520.0
2025-11-18,RELIANCE.NS,128613.0
2025-11-19,RELIANCE.NS,128571.0
2025-11-20,RELIANCE.NS,131127.0
2025-11-21,RELIANCE.NS,130916.0
2025-11-24,RELIANCE.NS,130010.0
2025-11-25,RELIANCE.NS,130332.0
2025-11-26,RELIANCE.NS,132888.0
2025-11-27,RELIANCE.NS,132338.0
2025-11-28,RELIANCE.NS,132685.0
2025-12-01,RELIANCE.NS,132566.0
2025-12-02,RELIANCE.NS,130890.0
2025-12-03,RELIANCE.NS,130256.0
2025-12-04,RELIANCE.NS,129985.0
2025-12-05,RELIANCE.NS,130408.0
2025-12-08,RELIANCE.NS,130611.0
2025-12-09,RELIANCE.NS,129460.0
2025-12-10,RELIANCE.NS,130095.0
2025-12-11,RELIANCE.NS,130780.0
2025-12-12,RELIANCE.NS,131754.0
2025-12-15,RELIANCE.NS,131728.0
2025-12-16,RELIANCE.NS,130552.0
2025-12-17,RELIANCE.NS,130730.0
2025-12-18,RELIANCE.NS,130730.0
2025-12-19,RELIANCE.NS,132482.0
2025-12-22,RELIANCE.NS,133354.0
2025-12-23,RELIANCE.NS,132956.0
2025-12-24,RELIANCE.NS,131898.0
2025-12-26,RELIANCE.NS,131982.0
2025-12-29,RELIANCE.NS,130831.0
2025-12-30,RELIANCE.NS,130340.0
2025-12-31,RELIANCE.NS,132930.0
2026-01-01,RELIANCE.NS,133371.0
2026-01-02,RELIANCE.NS,134784.0
2026-01-05,RELIANCE.NS,133582.0
2026-01-06,RELIANCE.NS,127615.0
2026-01-07,RELIANCE.NS,127327.0
2026-01-08,RELIANCE.NS,124483.0
2026-01-09,RELIANCE.NS,124880.0
2026-01-12,RELIANCE.NS,125549.0
2026-01-13,RELIANCE.NS,122976.0
2026-01-14,RELIANCE.NS,123484.0
2026-01-15,RELIANCE.NS,123484.0
2026-01-16,RELIANCE.NS,123408.0
2026-01-19,RELIANCE.NS,119658.0
2026-01-20,RELIANCE.NS,117999.0
2026-01-21,RELIANCE.NS,118896.0
2026-01-22,RELIANCE.NS,118718.0
2026-01-23,RELIANCE.NS,117330.0
2026-01-27,RELIANCE.NS,116856.0
2026-01-28,RELIANCE.NS,118227.0
2026-01-29,RELIANCE.NS,117745.0
2026-01-30,RELIANCE.NS,118117.0
2026-02-02,RELIANCE.NS,117694.0
2026-02-03,RELIANCE.NS,121647.0
2026-02-04,RELIANCE.NS,123314.0
2026-02-05,RELIANCE.NS,122180.0
2026-02-06,RELIANCE.NS,122807.0
2026-02-09,RELIANCE.NS,123721.0
2026-02-10,RELIANCE.NS,123458.0
2026-02-11,RELIANCE.NS,124322.0
2026-02-12,RELIANCE.NS,122646.0
2026-02-13,RELIANCE.NS,120166.0
2026-02-16,RELIANCE.NS,121647.0
2026-02-17,RELIANCE.NS,120453.0
2026-02-18,RELIANCE.NS,122002.0
2026-02-19,RELIANCE.NS,119311.0
2026-02-20,RELIANCE.NS,120149.0
2026-02-23,RELIANCE.NS,120877.0
2026-02-24,RELIANCE.NS,120944.0
2026-02-25,RELIANCE.NS,118379.0
2026-02-26,RELIANCE.NS,119082.0
2026-02-27,RELIANCE.NS,117990.0
2026-03-02,RELIANCE.NS,114951.0
2026-03-04,RELIANCE.NS,113851.0
2026-03-05,RELIANCE.NS,117609.0
2026-03-06,RELIANCE.NS,118913.0
2026-03-09,RELIANCE.NS,120538.0
2026-03-10,RELIANCE.NS,119251.0
2026-03-11,RELIANCE.NS,117677.0
2026-03-12,RELIANCE.NS,117846.0
2026-03-13,RELIANCE.NS,116873.0
2026-03-16,RELIANCE.NS,118092.0
2026-03-17,RELIANCE.NS,118303.0
2026-03-18,RELIANCE.NS,119192.0
2026-03-19,RELIANCE.NS,117220.0
2026-03-20,RELIANCE.NS,119725.0
2026-03-23,RELIANCE.NS,119167.0
2026-03-24,RELIANCE.NS,119505.0
2026-03-25,RELIANCE.NS,119615.0
2026-03-27,RELIANCE.NS,114113.0
2026-03-30,RELIANCE.NS,113758.0
2026-04-01,RELIANCE.NS,115899.0
2026-04-02,RELIANCE.NS,114316.0
2026-04-06,RELIANCE.NS,110440.0
2026-04-07,RELIANCE.NS,110431.0
2026-04-08,RELIANCE.NS,114088.0
2026-04-09,RELIANCE.NS,112581.0
2026-04-10,RELIANCE.NS,114291.0
2026-04-13,RELIANCE.NS,111320.0
2026-04-15,RELIANCE.NS,113775.0
2026-04-16,RELIANCE.NS,113707.0
2026-04-17,RELIANCE.NS,115544.0
2026-04-20,RELIANCE.NS,115400.0
2026-04-21,RELIANCE.NS,114553.0
2026-04-22,RELIANCE.NS,115298.0
2026-04-23,RELIANCE.NS,113715.0
2026-04-24,RELIANCE.NS,112395.0
2026-04-27,RELIANCE.NS,115612.0
2026-04-28,RELIANCE.NS,117567.0
2026-04-29,RELIANCE.NS,120656.0
2026-04-30,RELIANCE.NS,121114.0
2026-05-01,RELIANCE.NS,121114.0
2026-05-04,RELIANCE.NS,123848.0
2026-05-05,RELIANCE.NS,123890.0
2026-05-06,RELIANCE.NS,121715.0
2026-05-07,RELIANCE.NS,121571.0
2026-05-08,RELIANCE.NS,121486.0
2026-05-11,RELIANCE.NS,117508.0
2026-05-12,RELIANCE.NS,115459.0
2026-05-13,RELIANCE.NS,115019.0
2026-05-14,RELIANCE.NS,115273.0
2026-05-15,RELIANCE.NS,113123.0
2026-05-18,RELIANCE.NS,113081.0
2026-05-19,RELIANCE.NS,111963.0
2026-05-20,RELIANCE.NS,115095.0
2026-05-21,RELIANCE.NS,114240.0
2026-05-22,RELIANCE.NS,114655.0
2026-05-25,RELIANCE.NS,115713.0
2026-05-26,RELIANCE.NS,114807.0
2026-05-27,RELIANCE.NS,114316.0
2026-05-28,RELIANCE.NS,114316.0
2026-05-29,RELIANCE.NS,111836.0
2026-06-01,RELIANCE.NS,111735.0
2026-06-02,RELIANCE.NS,111278.0
2026-06-03,RELIANCE.NS,111159.0
2026-06-04,RELIANCE.NS,110355.0
2026-06-05,RELIANCE.NS,109280.0
2026-06-08,RELIANCE.NS,106935.0
2026-06-09,RELIANCE.NS,107435.0
2026-06-10,RELIANCE.NS,106554.0
2026-06-11,RELIANCE.NS,106910.0
2026-06-12,RELIANCE.NS,109449.0
2026-06-15,RELIANCE.NS,110634.0
2026-06-16,RELIANCE.NS,112480.0
2026-06-17,RELIANCE.NS,112810.0
2026-06-18,RELIANCE.NS,112420.0
2026-06-19,RELIANCE.NS,110846.0
2026-06-22,RELIANCE.NS,112285.0
2026-06-23,RELIANCE.NS,110846.0
2026-06-24,RELIANCE.NS,111193.0
2026-06-25,RELIANCE.NS,111574.0
2026-06-26,RELIANCE.NS,111574.0
2026-06-29,RELIANCE.NS,110126.0
2026-06-30,RELIANCE.NS,109525.0
2026-07-01,RELIANCE.NS,110719.0
2026-07-02,RELIANCE.NS,110338.0
2026-07-03,RELIANCE.NS,110380.0
2026-07-06,RELIANCE.NS,111845.0
2026-07-07,RELIANCE.NS,110753.0
2026-07-08,RELIANCE.NS,108002.0
2026-07-09,RELIANCE.NS,108332.0
2026-07-10,RELIANCE.NS,110702.0
2026-07-13,RELIANCE.NS,109779.0
2026-07-14,RELIANCE.NS,109449.0
2026-07-15,RELIANCE.NS,109661.0
2026-07-16,RELIANCE.NS,109754.0
2026-07-17,RELIANCE.NS,112344.0
2026-07-20,RELIANCE.NS,111997.0
2026-07-21,RELIANCE.NS,110355.0
2026-07-22,RELIANCE.NS,109077.0
2026-07-23,RELIANCE.NS,107688.0
2026-07-24,RELIANCE.NS,108179.0
2026-07-27,RELIANCE.NS,108349.0
2026-07-28,RELIANCE.NS,107308.0
2026-07-29,RELIANCE.NS,108002.0
2026-07-30,RELIANCE.NS,109441.0
2026-07-31,RELIANCE.NS,110702.0
2026-08-03,RELIANCE.NS,111650.0
2026-08-04,RELIANCE.NS,109271.0
2026-08-05,RELIANCE.NS,108349.0
2026-08-06,RELIANCE.NS,112158.0
2026-08-07,RELIANCE.NS,112987.0
2026-08-10,RELIANCE.NS,112353.0
2026-08-11,RELIANCE.NS,112065.0
2026-08-12,RELIANCE.NS,112496.0
2026-08-13,RELIANCE.NS,111481.0
2026-08-14,RELIANCE.NS,110888.0
2026-08-17,RELIANCE.NS,111396.0
2026-08-18,RELIANCE.NS,111904.0
2026-08-19,RELIANCE.NS,110973.0
2026-08-20,RELIANCE.NS,111159.0
2026-08-21,RELIANCE.NS,111396.0
2026-08-24,RELIANCE.NS,110871.0
2026-08-25,RELIANCE.NS,111481.0
2026-08-26,RELIANCE.NS,109872.0
2026-08-27,RELIANCE.NS,108535.0
2026-08-28,RELIANCE.NS,108941.0
2026-08-31,RELIANCE.NS,108095.0
2026-09-01,RELIANCE.NS,110804.0
2026-09-02,RELIANCE.NS,111151.0
2026-09-03,RELIANCE.NS,110253.0
2026-09-04,RELIANCE.NS,111904.0
2026-09-07,RELIANCE.NS,110846.0
2026-09-08,RELIANCE.NS,109610.0
2026-09-09,RELIANCE.NS,108264.0
2026-09-10,RELIANCE.NS,107841.0
2026-09-11,RELIANCE.NS,106444.0
2026-09-14,RELIANCE.NS,106444.0
2026-09-15,RELIANCE.NS,104565.0
2026-09-16,RELIANCE.NS,104963.0
2026-09-17,RELIANCE.NS,105293.0
2026-09-18,RELIANCE.NS,103812.0
2026-09-21,RELIANCE.NS,105589.0
2026-09-22,RELIANCE.NS,104997.0
2026-09-23,RELIANCE.NS,105640.0
2026-09-24,RELIANCE.NS,103202.0
2026-09-25,RELIANCE.NS,103778.0
2026-09-28,RELIANCE.NS,101374.0
2026-09-29,RELIANCE.NS,100053.0
2026-09-30,RELIANCE.NS,100477.0
2026-10-01,RELIANCE.NS,98843.0
2026-10-02,RELIANCE.NS,98843.0
2026-10-05,RELIANCE.NS,100426.0
2026-10-06,RELIANCE.NS,103101.0
2021-10-06,TCS.NS,100000.0
2021-10-07,TCS.NS,102152.0
2021-10-08,TCS.NS,103274.0
2021-10-11,TCS.NS,96712.0
2021-10-12,TCS.NS,95853.0
2021-10-13,TCS.NS,95914.0
2021-10-14,TCS.NS,94766.0
2021-10-18,TCS.NS,95703.0
2021-10-19,TCS.NS,95362.0
2021-10-20,TCS.NS,94698.0
2021-10-21,TCS.NS,92695.0
2021-10-22,TCS.NS,91812.0
2021-10-25,TCS.NS,91657.0
2021-10-26,TCS.NS,91385.0
2021-10-27,TCS.NS,91573.0
2021-10-28,TCS.NS,89786.0
2021-10-29,TCS.NS,89159.0
2021-11-01,TCS.NS,91223.0
2021-11-02,TCS.NS,91427.0
2021-11-03,TCS.NS,91638.0
2021-11-04,TCS.NS,92069.0
2021-11-08,TCS.NS,91914.0
2021-11-09,TCS.NS,91991.0
2021-11-10,TCS.NS,91430.0
2021-11-11,TCS.NS,91532.0
2021-11-12,TCS.NS,92525.0
2021-11-15,TCS.NS,93240.0
2021-11-16,TCS.NS,93322.0
2021-11-17,TCS.NS,92416.0
2021-11-18,TCS.NS,91204.0
2021-11-22,TCS.NS,90750.0
2021-11-23,TCS.NS,90904.0
2021-11-24,TCS.NS,90354.0
2021-11-25,TCS.NS,90422.0
2021-11-26,TCS.NS,90447.0
2021-11-29,TCS.NS,91894.0
2021-11-30,TCS.NS,92607.0
2021-12-01,TCS.NS,93883.0
2021-12-02,TCS.NS,95592.0
2021-12-03,TCS.NS,95527.0
2021-12-06,TCS.NS,92797.0
2021-12-07,TCS.NS,94059.0
2021-12-08,TCS.NS,95172.0
2021-12-09,TCS.NS,94512.0
2021-12-10,TCS.NS,95432.0
2021-12-13,TCS.NS,94719.0
2021-12-14,TCS.NS,95090.0
2021-12-15,TCS.NS,93688.0
2021-12-16,TCS.NS,93983.0
2021-12-17,TCS.NS,94055.0
2021-12-20,TCS.NS,93335.0
2021-12-21,TCS.NS,94684.0
2021-12-22,TCS.NS,95273.0
2021-12-23,TCS.NS,96111.0
2021-12-24,TCS.NS,96326.0
2021-12-27,TCS.NS,96988.0
2021-12-28,TCS.NS,97262.0
2021-12-29,TCS.NS,96951.0
2021-12-30,TCS.NS,97976.0
2021-12-31,TCS.NS,98096.0
2022-01-03,TCS.NS,100180.0
2022-01-04,TCS.NS,101938.0
2022-01-05,TCS.NS,101313.0
2022-01-06,TCS.NS,99909.0
2022-01-07,TCS.NS,101118.0
2022-01-10,TCS.NS,101809.0
2022-01-11,TCS.NS,102755.0
2022-01-12,TCS.NS,101286.0
2022-01-13,TCS.NS,102283.0
2022-01-14,TCS.NS,104126.0
2022-01-17,TCS.NS,105465.0
2022-01-18,TCS.NS,104715.0
2022-01-19,TCS.NS,102722.0
2022-01-20,TCS.NS,100411.0
2022-01-21,TCS.NS,100593.0
2022-01-24,TCS.NS,98962.0
2022-01-25,TCS.NS,98924.0
2022-01-27,TCS.NS,95758.0
2022-01-28,TCS.NS,96829.0
2022-01-31,TCS.NS,98041.0
2022-02-01,TCS.NS,99731.0
2022-02-02,TCS.NS,101189.0
2022-02-03,TCS.NS,100360.0
2022-02-04,TCS.NS,100105.0
2022-02-07,TCS.NS,99163.0
2022-02-08,TCS.NS,98230.0
2022-02-09,TCS.NS,98679.0
2022-02-10,TCS.NS,98936.0
2022-02-11,TCS.NS,96957.0
2022-02-14,TCS.NS,97976.0
2022-02-15,TCS.NS,100181.0
2022-02-16,TCS.NS,100058.0
2022-02-17,TCS.NS,99299.0
2022-02-18,TCS.NS,99554.0
2022-02-21,TCS.NS,97599.0
2022-02-22,TCS.NS,94109.0
2022-02-23,TCS.NS,93516.0
2022-02-24,TCS.NS,89261.0
2022-02-25,TCS.NS,92386.0
2022-02-28,TCS.NS,93264.0
2022-03-02,TCS.NS,93053.0
2022-03-03,TCS.NS,93007.0
2022-03-04,TCS.NS,92481.0
2022-03-07,TCS.NS,91446.0
2022-03-08,TCS.NS,94465.0
2022-03-09,TCS.NS,95321.0
2022-03-10,TCS.NS,95016.0
2022-03-11,TCS.NS,94444.0
2022-03-14,TCS.NS,95594.0
2022-03-15,TCS.NS,94306.0
2022-03-16,TCS.NS,95933.0
2022-03-17,TCS.NS,96375.0
2022-03-21,TCS.NS,95166.0
2022-03-22,TCS.NS,97115.0
2022-03-23,TCS.NS,97415.0
2022-03-24,TCS.NS,98398.0
2022-03-25,TCS.NS,97285.0
2022-03-28,TCS.NS,97292.0
2022-03-29,TCS.NS,97230.0
2022-03-30,TCS.NS,97918.0
2022-03-31,TCS.NS,98138.0
2022-04-01,TCS.NS,98632.0
2022-04-04,TCS.NS,98936.0
2022-04-05,TCS.NS,100102.0
2022-04-06,TCS.NS,98542.0
2022-04-07,TCS.NS,96674.0
2022-04-08,TCS.NS,96713.0
2022-04-11,TCS.NS,96995.0
2022-04-12,TCS.NS,96856.0
2022-04-13,TCS.NS,96091.0
2022-04-18,TCS.NS,92578.0
2022-04-19,TCS.NS,91104.0
2022-04-20,TCS.NS,93332.0
2022-04-21,TCS.NS,95218.0
2022-04-22,TCS.NS,94795.0
2022-04-25,TCS.NS,93107.0
2022-04-26,TCS.NS,93057.0
2022-04-27,TCS.NS,93448.0
2022-04-28,TCS.NS,94054.0
2022-04-29,TCS.NS,93067.0
2022-05-02,TCS.NS,92954.0
2022-05-04,TCS.NS,91310.0
2022-05-05,TCS.NS,92193.0
2022-05-06,TCS.NS,90073.0
2022-05-09,TCS.NS,90401.0
2022-05-10,TCS.NS,90235.0
2022-05-11,TCS.NS,89533.0
2022-05-12,TCS.NS,89445.0
2022-05-13,TCS.NS,89609.0
2022-05-16,TCS.NS,88609.0
2022-05-17,TCS.NS,90572.0
2022-05-18,TCS.NS,90498.0
2022-05-19,TCS.NS,85595.0
2022-05-20,TCS.NS,86410.0
2022-05-23,TCS.NS,87164.0
2022-05-24,TCS.NS,86279.0
2022-05-25,TCS.NS,83121.0
2022-05-26,TCS.NS,84677.0
2022-05-27,TCS.NS,85578.0
2022-05-30,TCS.NS,88568.0
2022-05-31,TCS.NS,88282.0
2022-06-01,TCS.NS,88042.0
2022-06-02,TCS.NS,89821.0
2022-06-03,TCS.NS,90271.0
2022-06-06,TCS.NS,90030.0
2022-06-07,TCS.NS,88239.0
2022-06-08,TCS.NS,89327.0
2022-06-09,TCS.NS,89929.0
2022-06-10,TCS.NS,88166.0
2022-06-13,TCS.NS,84484.0
2022-06-14,TCS.NS,84247.0
2022-06-15,TCS.NS,84135.0
2022-06-16,TCS.NS,82448.0
2022-06-17,TCS.NS,81054.0
2022-06-20,TCS.NS,81671.0
2022-06-21,TCS.NS,84283.0
2022-06-22,TCS.NS,84572.0
2022-06-23,TCS.NS,86825.0
2022-06-24,TCS.NS,86413.0
2022-06-27,TCS.NS,86979.0
2022-06-28,TCS.NS,87070.0
2022-06-29,TCS.NS,86344.0
2022-06-30,TCS.NS,85730.0
2022-07-01,TCS.NS,86990.0
2022-07-04,TCS.NS,84889.0
2022-07-05,TCS.NS,84397.0
2022-07-06,TCS.NS,85564.0
2022-07-07,TCS.NS,86275.0
2022-07-08,TCS.NS,85687.0
2022-07-11,TCS.NS,81708.0
2022-07-12,TCS.NS,80944.0
2022-07-13,TCS.NS,79738.0
2022-07-14,TCS.NS,78689.0
2022-07-15,TCS.NS,78580.0
2022-07-18,TCS.NS,80388.0
2022-07-19,TCS.NS,80670.0
2022-07-20,TCS.NS,83046.0
2022-07-21,TCS.NS,83374.0
2022-07-22,TCS.NS,83209.0
2022-07-25,TCS.NS,83097.0
2022-07-26,TCS.NS,81763.0
2022-07-27,TCS.NS,83677.0
2022-07-28,TCS.NS,85557.0
2022-07-29,TCS.NS,86644.0
2022-08-01,TCS.NS,86562.0
2022-08-02,TCS.NS,86379.0
2022-08-03,TCS.NS,87630.0
2022-08-04,TCS.NS,88036.0
2022-08-05,TCS.NS,88301.0
2022-08-08,TCS.NS,88547.0
2022-08-10,TCS.NS,88017.0
2022-08-11,TCS.NS,89808.0
2022-08-12,TCS.NS,89258.0
2022-08-16,TCS.NS,89026.0
2022-08-17,TCS.NS,89247.0
2022-08-18,TCS.NS,88726.0
2022-08-19,TCS.NS,88844.0
2022-08-22,TCS.NS,88025.0
2022-08-23,TCS.NS,86190.0
2022-08-24,TCS.NS,85422.0
2022-08-25,TCS.NS,84447.0
2022-08-26,TCS.NS,84552.0
2022-08-29,TCS.NS,82200.0
2022-08-30,TCS.NS,84262.0
2022-09-01,TCS.NS,82177.0
2022-09-02,TCS.NS,82143.0
2022-09-05,TCS.NS,82222.0
2022-09-06,TCS.NS,82055.0
2022-09-07,TCS.NS,82647.0
2022-09-08,TCS.NS,83173.0
2022-09-09,TCS.NS,84433.0
2022-09-12,TCS.NS,85097.0
2022-09-13,TCS.NS,84740.0
2022-09-14,TCS.NS,81881.0
2022-09-15,TCS.NS,81460.0
2022-09-16,TCS.NS,78950.0
2022-09-19,TCS.NS,79477.0
2022-09-20,TCS.NS,79779.0
2022-09-21,TCS.NS,78753.0
2022-09-22,TCS.NS,78916.0
2022-09-23,TCS.NS,78251.0
2022-09-26,TCS.NS,78575.0
2022-09-27,TCS.NS,79179.0
2022-09-28,TCS.NS,79657.0
2022-09-29,TCS.NS,78651.0
2022-09-30,TCS.NS,78841.0
2022-10-03,TCS.NS,78327.0
2022-10-04,TCS.NS,81113.0
2022-10-06,TCS.NS,81397.0
2022-10-07,TCS.NS,80425.0
2022-10-10,TCS.NS,81832.0
2022-10-11,TCS.NS,80547.0
2022-10-12,TCS.NS,81365.0
2022-10-13,TCS.NS,81432.0
2022-10-14,TCS.NS,81323.0
2022-10-17,TCS.NS,81654.0
2022-10-18,TCS.NS,82519.0
2022-10-19,TCS.NS,81919.0
2022-10-20,TCS.NS,82849.0
2022-10-21,TCS.NS,82327.0
2022-10-24,TCS.NS,82965.0
2022-10-25,TCS.NS,82975.0
2022-10-27,TCS.NS,82852.0
2022-10-28,TCS.NS,83005.0
2022-10-31,TCS.NS,83790.0
2022-11-01,TCS.NS,85536.0
2022-11-02,TCS.NS,85064.0
2022-11-03,TCS.NS,84147.0
2022-11-04,TCS.NS,84426.0
2022-11-07,TCS.NS,84854.0
2022-11-09,TCS.NS,84391.0
2022-11-10,TCS.NS,84118.0
2022-11-11,TCS.NS,87012.0
2022-11-14,TCS.NS,87525.0
2022-11-15,TCS.NS,87449.0
2022-11-16,TCS.NS,88046.0
2022-11-17,TCS.NS,87880.0
2022-11-18,TCS.NS,87734.0
2022-11-21,TCS.NS,86161.0
2022-11-22,TCS.NS,86986.0
2022-11-23,TCS.NS,86812.0
2022-11-24,TCS.NS,88697.0
2022-11-25,TCS.NS,88946.0
2022-11-28,TCS.NS,89093.0
2022-11-29,TCS.NS,89148.0
2022-11-30,TCS.NS,88976.0
2022-12-01,TCS.NS,91203.0
2022-12-02,TCS.NS,90245.0
2022-12-05,TCS.NS,89897.0
2022-12-06,TCS.NS,88833.0
2022-12-07,TCS.NS,88709.0
2022-12-08,TCS.NS,87920.0
2022-12-09,TCS.NS,86403.0
2022-12-12,TCS.NS,86238.0
2022-12-13,TCS.NS,87436.0
2022-12-14,TCS.NS,88309.0
2022-12-15,TCS.NS,86728.0
2022-12-16,TCS.NS,85026.0
2022-12-19,TCS.NS,84023.0
2022-12-20,TCS.NS,85123.0
2022-12-21,TCS.NS,85768.0
2022-12-22,TCS.NS,85536.0
2022-12-23,TCS.NS,84714.0
2022-12-26,TCS.NS,85358.0
2022-12-27,TCS.NS,85531.0
2022-12-28,TCS.NS,85468.0
2022-12-29,TCS.NS,85774.0
2022-12-30,TCS.NS,85458.0
2023-01-02,TCS.NS,85582.0
2023-01-03,TCS.NS,86892.0
2023-01-04,TCS.NS,86978.0
2023-01-05,TCS.NS,86885.0
2023-01-06,TCS.NS,84273.0
2023-01-09,TCS.NS,87117.0
2023-01-10,TCS.NS,86237.0
2023-01-11,TCS.NS,87347.0
2023-01-12,TCS.NS,87495.0
2023-01-13,TCS.NS,88550.0
2023-01-16,TCS.NS,87487.0
2023-01-17,TCS.NS,88651.0
2023-01-18,TCS.NS,88955.0
2023-01-19,TCS.NS,88512.0
2023-01-20,TCS.NS,88249.0
2023-01-23,TCS.NS,89609.0
2023-01-24,TCS.NS,90170.0
2023-01-25,TCS.NS,89998.0
2023-01-27,TCS.NS,89508.0
2023-01-30,TCS.NS,90101.0
2023-01-31,TCS.NS,88134.0
2023-02-01,TCS.NS,89437.0
2023-02-02,TCS.NS,90803.0
2023-02-03,TCS.NS,91377.0
2023-02-06,TCS.NS,90791.0
2023-02-07,TCS.NS,91122.0
2023-02-08,TCS.NS,92369.0
2023-02-09,TCS.NS,92914.0
2023-02-10,TCS.NS,92827.0
2023-02-13,TCS.NS,91380.0
2023-02-14,TCS.NS,91844.0
2023-02-15,TCS.NS,92384.0
2023-02-16,TCS.NS,93365.0
2023-02-17,TCS.NS,91872.0
2023-02-20,TCS.NS,91509.0
2023-02-21,TCS.NS,90556.0
2023-02-22,TCS.NS,89258.0
2023-02-23,TCS.NS,89580.0
2023-02-24,TCS.NS,89230.0
2023-02-27,TCS.NS,87429.0
2023-02-28,TCS.NS,86931.0
2023-03-01,TCS.NS,88843.0
2023-03-02,TCS.NS,87157.0
2023-03-03,TCS.NS,87700.0
2023-03-06,TCS.NS,88479.0
2023-03-08,TCS.NS,88966.0
2023-03-09,TCS.NS,87561.0
2023-03-10,TCS.NS,87407.0
2023-03-13,TCS.NS,86120.0
2023-03-14,TCS.NS,84362.0
2023-03-15,TCS.NS,83941.0
2023-03-16,TCS.NS,83576.0
2023-03-17,TCS.NS,83426.0
2023-03-20,TCS.NS,82482.0
2023-03-21,TCS.NS,81506.0
2023-03-22,TCS.NS,82154.0
2023-03-23,TCS.NS,81992.0
2023-03-24,TCS.NS,81884.0
2023-03-27,TCS.NS,81931.0
2023-03-28,TCS.NS,81763.0
2023-03-29,TCS.NS,82366.0
2023-03-31,TCS.NS,84124.0
2023-04-03,TCS.NS,83970.0
2023-04-05,TCS.NS,85014.0
2023-04-06,TCS.NS,84513.0
2023-04-10,TCS.NS,85633.0
2023-04-11,TCS.NS,84332.0
2023-04-12,TCS.NS,85063.0
2023-04-13,TCS.NS,83677.0
2023-04-17,TCS.NS,82382.0
2023-04-18,TCS.NS,82153.0
2023-04-19,TCS.NS,81073.0
2023-04-20,TCS.NS,81472.0
2023-04-21,TCS.NS,82942.0
2023-04-24,TCS.NS,83308.0
2023-04-25,TCS.NS,83340.0
2023-04-26,TCS.NS,83921.0
2023-04-27,TCS.NS,83653.0
2023-04-28,TCS.NS,84475.0
2023-05-02,TCS.NS,84479.0
2023-05-03,TCS.NS,83442.0
2023-05-04,TCS.NS,84513.0
2023-05-05,TCS.NS,84775.0
2023-05-08,TCS.NS,85297.0
2023-05-09,TCS.NS,86154.0
2023-05-10,TCS.NS,86247.0
2023-05-11,TCS.NS,86125.0
2023-05-12,TCS.NS,85919.0
2023-05-15,TCS.NS,85414.0
2023-05-16,TCS.NS,85496.0
2023-05-17,TCS.NS,84198.0
2023-05-18,TCS.NS,83966.0
2023-05-19,TCS.NS,84569.0
2023-05-22,TCS.NS,86560.0
2023-05-23,TCS.NS,86516.0
2023-05-24,TCS.NS,86682.0
2023-05-25,TCS.NS,86423.0
2023-05-26,TCS.NS,87352.0
2023-05-29,TCS.NS,87128.0
2023-05-30,TCS.NS,87019.0
2023-05-31,TCS.NS,86318.0
2023-06-01,TCS.NS,87223.0
2023-06-02,TCS.NS,86741.0
2023-06-05,TCS.NS,86302.0
2023-06-06,TCS.NS,84817.0
2023-06-07,TCS.NS,85935.0
2023-06-08,TCS.NS,84926.0
2023-06-09,TCS.NS,84214.0
2023-06-12,TCS.NS,85200.0
2023-06-13,TCS.NS,85116.0
2023-06-14,TCS.NS,85309.0
2023-06-15,TCS.NS,84397.0
2023-06-16,TCS.NS,83311.0
2023-06-19,TCS.NS,84243.0
2023-06-20,TCS.NS,84697.0
2023-06-21,TCS.NS,85497.0
2023-06-22,TCS.NS,84980.0
2023-06-23,TCS.NS,84399.0
2023-06-26,TCS.NS,83698.0
2023-06-27,TCS.NS,83900.0
2023-06-28,TCS.NS,84375.0
2023-06-30,TCS.NS,86653.0
2023-07-03,TCS.NS,85867.0
2023-07-04,TCS.NS,86826.0
2023-07-05,TCS.NS,87117.0
2023-07-06,TCS.NS,87195.0
2023-07-07,TCS.NS,87361.0
2023-07-10,TCS.NS,85858.0
2023-07-11,TCS.NS,85869.0
2023-07-12,TCS.NS,85541.0
2023-07-13,TCS.NS,87658.0
2023-07-14,TCS.NS,92226.0
2023-07-17,TCS.NS,91624.0
2023-07-18,TCS.NS,91759.0
2023-07-19,TCS.NS,91056.0
2023-07-20,TCS.NS,90879.0
2023-07-21,TCS.NS,88386.0
2023-07-24,TCS.NS,89080.0
2023-07-25,TCS.NS,89195.0
2023-07-26,TCS.NS,88911.0
2023-07-27,TCS.NS,89136.0
2023-07-28,TCS.NS,88047.0
2023-07-31,TCS.NS,89781.0
2023-08-01,TCS.NS,90584.0
2023-08-02,TCS.NS,90284.0
2023-08-03,TCS.NS,89216.0
2023-08-04,TCS.NS,90361.0
2023-08-07,TCS.NS,91423.0
2023-08-08,TCS.NS,91070.0
2023-08-09,TCS.NS,90858.0
2023-08-10,TCS.NS,90323.0
2023-08-11,TCS.NS,90498.0
2023-08-14,TCS.NS,90526.0
2023-08-16,TCS.NS,90750.0
2023-08-17,TCS.NS,90156.0
2023-08-18,TCS.NS,88354.0
2023-08-21,TCS.NS,89261.0
2023-08-22,TCS.NS,88749.0
2023-08-23,TCS.NS,89172.0
2023-08-24,TCS.NS,88896.0
2023-08-25,TCS.NS,88727.0
2023-08-28,TCS.NS,88576.0
2023-08-29,TCS.NS,88592.0
2023-08-30,TCS.NS,88980.0
2023-08-31,TCS.NS,88084.0
2023-09-01,TCS.NS,88672.0
2023-09-04,TCS.NS,89703.0
2023-09-05,TCS.NS,89988.0
2023-09-06,TCS.NS,90002.0
2023-09-07,TCS.NS,90668.0
2023-09-08,TCS.NS,90317.0
2023-09-11,TCS.NS,91334.0
2023-09-12,TCS.NS,93962.0
2023-09-13,TCS.NS,93622.0
2023-09-14,TCS.NS,93418.0
2023-09-15,TCS.NS,94421.0
2023-09-18,TCS.NS,94627.0
2023-09-20,TCS.NS,94625.0
2023-09-21,TCS.NS,94080.0
2023-09-22,TCS.NS,94562.0
2023-09-25,TCS.NS,93866.0
2023-09-26,TCS.NS,94091.0
2023-09-27,TCS.NS,94185.0
2023-09-28,TCS.NS,92806.0
2023-09-29,TCS.NS,92592.0
2023-10-03,TCS.NS,92205.0
2023-10-04,TCS.NS,92832.0
2023-10-05,TCS.NS,94186.0
2023-10-06,TCS.NS,95027.0
2023-10-09,TCS.NS,95472.0
2023-10-10,TCS.NS,95224.0
2023-10-11,TCS.NS,94726.0
2023-10-12,TCS.NS,92958.0
2023-10-13,TCS.NS,93701.0
2023-10-16,TCS.NS,92473.0
2023-10-17,TCS.NS,92027.0
2023-10-18,TCS.NS,91507.0
2023-10-19,TCS.NS,90678.0
2023-10-20,TCS.NS,91699.0
2023-10-23,TCS.NS,89484.0
2023-10-25,TCS.NS,88958.0
2023-10-26,TCS.NS,87558.0
2023-10-27,TCS.NS,87931.0
2023-10-30,TCS.NS,88655.0
2023-10-31,TCS.NS,88398.0
2023-11-01,TCS.NS,87398.0
2023-11-02,TCS.NS,88171.0
2023-11-03,TCS.NS,87929.0
2023-11-06,TCS.NS,88700.0
2023-11-07,TCS.NS,88442.0
2023-11-08,TCS.NS,88734.0
2023-11-09,TCS.NS,87839.0
2023-11-10,TCS.NS,87471.0
2023-11-13,TCS.NS,87422.0
2023-11-15,TCS.NS,89331.0
2023-11-16,TCS.NS,91785.0
2023-11-17,TCS.NS,91906.0
2023-11-20,TCS.NS,92356.0
2023-11-21,TCS.NS,92109.0
2023-11-22,TCS.NS,92633.0
2023-11-23,TCS.NS,92058.0
2023-11-24,TCS.NS,90716.0
2023-11-28,TCS.NS,91059.0
2023-11-29,TCS.NS,92203.0
2023-11-30,TCS.NS,91516.0
2023-12-01,TCS.NS,92148.0
2023-12-04,TCS.NS,92169.0
2023-12-05,TCS.NS,92671.0
2023-12-06,TCS.NS,94573.0
2023-12-07,TCS.NS,94857.0
2023-12-08,TCS.NS,95166.0
2023-12-11,TCS.NS,95592.0
2023-12-12,TCS.NS,96358.0
2023-12-13,TCS.NS,94297.0
2023-12-14,TCS.NS,96231.0
2023-12-15,TCS.NS,101315.0
2023-12-18,TCS.NS,101267.0
2023-12-19,TCS.NS,100139.0
2023-12-20,TCS.NS,99190.0
2023-12-21,TCS.NS,99386.0
2023-12-22,TCS.NS,100344.0
2023-12-26,TCS.NS,99597.0
2023-12-27,TCS.NS,100008.0
2023-12-28,TCS.NS,99711.0
2023-12-29,TCS.NS,99541.0
2024-01-01,TCS.NS,100005.0
2024-01-02,TCS.NS,99273.0
2024-01-03,TCS.NS,96873.0
2024-01-04,TCS.NS,96219.0
2024-01-05,TCS.NS,98084.0
2024-01-08,TCS.NS,96521.0
2024-01-09,TCS.NS,96825.0
2024-01-10,TCS.NS,97432.0
2024-01-11,TCS.NS,98023.0
2024-01-12,TCS.NS,101887.0
2024-01-15,TCS.NS,102438.0
2024-01-16,TCS.NS,101323.0
2024-01-17,TCS.NS,101934.0
2024-01-18,TCS.NS,102406.0
2024-01-19,TCS.NS,103468.0
2024-01-23,TCS.NS,101242.0
2024-01-24,TCS.NS,100811.0
2024-01-25,TCS.NS,99984.0
2024-01-29,TCS.NS,99740.0
2024-01-30,TCS.NS,99728.0
2024-01-31,TCS.NS,100133.0
2024-02-01,TCS.NS,101135.0
2024-02-02,TCS.NS,104078.0
2024-02-05,TCS.NS,104261.0
2024-02-06,TCS.NS,108531.0
2024-02-07,TCS.NS,107151.0
2024-02-08,TCS.NS,108481.0
2024-02-09,TCS.NS,108470.0
2024-02-12,TCS.NS,108129.0
2024-02-13,TCS.NS,108885.0
2024-02-14,TCS.NS,107589.0
2024-02-15,TCS.NS,107670.0
2024-02-16,TCS.NS,108329.0
2024-02-19,TCS.NS,107686.0
2024-02-20,TCS.NS,105766.0
2024-02-21,TCS.NS,104739.0
2024-02-22,TCS.NS,107248.0
2024-02-23,TCS.NS,106329.0
2024-02-26,TCS.NS,104990.0
2024-02-27,TCS.NS,107702.0
2024-02-28,TCS.NS,108083.0
2024-02-29,TCS.NS,107458.0
2024-03-01,TCS.NS,107438.0
2024-03-04,TCS.NS,107080.0
2024-03-05,TCS.NS,105280.0
2024-03-06,TCS.NS,106649.0
2024-03-07,TCS.NS,107812.0
2024-03-11,TCS.NS,108173.0
2024-03-12,TCS.NS,110007.0
2024-03-13,TCS.NS,108872.0
2024-03-14,TCS.NS,110410.0
2024-03-15,TCS.NS,110715.0
2024-03-18,TCS.NS,108964.0
2024-03-19,TCS.NS,104366.0
2024-03-20,TCS.NS,104198.0
2024-03-21,TCS.NS,104252.0
2024-03-22,TCS.NS,102624.0
2024-03-26,TCS.NS,101748.0
2024-03-27,TCS.NS,100787.0
2024-03-28,TCS.NS,101716.0
2024-04-01,TCS.NS,102778.0
2024-04-02,TCS.NS,101913.0
2024-04-03,TCS.NS,103579.0
2024-04-04,TCS.NS,105049.0
2024-04-05,TCS.NS,104418.0
2024-04-08,TCS.NS,104242.0
2024-04-09,TCS.NS,103560.0
2024-04-10,TCS.NS,104559.0
2024-04-12,TCS.NS,104999.0
2024-04-15,TCS.NS,103419.0
2024-04-16,TCS.NS,101624.0
2024-04-18,TCS.NS,101341.0
2024-04-19,TCS.NS,100401.0
2024-04-22,TCS.NS,101409.0
2024-04-23,TCS.NS,101674.0
2024-04-24,TCS.NS,100529.0
2024-04-25,TCS.NS,101084.0
2024-04-26,TCS.NS,100274.0
2024-04-29,TCS.NS,101556.0
2024-04-30,TCS.NS,100256.0
2024-05-02,TCS.NS,101375.0
2024-05-03,TCS.NS,100853.0
2024-05-06,TCS.NS,102890.0
2024-05-07,TCS.NS,104410.0
2024-05-08,TCS.NS,104357.0
2024-05-09,TCS.NS,103918.0
2024-05-10,TCS.NS,102178.0
2024-05-13,TCS.NS,103592.0
2024-05-14,TCS.NS,102370.0
2024-05-15,TCS.NS,101824.0
2024-05-16,TCS.NS,102363.0
2024-05-17,TCS.NS,100609.0
2024-05-21,TCS.NS,100244.0
2024-05-22,TCS.NS,100554.0
2024-05-23,TCS.NS,102166.0
2024-05-24,TCS.NS,101013.0
2024-05-27,TCS.NS,100949.0
2024-05-28,TCS.NS,100761.0
2024-05-29,TCS.NS,99810.0
2024-05-30,TCS.NS,98037.0
2024-05-31,TCS.NS,96328.0
2024-06-03,TCS.NS,97165.0
2024-06-04,TCS.NS,97484.0
2024-06-05,TCS.NS,98309.0
2024-06-06,TCS.NS,100512.0
2024-06-07,TCS.NS,102179.0
2024-06-10,TCS.NS,101254.0
2024-06-11,TCS.NS,101081.0
2024-06-12,TCS.NS,100544.0
2024-06-13,TCS.NS,101765.0
2024-06-14,TCS.NS,100555.0
2024-06-18,TCS.NS,100110.0
2024-06-19,TCS.NS,99759.0
2024-06-20,TCS.NS,99379.0
2024-06-21,TCS.NS,99996.0
2024-06-24,TCS.NS,100155.0
2024-06-25,TCS.NS,100723.0
2024-06-26,TCS.NS,101180.0
2024-06-27,TCS.NS,103234.0
2024-06-28,TCS.NS,102447.0
2024-07-01,TCS.NS,104390.0
2024-07-02,TCS.NS,105419.0
2024-07-03,TCS.NS,104050.0
2024-07-04,TCS.NS,105512.0
2024-07-05,TCS.NS,105272.0
2024-07-08,TCS.NS,104784.0
2024-07-09,TCS.NS,104582.0
2024-07-10,TCS.NS,102578.0
2024-07-11,TCS.NS,102960.0
2024-07-12,TCS.NS,109789.0
2024-07-15,TCS.NS,109402.0
2024-07-16,TCS.NS,109645.0
2024-07-18,TCS.NS,113242.0
2024-07-19,TCS.NS,112897.0
2024-07-22,TCS.NS,112502.0
2024-07-23,TCS.NS,112896.0
2024-07-24,TCS.NS,112998.0
2024-07-25,TCS.NS,113425.0
2024-07-26,TCS.NS,115139.0
2024-07-29,TCS.NS,114962.0
2024-07-30,TCS.NS,114549.0
2024-07-31,TCS.NS,115074.0
2024-08-01,TCS.NS,115382.0
2024-08-02,TCS.NS,112389.0
2024-08-05,TCS.NS,109031.0
2024-08-06,TCS.NS,109454.0
2024-08-07,TCS.NS,110222.0
2024-08-08,TCS.NS,109490.0
2024-08-09,TCS.NS,110965.0
2024-08-12,TCS.NS,110096.0
2024-08-13,TCS.NS,110130.0
2024-08-14,TCS.NS,112710.0
2024-08-16,TCS.NS,115879.0
2024-08-19,TCS.NS,117820.0
2024-08-20,TCS.NS,118694.0
2024-08-21,TCS.NS,119434.0
2024-08-22,TCS.NS,118135.0
2024-08-23,TCS.NS,117135.0
2024-08-26,TCS.NS,118147.0
2024-08-27,TCS.NS,118008.0
2024-08-28,TCS.NS,118241.0
2024-08-29,TCS.NS,118392.0
2024-08-30,TCS.NS,119493.0
2024-09-02,TCS.NS,118635.0
2024-09-03,TCS.NS,118406.0
2024-09-04,TCS.NS,117538.0
2024-09-05,TCS.NS,117451.0
2024-09-06,TCS.NS,116947.0
2024-09-09,TCS.NS,116759.0
2024-09-10,TCS.NS,118288.0
2024-09-11,TCS.NS,117540.0
2024-09-12,TCS.NS,118547.0
2024-09-13,TCS.NS,118675.0
2024-09-16,TCS.NS,118430.0
2024-09-17,TCS.NS,118231.0
2024-09-18,TCS.NS,114045.0
2024-09-19,TCS.NS,112733.0
2024-09-20,TCS.NS,112438.0
2024-09-23,TCS.NS,112008.0
2024-09-24,TCS.NS,112081.0
2024-09-25,TCS.NS,112172.0
2024-09-26,TCS.NS,112637.0
2024-09-27,TCS.NS,113063.0
2024-09-30,TCS.NS,112008.0
2024-10-01,TCS.NS,112517.0
2024-10-03,TCS.NS,111070.0
2024-10-04,TCS.NS,111581.0
2024-10-07,TCS.NS,112122.0
2024-10-08,TCS.NS,111607.0
2024-10-09,TCS.NS,111600.0
2024-10-10,TCS.NS,110929.0
2024-10-11,TCS.NS,108877.0
2024-10-14,TCS.NS,108548.0
2024-10-15,TCS.NS,108027.0
2024-10-16,TCS.NS,107454.0
2024-10-17,TCS.NS,107822.0
2024-10-18,TCS.NS,108191.0
2024-10-21,TCS.NS,107057.0
2024-10-22,TCS.NS,105369.0
2024-10-23,TCS.NS,106701.0
2024-10-24,TCS.NS,106219.0
2024-10-25,TCS.NS,106472.0
2024-10-28,TCS.NS,107346.0
2024-10-29,TCS.NS,106937.0
2024-10-30,TCS.NS,107183.0
2024-10-31,TCS.NS,104134.0
2024-11-01,TCS.NS,104547.0
2024-11-04,TCS.NS,104021.0
2024-11-05,TCS.NS,104210.0
2024-11-06,TCS.NS,108627.0
2024-11-07,TCS.NS,108922.0
2024-11-08,TCS.NS,108819.0
2024-11-11,TCS.NS,110176.0
2024-11-12,TCS.NS,110142.0
2024-11-13,TCS.NS,108907.0
2024-11-14,TCS.NS,108791.0
2024-11-18,TCS.NS,105474.0
2024-11-19,TCS.NS,106000.0
2024-11-21,TCS.NS,106874.0
2024-11-22,TCS.NS,111381.0
2024-11-25,TCS.NS,113230.0
2024-11-26,TCS.NS,114217.0
2024-11-27,TCS.NS,113688.0
2024-11-28,TCS.NS,111388.0
2024-11-29,TCS.NS,112069.0
2024-12-02,TCS.NS,112222.0
2024-12-03,TCS.NS,112906.0
2024-12-04,TCS.NS,114262.0
2024-12-05,TCS.NS,117139.0
2024-12-06,TCS.NS,116652.0
2024-12-09,TCS.NS,116827.0
2024-12-10,TCS.NS,116312.0
2024-12-11,TCS.NS,116179.0
2024-12-12,TCS.NS,116900.0
2024-12-13,TCS.NS,117397.0
2024-12-16,TCS.NS,115857.0
2024-12-17,TCS.NS,113582.0
2024-12-18,TCS.NS,114090.0
2024-12-19,TCS.NS,112097.0
2024-12-20,TCS.NS,109431.0
2024-12-23,TCS.NS,109116.0
2024-12-24,TCS.NS,109672.0
2024-12-26,TCS.NS,109399.0
2024-12-27,TCS.NS,109288.0
2024-12-30,TCS.NS,109129.0
2024-12-31,TCS.NS,107450.0
2025-01-01,TCS.NS,107913.0
2025-01-02,TCS.NS,109574.0
2025-01-03,TCS.NS,107584.0
2025-01-06,TCS.NS,107455.0
2025-01-07,TCS.NS,105705.0
2025-01-08,TCS.NS,107807.0
2025-01-09,TCS.NS,105982.0
2025-01-10,TCS.NS,111933.0
2025-01-13,TCS.NS,112601.0
2025-01-14,TCS.NS,111077.0
2025-01-15,TCS.NS,111512.0
2025-01-16,TCS.NS,110375.0
2025-01-17,TCS.NS,108224.0
2025-01-20,TCS.NS,107004.0
2025-01-21,TCS.NS,105903.0
2025-01-22,TCS.NS,109071.0
2025-01-23,TCS.NS,108779.0
2025-01-24,TCS.NS,108960.0
2025-01-27,TCS.NS,106672.0
2025-01-28,TCS.NS,106020.0
2025-01-29,TCS.NS,107581.0
2025-01-30,TCS.NS,107587.0
2025-01-31,TCS.NS,107912.0
2025-02-01,TCS.NS,106882.0
2025-02-03,TCS.NS,106763.0
2025-02-04,TCS.NS,107771.0
2025-02-05,TCS.NS,107353.0
2025-02-06,TCS.NS,107133.0
2025-02-07,TCS.NS,105734.0
2025-02-10,TCS.NS,105932.0
2025-02-11,TCS.NS,104006.0
2025-02-12,TCS.NS,103654.0
2025-02-13,TCS.NS,102604.0
2025-02-14,TCS.NS,103253.0
2025-02-17,TCS.NS,102456.0
2025-02-18,TCS.NS,101635.0
2025-02-19,TCS.NS,99297.0
2025-02-20,TCS.NS,99173.0
2025-02-21,TCS.NS,99347.0
2025-02-24,TCS.NS,96450.0
2025-02-25,TCS.NS,95241.0
2025-02-27,TCS.NS,94795.0
2025-02-28,TCS.NS,91402.0
2025-03-03,TCS.NS,91659.0
2025-03-04,TCS.NS,92683.0
2025-03-05,TCS.NS,93076.0
2025-03-06,TCS.NS,94508.0
2025-03-07,TCS.NS,94760.0
2025-03-10,TCS.NS,94194.0
2025-03-11,TCS.NS,93818.0
2025-03-12,TCS.NS,92005.0
2025-03-13,TCS.NS,92132.0
2025-03-17,TCS.NS,91781.0
2025-03-18,TCS.NS,91781.0
2025-03-19,TCS.NS,91766.0
2025-03-20,TCS.NS,93499.0
2025-03-21,TCS.NS,93891.0
2025-03-24,TCS.NS,95226.0
2025-03-25,TCS.NS,95981.0
2025-03-26,TCS.NS,95405.0
2025-03-27,TCS.NS,95809.0
2025-03-28,TCS.NS,94627.0
2025-04-01,TCS.NS,93175.0
2025-04-02,TCS.NS,92995.0
2025-04-03,TCS.NS,89300.0
2025-04-04,TCS.NS,86578.0
2025-04-07,TCS.NS,85913.0
2025-04-08,TCS.NS,86409.0
2025-04-09,TCS.NS,85192.0
2025-04-11,TCS.NS,84796.0
2025-04-15,TCS.NS,85234.0
2025-04-16,TCS.NS,85906.0
2025-04-17,TCS.NS,86565.0
2025-04-21,TCS.NS,87161.0
2025-04-22,TCS.NS,86972.0
2025-04-23,TCS.NS,89559.0
2025-04-24,TCS.NS,89260.0
2025-04-25,TCS.NS,90477.0
2025-04-28,TCS.NS,90359.0
2025-04-29,TCS.NS,91120.0
2025-04-30,TCS.NS,90627.0
2025-05-02,TCS.NS,90031.0
2025-05-05,TCS.NS,90643.0
2025-05-06,TCS.NS,90792.0
2025-05-07,TCS.NS,90401.0
2025-05-08,TCS.NS,90501.0
2025-05-09,TCS.NS,90275.0
2025-05-12,TCS.NS,95001.0
2025-05-13,TCS.NS,92235.0
2025-05-14,TCS.NS,93120.0
2025-05-15,TCS.NS,93938.0
2025-05-16,TCS.NS,93450.0
2025-05-19,TCS.NS,92335.0
2025-05-20,TCS.NS,91797.0
2025-05-21,TCS.NS,92519.0
2025-05-22,TCS.NS,91238.0
2025-05-23,TCS.NS,92225.0
2025-05-26,TCS.NS,92821.0
2025-05-27,TCS.NS,91808.0
2025-05-28,TCS.NS,91781.0
2025-05-29,TCS.NS,91792.0
2025-05-30,TCS.NS,90881.0
2025-06-02,TCS.NS,90525.0
2025-06-03,TCS.NS,89354.0
2025-06-04,TCS.NS,88717.0
2025-06-05,TCS.NS,88459.0
2025-06-06,TCS.NS,88803.0
2025-06-09,TCS.NS,89792.0
2025-06-10,TCS.NS,90868.0
2025-06-11,TCS.NS,91104.0
2025-06-12,TCS.NS,90115.0
2025-06-13,TCS.NS,90417.0
2025-06-16,TCS.NS,91745.0
2025-06-17,TCS.NS,92243.0
2025-06-18,TCS.NS,90567.0
2025-06-19,TCS.NS,89848.0
2025-06-20,TCS.NS,90155.0
2025-06-23,TCS.NS,89050.0
2025-06-24,TCS.NS,88966.0
2025-06-25,TCS.NS,90393.0
2025-06-26,TCS.NS,90315.0
2025-06-27,TCS.NS,90296.0
2025-06-30,TCS.NS,90845.0
2025-07-01,TCS.NS,89997.0
2025-07-02,TCS.NS,89829.0
2025-07-03,TCS.NS,89239.0
2025-07-04,TCS.NS,89737.0
2025-07-07,TCS.NS,89525.0
2025-07-08,TCS.NS,89380.0
2025-07-09,TCS.NS,88793.0
2025-07-10,TCS.NS,88745.0
2025-07-11,TCS.NS,85702.0
2025-07-14,TCS.NS,84565.0
2025-07-15,TCS.NS,85342.0
2025-07-16,TCS.NS,84838.0
2025-07-17,TCS.NS,84211.0
2025-07-18,TCS.NS,83705.0
2025-07-21,TCS.NS,82873.0
2025-07-22,TCS.NS,82910.0
2025-07-23,TCS.NS,83421.0
2025-07-24,TCS.NS,82605.0
2025-07-25,TCS.NS,82285.0
2025-07-28,TCS.NS,80802.0
2025-07-29,TCS.NS,80191.0
2025-07-30,TCS.NS,80128.0
2025-07-31,TCS.NS,79687.0
2025-08-01,TCS.NS,78800.0
2025-08-04,TCS.NS,80674.0
2025-08-05,TCS.NS,80398.0
2025-08-06,TCS.NS,79569.0
2025-08-07,TCS.NS,79955.0
2025-08-08,TCS.NS,79677.0
2025-08-11,TCS.NS,79792.0
2025-08-12,TCS.NS,79650.0
2025-08-13,TCS.NS,79671.0
2025-08-14,TCS.NS,79307.0
2025-08-18,TCS.NS,79015.0
2025-08-19,TCS.NS,79147.0
2025-08-20,TCS.NS,81309.0
2025-08-21,TCS.NS,81414.0
2025-08-22,TCS.NS,80139.0
2025-08-25,TCS.NS,82411.0
2025-08-26,TCS.NS,82847.0
2025-08-28,TCS.NS,81180.0
2025-08-29,TCS.NS,80944.0
2025-09-01,TCS.NS,81676.0
2025-09-02,TCS.NS,81647.0
2025-09-03,TCS.NS,81280.0
2025-09-04,TCS.NS,81233.0
2025-09-05,TCS.NS,79989.0
2025-09-08,TCS.NS,79220.0
2025-09-09,TCS.NS,80018.0
2025-09-10,TCS.NS,81608.0
2025-09-11,TCS.NS,81981.0
2025-09-12,TCS.NS,82222.0
2025-09-15,TCS.NS,81658.0
2025-09-16,TCS.NS,82545.0
2025-09-17,TCS.NS,83256.0
2025-09-18,TCS.NS,83358.0
2025-09-19,TCS.NS,83161.0
2025-09-22,TCS.NS,80658.0
2025-09-23,TCS.NS,80359.0
2025-09-24,TCS.NS,79650.0
2025-09-25,TCS.NS,77604.0
2025-09-26,TCS.NS,76074.0
2025-09-29,TCS.NS,75995.0
2025-09-30,TCS.NS,75793.0
2025-10-01,TCS.NS,76470.0
2025-10-03,TCS.NS,76147.0
2025-10-06,TCS.NS,78417.0
2025-10-07,TCS.NS,78031.0
2025-10-08,TCS.NS,79435.0
2025-10-09,TCS.NS,80341.0
2025-10-10,TCS.NS,79464.0
2025-10-13,TCS.NS,78910.0
2025-10-14,TCS.NS,77680.0
2025-10-15,TCS.NS,77929.0
2025-10-16,TCS.NS,77953.0
2025-10-17,TCS.NS,77730.0
2025-10-20,TCS.NS,79120.0
2025-10-21,TCS.NS,78897.0
2025-10-23,TCS.NS,80642.0
2025-10-24,TCS.NS,80380.0
2025-10-27,TCS.NS,80949.0
2025-10-28,TCS.NS,80241.0
2025-10-29,TCS.NS,80233.0
2025-10-30,TCS.NS,79648.0
2025-10-31,TCS.NS,80244.0
2025-11-03,TCS.NS,79162.0
2025-11-04,TCS.NS,78464.0
2025-11-06,TCS.NS,79008.0
2025-11-07,TCS.NS,78506.0
2025-11-10,TCS.NS,79383.0
2025-11-11,TCS.NS,79955.0
2025-11-12,TCS.NS,82180.0
2025-11-13,TCS.NS,81495.0
2025-11-14,TCS.NS,81503.0
2025-11-17,TCS.NS,81403.0
2025-11-18,TCS.NS,81007.0
2025-11-19,TCS.NS,82597.0
2025-11-20,TCS.NS,82521.0
2025-11-21,TCS.NS,82673.0
2025-11-24,TCS.NS,82427.0
2025-11-25,TCS.NS,81849.0
2025-11-26,TCS.NS,82996.0
2025-11-27,TCS.NS,82306.0
2025-11-28,TCS.NS,82330.0
2025-12-01,TCS.NS,82222.0
2025-12-02,TCS.NS,82282.0
2025-12-03,TCS.NS,83445.0
2025-12-04,TCS.NS,84736.0
2025-12-05,TCS.NS,84972.0
2025-12-08,TCS.NS,84927.0
2025-12-09,TCS.NS,84187.0
2025-12-10,TCS.NS,83686.0
2025-12-11,TCS.NS,83757.0
2025-12-12,TCS.NS,84508.0
2025-12-15,TCS.NS,84762.0
2025-12-16,TCS.NS,84103.0
2025-12-17,TCS.NS,84437.0
2025-12-18,TCS.NS,86090.0
2025-12-19,TCS.NS,86121.0
2025-12-22,TCS.NS,87247.0
2025-12-23,TCS.NS,86856.0
2025-12-24,TCS.NS,87092.0
2025-12-26,TCS.NS,86069.0
2025-12-29,TCS.NS,85321.0
2025-12-30,TCS.NS,85198.0
2025-12-31,TCS.NS,84132.0
2026-01-01,TCS.NS,84689.0
2026-01-02,TCS.NS,85300.0
2026-01-05,TCS.NS,84392.0
2026-01-06,TCS.NS,85434.0
2026-01-07,TCS.NS,86478.0
2026-01-08,TCS.NS,84072.0
2026-01-09,TCS.NS,84174.0
2026-01-12,TCS.NS,85009.0
2026-01-13,TCS.NS,85754.0
2026-01-14,TCS.NS,83773.0
2026-01-15,TCS.NS,83773.0
2026-01-16,TCS.NS,84145.0
2026-01-19,TCS.NS,83015.0
2026-01-20,TCS.NS,81406.0
2026-01-21,TCS.NS,81939.0
2026-01-22,TCS.NS,82668.0
2026-01-23,TCS.NS,82986.0
2026-01-27,TCS.NS,82868.0
2026-01-28,TCS.NS,83972.0
2026-01-29,TCS.NS,82511.0
2026-01-30,TCS.NS,81973.0
2026-02-02,TCS.NS,83172.0
2026-02-03,TCS.NS,84634.0
2026-02-04,TCS.NS,78698.0
2026-02-05,TCS.NS,78499.0
2026-02-06,TCS.NS,77189.0
2026-02-09,TCS.NS,77362.0
2026-02-10,TCS.NS,78317.0
2026-02-11,TCS.NS,76355.0
2026-02-12,TCS.NS,72164.0
2026-02-13,TCS.NS,70645.0
2026-02-16,TCS.NS,71023.0
2026-02-17,TCS.NS,71306.0
2026-02-18,TCS.NS,70716.0
2026-02-19,TCS.NS,70269.0
2026-02-20,TCS.NS,70487.0
2026-02-23,TCS.NS,70228.0
2026-02-24,TCS.NS,67535.0
2026-02-25,TCS.NS,68994.0
2026-02-26,TCS.NS,69477.0
2026-02-27,TCS.NS,69207.0
2026-03-02,TCS.NS,68580.0
2026-03-04,TCS.NS,67905.0
2026-03-05,TCS.NS,67669.0
2026-03-06,TCS.NS,67113.0
2026-03-09,TCS.NS,66320.0
2026-03-10,TCS.NS,65945.0
2026-03-11,TCS.NS,64680.0
2026-03-12,TCS.NS,64090.0
2026-03-13,TCS.NS,63253.0
2026-03-16,TCS.NS,63219.0
2026-03-17,TCS.NS,62759.0
2026-03-18,TCS.NS,64048.0
2026-03-19,TCS.NS,61823.0
2026-03-20,TCS.NS,62731.0
2026-03-23,TCS.NS,62552.0
2026-03-24,TCS.NS,62946.0
2026-03-25,TCS.NS,62384.0
2026-03-27,TCS.NS,62710.0
2026-03-30,TCS.NS,61899.0
2026-04-01,TCS.NS,63192.0
2026-04-02,TCS.NS,64308.0
2026-04-06,TCS.NS,64916.0
2026-04-07,TCS.NS,66646.0
2026-04-08,TCS.NS,67155.0
2026-04-09,TCS.NS,67937.0
2026-04-10,TCS.NS,66239.0
2026-04-13,TCS.NS,64882.0
2026-04-15,TCS.NS,67042.0
2026-04-16,TCS.NS,67619.0
2026-04-17,TCS.NS,67740.0
2026-04-20,TCS.NS,67690.0
2026-04-21,TCS.NS,68501.0
2026-04-22,TCS.NS,66612.0
2026-04-23,TCS.NS,66173.0
2026-04-24,TCS.NS,62896.0
2026-04-27,TCS.NS,64226.0
2026-04-28,TCS.NS,64150.0
2026-04-29,TCS.NS,64937.0
2026-04-30,TCS.NS,64916.0
2026-05-01,TCS.NS,64916.0
2026-05-04,TCS.NS,63799.0
2026-05-05,TCS.NS,63694.0
2026-05-06,TCS.NS,63906.0
2026-05-07,TCS.NS,63014.0
2026-05-08,TCS.NS,62830.0
2026-05-11,TCS.NS,62791.0
2026-05-12,TCS.NS,60361.0
2026-05-13,TCS.NS,59639.0
2026-05-14,TCS.NS,58936.0
2026-05-15,TCS.NS,59409.0
2026-05-18,TCS.NS,59912.0
2026-05-19,TCS.NS,61064.0
2026-05-20,TCS.NS,61072.0
2026-05-21,TCS.NS,61067.0
2026-05-22,TCS.NS,60807.0
2026-05-25,TCS.NS,60568.0
2026-05-26,TCS.NS,59729.0
2026-05-27,TCS.NS,59939.0
2026-05-28,TCS.NS,59939.0
2026-05-29,TCS.NS,59275.0
2026-06-01,TCS.NS,60285.0
2026-06-02,TCS.NS,64208.0
2026-06-03,TCS.NS,58823.0
2026-06-04,TCS.NS,58805.0
2026-06-05,TCS.NS,57700.0
2026-06-08,TCS.NS,56454.0
2026-06-09,TCS.NS,56443.0
2026-06-10,TCS.NS,56519.0
2026-06-11,TCS.NS,56039.0
2026-06-12,TCS.NS,56716.0
2026-06-15,TCS.NS,56732.0
2026-06-16,TCS.NS,57703.0
2026-06-17,TCS.NS,58333.0
2026-06-18,TCS.NS,57816.0
2026-06-19,TCS.NS,55761.0
2026-06-22,TCS.NS,55835.0
2026-06-23,TCS.NS,54045.0
2026-06-24,TCS.NS,55341.0
2026-06-25,TCS.NS,54966.0
2026-06-26,TCS.NS,54966.0
2026-06-29,TCS.NS,55050.0
2026-06-30,TCS.NS,53308.0
2026-07-01,TCS.NS,52024.0
2026-07-02,TCS.NS,54268.0
2026-07-03,TCS.NS,54935.0
2026-07-06,TCS.NS,53992.0
2026-07-07,TCS.NS,55003.0
2026-07-08,TCS.NS,53990.0
2026-07-09,TCS.NS,53780.0
2026-07-10,TCS.NS,54292.0
2026-07-13,TCS.NS,57244.0
2026-07-14,TCS.NS,57745.0
2026-07-15,TCS.NS,57446.0
2026-07-16,TCS.NS,57755.0
2026-07-17,TCS.NS,59540.0
2026-07-20,TCS.NS,59070.0
2026-07-21,TCS.NS,58283.0
2026-07-22,TCS.NS,57947.0
2026-07-23,TCS.NS,58855.0
2026-07-24,TCS.NS,59154.0
2026-07-27,TCS.NS,60238.0
2026-07-28,TCS.NS,62925.0
2026-07-29,TCS.NS,64200.0
2026-07-30,TCS.NS,63812.0
2026-07-31,TCS.NS,62075.0
2026-08-03,TCS.NS,64911.0
2026-08-04,TCS.NS,64552.0
2026-08-05,TCS.NS,63318.0
2026-08-06,TCS.NS,62269.0
2026-08-07,TCS.NS,64360.0
2026-08-10,TCS.NS,63652.0
2026-08-11,TCS.NS,64176.0
2026-08-12,TCS.NS,61657.0
2026-08-13,TCS.NS,62321.0
2026-08-14,TCS.NS,61954.0
2026-08-17,TCS.NS,60700.0
2026-08-18,TCS.NS,59828.0
2026-08-19,TCS.NS,60065.0
2026-08-20,TCS.NS,60301.0
2026-08-21,TCS.NS,60406.0
2026-08-24,TCS.NS,59936.0
2026-08-25,TCS.NS,60253.0
2026-08-26,TCS.NS,59566.0
2026-08-27,TCS.NS,58999.0
2026-08-28,TCS.NS,61455.0
2026-08-31,TCS.NS,62959.0
2026-09-01,TCS.NS,62164.0
2026-09-02,TCS.NS,61613.0
2026-09-03,TCS.NS,60881.0
2026-09-04,TCS.NS,60458.0
2026-09-07,TCS.NS,59566.0
2026-09-08,TCS.NS,59185.0
2026-09-09,TCS.NS,57939.0
2026-09-10,TCS.NS,57837.0
2026-09-11,TCS.NS,57750.0
2026-09-14,TCS.NS,57750.0
2026-09-15,TCS.NS,59067.0
2026-09-16,TCS.NS,57435.0
2026-09-17,TCS.NS,57467.0
2026-09-18,TCS.NS,55236.0
2026-09-21,TCS.NS,55858.0
2026-09-22,TCS.NS,55236.0
2026-09-23,TCS.NS,54832.0
2026-09-24,TCS.NS,54764.0
2026-09-25,TCS.NS,54633.0
2026-09-28,TCS.NS,54336.0
2026-09-29,TCS.NS,53331.0
2026-09-30,TCS.NS,53809.0
2026-10-01,TCS.NS,54449.0
2026-10-02,TCS.NS,54449.0
2026-10-05,TCS.NS,55483.0
2026-10-06,TCS.NS,55105.0
2021-10-06,TMPV.NS,100000.0
2021-10-07,TMPV.NS,112037.0
2021-10-08,TMPV.NS,113956.0
2021-10-11,TMPV.NS,123717.0
2021-10-12,TMPV.NS,125234.0
2021-10-13,TMPV.NS,150841.0
2021-10-14,TMPV.NS,148073.0
2021-10-18,TMPV.NS,151644.0
2021-10-19,TMPV.NS,143401.0
2021-10-20,TMPV.NS,144889.0
2021-10-21,TMPV.NS,151168.0
2021-10-22,TMPV.NS,146079.0
2021-10-25,TMPV.NS,142806.0
2021-10-26,TMPV.NS,151361.0
2021-10-27,TMPV.NS,148162.0
2021-10-28,TMPV.NS,143148.0
2021-10-29,TMPV.NS,143937.0
2021-11-01,TMPV.NS,144532.0
2021-11-02,TMPV.NS,145172.0
2021-11-03,TMPV.NS,144294.0
2021-11-04,TMPV.NS,145722.0
2021-11-08,TMPV.NS,149204.0
2021-11-09,TMPV.NS,151659.0
2021-11-10,TMPV.NS,151986.0
2021-11-11,TMPV.NS,149814.0
2021-11-12,TMPV.NS,150885.0
2021-11-15,TMPV.NS,150409.0
2021-11-16,TMPV.NS,154456.0
2021-11-17,TMPV.NS,157759.0
2021-11-18,TMPV.NS,151674.0
2021-11-22,TMPV.NS,144651.0
2021-11-23,TMPV.NS,147448.0
2021-11-24,TMPV.NS,145410.0
2021-11-25,TMPV.NS,146630.0
2021-11-26,TMPV.NS,136944.0
2021-11-29,TMPV.NS,137316.0
2021-11-30,TMPV.NS,136468.0
2021-12-01,TMPV.NS,141422.0
2021-12-02,TMPV.NS,142568.0
2021-12-03,TMPV.NS,142866.0
2021-12-06,TMPV.NS,139027.0
2021-12-07,TMPV.NS,143372.0
2021-12-08,TMPV.NS,146972.0
2021-12-09,TMPV.NS,146987.0
2021-12-10,TMPV.NS,147136.0
2021-12-13,TMPV.NS,147404.0
2021-12-14,TMPV.NS,145633.0
2021-12-15,TMPV.NS,146303.0
2021-12-16,TMPV.NS,146392.0
2021-12-17,TMPV.NS,139920.0
2021-12-20,TMPV.NS,133031.0
2021-12-21,TMPV.NS,134980.0
2021-12-22,TMPV.NS,140009.0
2021-12-23,TMPV.NS,140559.0
2021-12-24,TMPV.NS,139146.0
2021-12-27,TMPV.NS,140202.0
2021-12-28,TMPV.NS,142895.0
2021-12-29,TMPV.NS,141646.0
2021-12-30,TMPV.NS,139979.0
2021-12-31,TMPV.NS,143550.0
2022-01-03,TMPV.NS,148073.0
2022-01-04,TMPV.NS,145693.0
2022-01-05,TMPV.NS,145737.0
2022-01-06,TMPV.NS,145469.0
2022-01-07,TMPV.NS,145990.0
2022-01-10,TMPV.NS,149888.0
2022-01-11,TMPV.NS,149174.0
2022-01-12,TMPV.NS,150945.0
2022-01-13,TMPV.NS,152343.0
2022-01-14,TMPV.NS,151733.0
2022-01-17,TMPV.NS,156227.0
2022-01-18,TMPV.NS,152001.0
2022-01-19,TMPV.NS,154992.0
2022-01-20,TMPV.NS,153459.0
2022-01-21,TMPV.NS,149338.0
2022-01-24,TMPV.NS,142375.0
2022-01-25,TMPV.NS,145975.0
2022-01-27,TMPV.NS,147121.0
2022-01-28,TMPV.NS,147984.0
2022-01-31,TMPV.NS,154069.0
2022-02-01,TMPV.NS,150067.0
2022-02-02,TMPV.NS,150692.0
2022-02-03,TMPV.NS,150126.0
2022-02-04,TMPV.NS,148966.0
2022-02-07,TMPV.NS,147180.0
2022-02-08,TMPV.NS,146630.0
2022-02-09,TMPV.NS,149159.0
2022-02-10,TMPV.NS,151004.0
2022-02-11,TMPV.NS,148445.0
2022-02-14,TMPV.NS,140292.0
2022-02-15,TMPV.NS,149978.0
2022-02-16,TMPV.NS,148326.0
2022-02-17,TMPV.NS,148773.0
2022-02-18,TMPV.NS,146749.0
2022-02-21,TMPV.NS,147136.0
2022-02-22,TMPV.NS,142315.0
2022-02-23,TMPV.NS,141943.0
2022-02-24,TMPV.NS,127347.0
2022-02-25,TMPV.NS,136810.0
2022-02-28,TMPV.NS,135114.0
2022-03-02,TMPV.NS,133194.0
2022-03-03,TMPV.NS,130070.0
2022-03-04,TMPV.NS,124163.0
2022-03-07,TMPV.NS,117244.0
2022-03-08,TMPV.NS,116575.0
2022-03-09,TMPV.NS,120786.0
2022-03-10,TMPV.NS,124862.0
2022-03-11,TMPV.NS,124431.0
2022-03-14,TMPV.NS,122512.0
2022-03-15,TMPV.NS,123092.0
2022-03-16,TMPV.NS,126440.0
2022-03-17,TMPV.NS,129088.0
2022-03-21,TMPV.NS,127347.0
2022-03-22,TMPV.NS,131037.0
2022-03-23,TMPV.NS,129683.0
2022-03-24,TMPV.NS,128909.0
2022-03-25,TMPV.NS,128582.0
2022-03-28,TMPV.NS,128761.0
2022-03-29,TMPV.NS,129058.0
2022-03-30,TMPV.NS,129638.0
2022-03-31,TMPV.NS,129073.0
2022-04-01,TMPV.NS,131275.0
2022-04-04,TMPV.NS,132942.0
2022-04-05,TMPV.NS,136304.0
2022-04-06,TMPV.NS,135739.0
2022-04-07,TMPV.NS,133760.0
2022-04-08,TMPV.NS,134519.0
2022-04-11,TMPV.NS,134519.0
2022-04-12,TMPV.NS,130427.0
2022-04-13,TMPV.NS,128270.0
2022-04-18,TMPV.NS,129088.0
2022-04-19,TMPV.NS,126454.0
2022-04-20,TMPV.NS,131097.0
2022-04-21,TMPV.NS,133328.0
2022-04-22,TMPV.NS,130591.0
2022-04-25,TMPV.NS,126514.0
2022-04-26,TMPV.NS,129415.0
2022-04-27,TMPV.NS,128032.0
2022-04-28,TMPV.NS,129757.0
2022-04-29,TMPV.NS,130219.0
2022-05-02,TMPV.NS,128805.0
2022-05-04,TMPV.NS,126023.0
2022-05-05,TMPV.NS,126856.0
2022-05-06,TMPV.NS,121574.0
2022-05-09,TMPV.NS,120205.0
2022-05-10,TMPV.NS,116575.0
2022-05-11,TMPV.NS,115504.0
2022-05-12,TMPV.NS,110787.0
2022-05-13,TMPV.NS,120309.0
2022-05-16,TMPV.NS,120622.0
2022-05-17,TMPV.NS,126216.0
2022-05-18,TMPV.NS,123538.0
2022-05-19,TMPV.NS,118628.0
2022-05-20,TMPV.NS,124386.0
2022-05-23,TMPV.NS,125413.0
2022-05-24,TMPV.NS,126692.0
2022-05-25,TMPV.NS,124089.0
2022-05-26,TMPV.NS,125175.0
2022-05-27,TMPV.NS,127838.0
2022-05-30,TMPV.NS,131647.0
2022-05-31,TMPV.NS,131989.0
2022-06-01,TMPV.NS,132302.0
2022-06-02,TMPV.NS,130680.0
2022-06-03,TMPV.NS,128523.0
2022-06-06,TMPV.NS,128656.0
2022-06-07,TMPV.NS,129698.0
2022-06-08,TMPV.NS,129638.0
2022-06-09,TMPV.NS,127511.0
2022-06-10,TMPV.NS,127377.0
2022-06-13,TMPV.NS,121024.0
2022-06-14,TMPV.NS,120562.0
2022-06-15,TMPV.NS,123226.0
2022-06-16,TMPV.NS,116932.0
2022-06-17,TMPV.NS,115742.0
2022-06-20,TMPV.NS,113882.0
2022-06-21,TMPV.NS,118316.0
2022-06-22,TMPV.NS,116977.0
2022-06-23,TMPV.NS,121172.0
2022-06-24,TMPV.NS,121797.0
2022-06-27,TMPV.NS,123345.0
2022-06-28,TMPV.NS,124118.0
2022-06-29,TMPV.NS,124074.0
2022-06-30,TMPV.NS,122541.0
2022-07-01,TMPV.NS,122809.0
2022-07-04,TMPV.NS,121544.0
2022-07-05,TMPV.NS,122601.0
2022-07-06,TMPV.NS,123895.0
2022-07-07,TMPV.NS,128210.0
2022-07-08,TMPV.NS,131394.0
2022-07-11,TMPV.NS,130055.0
2022-07-12,TMPV.NS,128121.0
2022-07-13,TMPV.NS,127094.0
2022-07-14,TMPV.NS,127377.0
2022-07-15,TMPV.NS,130992.0
2022-07-18,TMPV.NS,134176.0
2022-07-19,TMPV.NS,133626.0
2022-07-20,TMPV.NS,134935.0
2022-07-21,TMPV.NS,135352.0
2022-07-22,TMPV.NS,135367.0
2022-07-25,TMPV.NS,133775.0
2022-07-26,TMPV.NS,131275.0
2022-07-27,TMPV.NS,132138.0
2022-07-28,TMPV.NS,131602.0
2022-07-29,TMPV.NS,133790.0
2022-08-01,TMPV.NS,142598.0
2022-08-02,TMPV.NS,141720.0
2022-08-03,TMPV.NS,139205.0
2022-08-04,TMPV.NS,139533.0
2022-08-05,TMPV.NS,138447.0
2022-08-08,TMPV.NS,139339.0
2022-08-10,TMPV.NS,141512.0
2022-08-11,TMPV.NS,141839.0
2022-08-12,TMPV.NS,142107.0
2022-08-16,TMPV.NS,145767.0
2022-08-17,TMPV.NS,144443.0
2022-08-18,TMPV.NS,144264.0
2022-08-19,TMPV.NS,140158.0
2022-08-22,TMPV.NS,135277.0
2022-08-23,TMPV.NS,137018.0
2022-08-24,TMPV.NS,137837.0
2022-08-25,TMPV.NS,136646.0
2022-08-26,TMPV.NS,138387.0
2022-08-29,TMPV.NS,134906.0
2022-08-30,TMPV.NS,140187.0
2022-09-01,TMPV.NS,138938.0
2022-09-02,TMPV.NS,137405.0
2022-09-05,TMPV.NS,136587.0
2022-09-06,TMPV.NS,136215.0
2022-09-07,TMPV.NS,132674.0
2022-09-08,TMPV.NS,131588.0
2022-09-09,TMPV.NS,132689.0
2022-09-12,TMPV.NS,134206.0
2022-09-13,TMPV.NS,135932.0
2022-09-14,TMPV.NS,133968.0
2022-09-15,TMPV.NS,133090.0
2022-09-16,TMPV.NS,128701.0
2022-09-19,TMPV.NS,126603.0
2022-09-20,TMPV.NS,129222.0
2022-09-21,TMPV.NS,127258.0
2022-09-22,TMPV.NS,128612.0
2022-09-23,TMPV.NS,125904.0
2022-09-26,TMPV.NS,118286.0
2022-09-27,TMPV.NS,118673.0
2022-09-28,TMPV.NS,118762.0
2022-09-29,TMPV.NS,119699.0
2022-09-30,TMPV.NS,120399.0
2022-10-03,TMPV.NS,118331.0
2022-10-04,TMPV.NS,121381.0
2022-10-06,TMPV.NS,123226.0
2022-10-07,TMPV.NS,122645.0
2022-10-10,TMPV.NS,117825.0
2022-10-11,TMPV.NS,117051.0
2022-10-12,TMPV.NS,118003.0
2022-10-13,TMPV.NS,118732.0
2022-10-14,TMPV.NS,117914.0
2022-10-17,TMPV.NS,117869.0
2022-10-18,TMPV.NS,120295.0
2022-10-19,TMPV.NS,118747.0
2022-10-20,TMPV.NS,118465.0
2022-10-21,TMPV.NS,118450.0
2022-10-24,TMPV.NS,119506.0
2022-10-25,TMPV.NS,120384.0
2022-10-27,TMPV.NS,121321.0
2022-10-28,TMPV.NS,121976.0
2022-10-31,TMPV.NS,122824.0
2022-11-01,TMPV.NS,125383.0
2022-11-02,TMPV.NS,125621.0
2022-11-03,TMPV.NS,123866.0
2022-11-04,TMPV.NS,126573.0
2022-11-07,TMPV.NS,129445.0
2022-11-09,TMPV.NS,128895.0
2022-11-10,TMPV.NS,122660.0
2022-11-11,TMPV.NS,126023.0
2022-11-14,TMPV.NS,129058.0
2022-11-15,TMPV.NS,130085.0
2022-11-16,TMPV.NS,128418.0
2022-11-17,TMPV.NS,125919.0
2022-11-18,TMPV.NS,126112.0
2022-11-21,TMPV.NS,125309.0
2022-11-22,TMPV.NS,126380.0
2022-11-23,TMPV.NS,126187.0
2022-11-24,TMPV.NS,125993.0
2022-11-25,TMPV.NS,128909.0
2022-11-28,TMPV.NS,128924.0
2022-11-29,TMPV.NS,128895.0
2022-11-30,TMPV.NS,130754.0
2022-12-01,TMPV.NS,130412.0
2022-12-02,TMPV.NS,129564.0
2022-12-05,TMPV.NS,127585.0
2022-12-06,TMPV.NS,127094.0
2022-12-07,TMPV.NS,125011.0
2022-12-08,TMPV.NS,124148.0
2022-12-09,TMPV.NS,122988.0
2022-12-12,TMPV.NS,123241.0
2022-12-13,TMPV.NS,124535.0
2022-12-14,TMPV.NS,124356.0
2022-12-15,TMPV.NS,123999.0
2022-12-16,TMPV.NS,125458.0
2022-12-19,TMPV.NS,124386.0
2022-12-20,TMPV.NS,122154.0
2022-12-21,TMPV.NS,119804.0
2022-12-22,TMPV.NS,117378.0
2022-12-23,TMPV.NS,112587.0
2022-12-26,TMPV.NS,114507.0
2022-12-27,TMPV.NS,117289.0
2022-12-28,TMPV.NS,116441.0
2022-12-29,TMPV.NS,114834.0
2022-12-30,TMPV.NS,115444.0
2023-01-02,TMPV.NS,117483.0
2023-01-03,TMPV.NS,117215.0
2023-01-04,TMPV.NS,114745.0
2023-01-05,TMPV.NS,115132.0
2023-01-06,TMPV.NS,113674.0
2023-01-09,TMPV.NS,115891.0
2023-01-10,TMPV.NS,122869.0
2023-01-11,TMPV.NS,124446.0
2023-01-12,TMPV.NS,122675.0
2023-01-13,TMPV.NS,122452.0
2023-01-16,TMPV.NS,122898.0
2023-01-17,TMPV.NS,123583.0
2023-01-18,TMPV.NS,121530.0
2023-01-19,TMPV.NS,119253.0
2023-01-20,TMPV.NS,119967.0
2023-01-23,TMPV.NS,121530.0
2023-01-24,TMPV.NS,125621.0
2023-01-25,TMPV.NS,124699.0
2023-01-27,TMPV.NS,132599.0
2023-01-30,TMPV.NS,132019.0
2023-01-31,TMPV.NS,134534.0
2023-02-01,TMPV.NS,132912.0
2023-02-02,TMPV.NS,132361.0
2023-02-03,TMPV.NS,132555.0
2023-02-06,TMPV.NS,131528.0
2023-02-07,TMPV.NS,129579.0
2023-02-08,TMPV.NS,130963.0
2023-02-09,TMPV.NS,129966.0
2023-02-10,TMPV.NS,132674.0
2023-02-13,TMPV.NS,131245.0
2023-02-14,TMPV.NS,131097.0
2023-02-15,TMPV.NS,132168.0
2023-02-16,TMPV.NS,131409.0
2023-02-17,TMPV.NS,130903.0
2023-02-20,TMPV.NS,131826.0
2023-02-21,TMPV.NS,129891.0
2023-02-22,TMPV.NS,127793.0
2023-02-23,TMPV.NS,128909.0
2023-02-24,TMPV.NS,127288.0
2023-02-27,TMPV.NS,124371.0
2023-02-28,TMPV.NS,125190.0
2023-03-01,TMPV.NS,126767.0
2023-03-02,TMPV.NS,125115.0
2023-03-03,TMPV.NS,127362.0
2023-03-06,TMPV.NS,130963.0
2023-03-08,TMPV.NS,130725.0
2023-03-09,TMPV.NS,128612.0
2023-03-10,TMPV.NS,129698.0
2023-03-13,TMPV.NS,125696.0
2023-03-14,TMPV.NS,123985.0
2023-03-15,TMPV.NS,122407.0
2023-03-16,TMPV.NS,123702.0
2023-03-17,TMPV.NS,124684.0
2023-03-20,TMPV.NS,122229.0
2023-03-21,TMPV.NS,122764.0
2023-03-22,TMPV.NS,123821.0
2023-03-23,TMPV.NS,124728.0
2023-03-24,TMPV.NS,123940.0
2023-03-27,TMPV.NS,122616.0
2023-03-28,TMPV.NS,119506.0
2023-03-29,TMPV.NS,121768.0
2023-03-31,TMPV.NS,125219.0
2023-04-03,TMPV.NS,126246.0
2023-04-05,TMPV.NS,126931.0
2023-04-06,TMPV.NS,130234.0
2023-04-10,TMPV.NS,137271.0
2023-04-11,TMPV.NS,136498.0
2023-04-12,TMPV.NS,138521.0
2023-04-13,TMPV.NS,139711.0
2023-04-17,TMPV.NS,140500.0
2023-04-18,TMPV.NS,140753.0
2023-04-19,TMPV.NS,139682.0
2023-04-20,TMPV.NS,141884.0
2023-04-21,TMPV.NS,140217.0
2023-04-24,TMPV.NS,141408.0
2023-04-25,TMPV.NS,140917.0
2023-04-26,TMPV.NS,142300.0
2023-04-27,TMPV.NS,143312.0
2023-04-28,TMPV.NS,144309.0
2023-05-02,TMPV.NS,142910.0
2023-05-03,TMPV.NS,143937.0
2023-05-04,TMPV.NS,143074.0
2023-05-05,TMPV.NS,141973.0
2023-05-08,TMPV.NS,148936.0
2023-05-09,TMPV.NS,149874.0
2023-05-10,TMPV.NS,151614.0
2023-05-11,TMPV.NS,152239.0
2023-05-12,TMPV.NS,153534.0
2023-05-15,TMPV.NS,157968.0
2023-05-16,TMPV.NS,155081.0
2023-05-17,TMPV.NS,153400.0
2023-05-18,TMPV.NS,151302.0
2023-05-19,TMPV.NS,156212.0
2023-05-22,TMPV.NS,155483.0
2023-05-23,TMPV.NS,157268.0
2023-05-24,TMPV.NS,154798.0
2023-05-25,TMPV.NS,153206.0
2023-05-26,TMPV.NS,154278.0
2023-05-29,TMPV.NS,155170.0
2023-05-30,TMPV.NS,154382.0
2023-05-31,TMPV.NS,156614.0
2023-06-01,TMPV.NS,159262.0
2023-06-02,TMPV.NS,159470.0
2023-06-05,TMPV.NS,162550.0
2023-06-06,TMPV.NS,165377.0
2023-06-07,TMPV.NS,169008.0
2023-06-08,TMPV.NS,166553.0
2023-06-09,TMPV.NS,167326.0
2023-06-12,TMPV.NS,167877.0
2023-06-13,TMPV.NS,167297.0
2023-06-14,TMPV.NS,169707.0
2023-06-15,TMPV.NS,169156.0
2023-06-16,TMPV.NS,169558.0
2023-06-19,TMPV.NS,168442.0
2023-06-20,TMPV.NS,173560.0
2023-06-21,TMPV.NS,173010.0
2023-06-22,TMPV.NS,169424.0
2023-06-23,TMPV.NS,166538.0
2023-06-26,TMPV.NS,168978.0
2023-06-27,TMPV.NS,170540.0
2023-06-28,TMPV.NS,174572.0
2023-06-30,TMPV.NS,177221.0
2023-07-03,TMPV.NS,175807.0
2023-07-04,TMPV.NS,176001.0
2023-07-05,TMPV.NS,175048.0
2023-07-06,TMPV.NS,178783.0
2023-07-07,TMPV.NS,183961.0
2023-07-10,TMPV.NS,184095.0
2023-07-11,TMPV.NS,187026.0
2023-07-12,TMPV.NS,184928.0
2023-07-13,TMPV.NS,184690.0
2023-07-14,TMPV.NS,185954.0
2023-07-17,TMPV.NS,184050.0
2023-07-18,TMPV.NS,182146.0
2023-07-19,TMPV.NS,184675.0
2023-07-20,TMPV.NS,184987.0
2023-07-21,TMPV.NS,186207.0
2023-07-24,TMPV.NS,187249.0
2023-07-25,TMPV.NS,190284.0
2023-07-26,TMPV.NS,190775.0
2023-07-27,TMPV.NS,191549.0
2023-07-28,TMPV.NS,189049.0
2023-07-31,TMPV.NS,191727.0
2023-08-01,TMPV.NS,191534.0
2023-08-02,TMPV.NS,185285.0
2023-08-03,TMPV.NS,184184.0
2023-08-04,TMPV.NS,183008.0
2023-08-07,TMPV.NS,181372.0
2023-08-08,TMPV.NS,180717.0
2023-08-09,TMPV.NS,185255.0
2023-08-10,TMPV.NS,183976.0
2023-08-11,TMPV.NS,182056.0
2023-08-14,TMPV.NS,180732.0
2023-08-16,TMPV.NS,184124.0
2023-08-17,TMPV.NS,182637.0
2023-08-18,TMPV.NS,183247.0
2023-08-21,TMPV.NS,184645.0
2023-08-22,TMPV.NS,184556.0
2023-08-23,TMPV.NS,182681.0
2023-08-24,TMPV.NS,181803.0
2023-08-25,TMPV.NS,180062.0
2023-08-28,TMPV.NS,179259.0
2023-08-29,TMPV.NS,180673.0
2023-08-30,TMPV.NS,180196.0
2023-08-31,TMPV.NS,178842.0
2023-09-01,TMPV.NS,181878.0
2023-09-04,TMPV.NS,181223.0
2023-09-05,TMPV.NS,181863.0
2023-09-06,TMPV.NS,181595.0
2023-09-07,TMPV.NS,182979.0
2023-09-08,TMPV.NS,186654.0
2023-09-11,TMPV.NS,188915.0
2023-09-12,TMPV.NS,184734.0
2023-09-13,TMPV.NS,186252.0
2023-09-14,TMPV.NS,185865.0
2023-09-15,TMPV.NS,188737.0
2023-09-18,TMPV.NS,190641.0
2023-09-20,TMPV.NS,190001.0
2023-09-21,TMPV.NS,186594.0
2023-09-22,TMPV.NS,184630.0
2023-09-25,TMPV.NS,184110.0
2023-09-26,TMPV.NS,184437.0
2023-09-27,TMPV.NS,184541.0
2023-09-28,TMPV.NS,182741.0
2023-09-29,TMPV.NS,187532.0
2023-10-03,TMPV.NS,184630.0
2023-10-04,TMPV.NS,182592.0
2023-10-05,TMPV.NS,184377.0
2023-10-06,TMPV.NS,185225.0
2023-10-09,TMPV.NS,183708.0
2023-10-10,TMPV.NS,187636.0
2023-10-11,TMPV.NS,188662.0
2023-10-12,TMPV.NS,189540.0
2023-10-13,TMPV.NS,198512.0
2023-10-16,TMPV.NS,198244.0
2023-10-17,TMPV.NS,195120.0
2023-10-18,TMPV.NS,198929.0
2023-10-19,TMPV.NS,199018.0
2023-10-20,TMPV.NS,197352.0
2023-10-23,TMPV.NS,192635.0
2023-10-25,TMPV.NS,189808.0
2023-10-26,TMPV.NS,186445.0
2023-10-27,TMPV.NS,190760.0
2023-10-30,TMPV.NS,187026.0
2023-10-31,TMPV.NS,187070.0
2023-11-01,TMPV.NS,186788.0
2023-11-02,TMPV.NS,189391.0
2023-11-03,TMPV.NS,192680.0
2023-11-06,TMPV.NS,192248.0
2023-11-07,TMPV.NS,191936.0
2023-11-08,TMPV.NS,191207.0
2023-11-09,TMPV.NS,193230.0
2023-11-10,TMPV.NS,193736.0
2023-11-13,TMPV.NS,194391.0
2023-11-15,TMPV.NS,199836.0
2023-11-16,TMPV.NS,202470.0
2023-11-17,TMPV.NS,202812.0
2023-11-20,TMPV.NS,200655.0
2023-11-21,TMPV.NS,202857.0
2023-11-22,TMPV.NS,202708.0
2023-11-23,TMPV.NS,202336.0
2023-11-24,TMPV.NS,200476.0
2023-11-28,TMPV.NS,207558.0
2023-11-29,TMPV.NS,211977.0
2023-11-30,TMPV.NS,210207.0
2023-12-01,TMPV.NS,209924.0
2023-12-04,TMPV.NS,209969.0
2023-12-05,TMPV.NS,210966.0
2023-12-06,TMPV.NS,214983.0
2023-12-07,TMPV.NS,214834.0
2023-12-08,TMPV.NS,212632.0
2023-12-11,TMPV.NS,214492.0
2023-12-12,TMPV.NS,212885.0
2023-12-13,TMPV.NS,214343.0
2023-12-14,TMPV.NS,214179.0
2023-12-15,TMPV.NS,217944.0
2023-12-18,TMPV.NS,217468.0
2023-12-19,TMPV.NS,216917.0
2023-12-20,TMPV.NS,209865.0
2023-12-21,TMPV.NS,210936.0
2023-12-22,TMPV.NS,215652.0
2023-12-26,TMPV.NS,214120.0
2023-12-27,TMPV.NS,220473.0
2023-12-28,TMPV.NS,224342.0
2023-12-29,TMPV.NS,232093.0
2024-01-01,TMPV.NS,235263.0
2024-01-02,TMPV.NS,233418.0
2024-01-03,TMPV.NS,232540.0
2024-01-04,TMPV.NS,236795.0
2024-01-05,TMPV.NS,235367.0
2024-01-08,TMPV.NS,234816.0
2024-01-09,TMPV.NS,238000.0
2024-01-10,TMPV.NS,240574.0
2024-01-11,TMPV.NS,242717.0
2024-01-12,TMPV.NS,242955.0
2024-01-15,TMPV.NS,241765.0
2024-01-16,TMPV.NS,243669.0
2024-01-17,TMPV.NS,239711.0
2024-01-18,TMPV.NS,243729.0
2024-01-19,TMPV.NS,245068.0
2024-01-23,TMPV.NS,238194.0
2024-01-24,TMPV.NS,241303.0
2024-01-25,TMPV.NS,241586.0
2024-01-29,TMPV.NS,250260.0
2024-01-30,TMPV.NS,255572.0
2024-01-31,TMPV.NS,263116.0
2024-02-01,TMPV.NS,261419.0
2024-02-02,TMPV.NS,261494.0
2024-02-05,TMPV.NS,275792.0
2024-02-06,TMPV.NS,279586.0
2024-02-07,TMPV.NS,277875.0
2024-02-08,TMPV.NS,275048.0
2024-02-09,TMPV.NS,272281.0
2024-02-12,TMPV.NS,271269.0
2024-02-13,TMPV.NS,269871.0
2024-02-14,TMPV.NS,273263.0
2024-02-15,TMPV.NS,273932.0
2024-02-16,TMPV.NS,279304.0
2024-02-19,TMPV.NS,277518.0
2024-02-20,TMPV.NS,275658.0
2024-02-21,TMPV.NS,274081.0
2024-02-22,TMPV.NS,277429.0
2024-02-23,TMPV.NS,278947.0
2024-02-26,TMPV.NS,278813.0
2024-02-27,TMPV.NS,286475.0
2024-02-28,TMPV.NS,285092.0
2024-02-29,TMPV.NS,282756.0
2024-03-01,TMPV.NS,290850.0
2024-03-04,TMPV.NS,293766.0
2024-03-05,TMPV.NS,304092.0
2024-03-06,TMPV.NS,302827.0
2024-03-07,TMPV.NS,309269.0
2024-03-11,TMPV.NS,305907.0
2024-03-12,TMPV.NS,302485.0
2024-03-13,TMPV.NS,289600.0
2024-03-14,TMPV.NS,287978.0
2024-03-15,TMPV.NS,281461.0
2024-03-18,TMPV.NS,289377.0
2024-03-19,TMPV.NS,285002.0
2024-03-20,TMPV.NS,279854.0
2024-03-21,TMPV.NS,287130.0
2024-03-22,TMPV.NS,291564.0
2024-03-26,TMPV.NS,293468.0
2024-03-27,TMPV.NS,291222.0
2024-03-28,TMPV.NS,295432.0
2024-04-01,TMPV.NS,295269.0
2024-04-02,TMPV.NS,298959.0
2024-04-03,TMPV.NS,300298.0
2024-04-04,TMPV.NS,301027.0
2024-04-05,TMPV.NS,299688.0
2024-04-08,TMPV.NS,301503.0
2024-04-09,TMPV.NS,300104.0
2024-04-10,TMPV.NS,301592.0
2024-04-12,TMPV.NS,303080.0
2024-04-15,TMPV.NS,297218.0
2024-04-16,TMPV.NS,295432.0
2024-04-18,TMPV.NS,289049.0
2024-04-19,TMPV.NS,286624.0
2024-04-22,TMPV.NS,289704.0
2024-04-23,TMPV.NS,293632.0
2024-04-24,TMPV.NS,295090.0
2024-04-25,TMPV.NS,297947.0
2024-04-26,TMPV.NS,297426.0
2024-04-29,TMPV.NS,297753.0
2024-04-30,TMPV.NS,299926.0
2024-05-02,TMPV.NS,305847.0
2024-05-03,TMPV.NS,301562.0
2024-05-06,TMPV.NS,302395.0
2024-05-07,TMPV.NS,294168.0
2024-05-08,TMPV.NS,301175.0
2024-05-09,TMPV.NS,306591.0
2024-05-10,TMPV.NS,311457.0
2024-05-13,TMPV.NS,285597.0
2024-05-14,TMPV.NS,287056.0
2024-05-15,TMPV.NS,281893.0
2024-05-16,TMPV.NS,278649.0
2024-05-17,TMPV.NS,281416.0
2024-05-21,TMPV.NS,283083.0
2024-05-22,TMPV.NS,281952.0
2024-05-23,TMPV.NS,286371.0
2024-05-24,TMPV.NS,285835.0
2024-05-27,TMPV.NS,285225.0
2024-05-28,TMPV.NS,281967.0
2024-05-29,TMPV.NS,280792.0
2024-05-30,TMPV.NS,274944.0
2024-05-31,TMPV.NS,274662.0
2024-06-03,TMPV.NS,282830.0
2024-06-04,TMPV.NS,268978.0
2024-06-05,TMPV.NS,276730.0
2024-06-06,TMPV.NS,279200.0
2024-06-07,TMPV.NS,288796.0
2024-06-10,TMPV.NS,290180.0
2024-06-11,TMPV.NS,293736.0
2024-06-12,TMPV.NS,294212.0
2024-06-13,TMPV.NS,293364.0
2024-06-14,TMPV.NS,295611.0
2024-06-18,TMPV.NS,293379.0
2024-06-19,TMPV.NS,290835.0
2024-06-20,TMPV.NS,291103.0
2024-06-21,TMPV.NS,286207.0
2024-06-24,TMPV.NS,285092.0
2024-06-25,TMPV.NS,284184.0
2024-06-26,TMPV.NS,283247.0
2024-06-27,TMPV.NS,289272.0
2024-06-28,TMPV.NS,294525.0
2024-07-01,TMPV.NS,298185.0
2024-07-02,TMPV.NS,292010.0
2024-07-03,TMPV.NS,290329.0
2024-07-04,TMPV.NS,297039.0
2024-07-05,TMPV.NS,295685.0
2024-07-08,TMPV.NS,298348.0
2024-07-09,TMPV.NS,302024.0
2024-07-10,TMPV.NS,299211.0
2024-07-11,TMPV.NS,303764.0
2024-07-12,TMPV.NS,302559.0
2024-07-15,TMPV.NS,304850.0
2024-07-16,TMPV.NS,303868.0
2024-07-18,TMPV.NS,304880.0
2024-07-19,TMPV.NS,294599.0
2024-07-22,TMPV.NS,298512.0
2024-07-23,TMPV.NS,298110.0
2024-07-24,TMPV.NS,305818.0
2024-07-25,TMPV.NS,324639.0
2024-07-26,TMPV.NS,332778.0
2024-07-29,TMPV.NS,334474.0
2024-07-30,TMPV.NS,345737.0
2024-07-31,TMPV.NS,344190.0
2024-08-01,TMPV.NS,340545.0
2024-08-02,TMPV.NS,326335.0
2024-08-05,TMPV.NS,302470.0
2024-08-06,TMPV.NS,301666.0
2024-08-07,TMPV.NS,305103.0
2024-08-08,TMPV.NS,309999.0
2024-08-09,TMPV.NS,317840.0
2024-08-12,TMPV.NS,320235.0
2024-08-13,TMPV.NS,313480.0
2024-08-14,TMPV.NS,316129.0
2024-08-16,TMPV.NS,326841.0
2024-08-19,TMPV.NS,323672.0
2024-08-20,TMPV.NS,323434.0
2024-08-21,TMPV.NS,322928.0
2024-08-22,TMPV.NS,317944.0
2024-08-23,TMPV.NS,322913.0
2024-08-26,TMPV.NS,325071.0
2024-08-27,TMPV.NS,320562.0
2024-08-28,TMPV.NS,319759.0
2024-08-29,TMPV.NS,333775.0
2024-08-30,TMPV.NS,330710.0
2024-09-02,TMPV.NS,325145.0
2024-09-03,TMPV.NS,322898.0
2024-09-04,TMPV.NS,321515.0
2024-09-05,TMPV.NS,318152.0
2024-09-06,TMPV.NS,312260.0
2024-09-09,TMPV.NS,309091.0
2024-09-10,TMPV.NS,308228.0
2024-09-11,TMPV.NS,290522.0
2024-09-12,TMPV.NS,293453.0
2024-09-13,TMPV.NS,295224.0
2024-09-16,TMPV.NS,294123.0
2024-09-17,TMPV.NS,290121.0
2024-09-18,TMPV.NS,286282.0
2024-09-19,TMPV.NS,287755.0
2024-09-20,TMPV.NS,288900.0
2024-09-23,TMPV.NS,289183.0
2024-09-24,TMPV.NS,290820.0
2024-09-25,TMPV.NS,286743.0
2024-09-26,TMPV.NS,295536.0
2024-09-27,TMPV.NS,295492.0
2024-09-30,TMPV.NS,290031.0
2024-10-01,TMPV.NS,287219.0
2024-10-03,TMPV.NS,275465.0
2024-10-04,TMPV.NS,276968.0
2024-10-07,TMPV.NS,276105.0
2024-10-08,TMPV.NS,273709.0
2024-10-09,TMPV.NS,279467.0
2024-10-10,TMPV.NS,276298.0
2024-10-11,TMPV.NS,276953.0
2024-10-14,TMPV.NS,276224.0
2024-10-15,TMPV.NS,272965.0
2024-10-16,TMPV.NS,270034.0
2024-10-17,TMPV.NS,265318.0
2024-10-18,TMPV.NS,270838.0
2024-10-21,TMPV.NS,268799.0
2024-10-22,TMPV.NS,261717.0
2024-10-23,TMPV.NS,261167.0
2024-10-24,TMPV.NS,261866.0
2024-10-25,TMPV.NS,257194.0
2024-10-28,TMPV.NS,261405.0
2024-10-29,TMPV.NS,250781.0
2024-10-30,TMPV.NS,250022.0
2024-10-31,TMPV.NS,248192.0
2024-11-01,TMPV.NS,250989.0
2024-11-04,TMPV.NS,245231.0
2024-11-05,TMPV.NS,248668.0
2024-11-06,TMPV.NS,249874.0
2024-11-07,TMPV.NS,243937.0
2024-11-08,TMPV.NS,239682.0
2024-11-11,TMPV.NS,239458.0
2024-11-12,TMPV.NS,233552.0
2024-11-13,TMPV.NS,233968.0
2024-11-14,TMPV.NS,230412.0
2024-11-18,TMPV.NS,229698.0
2024-11-19,TMPV.NS,233061.0
2024-11-21,TMPV.NS,230278.0
2024-11-22,TMPV.NS,235382.0
2024-11-25,TMPV.NS,237048.0
2024-11-26,TMPV.NS,233001.0
2024-11-27,TMPV.NS,233284.0
2024-11-28,TMPV.NS,231945.0
2024-11-29,TMPV.NS,234028.0
2024-12-02,TMPV.NS,235099.0
2024-12-03,TMPV.NS,238432.0
2024-12-04,TMPV.NS,234519.0
2024-12-05,TMPV.NS,235843.0
2024-12-06,TMPV.NS,243059.0
2024-12-09,TMPV.NS,237688.0
2024-12-10,TMPV.NS,238030.0
2024-12-11,TMPV.NS,237792.0
2024-12-12,TMPV.NS,233998.0
2024-12-13,TMPV.NS,235173.0
2024-12-16,TMPV.NS,233537.0
2024-12-17,TMPV.NS,232034.0
2024-12-18,TMPV.NS,224877.0
2024-12-19,TMPV.NS,221411.0
2024-12-20,TMPV.NS,215459.0
2024-12-23,TMPV.NS,214909.0
2024-12-24,TMPV.NS,219045.0
2024-12-26,TMPV.NS,220443.0
2024-12-27,TMPV.NS,223330.0
2024-12-30,TMPV.NS,218316.0
2024-12-31,TMPV.NS,220250.0
2025-01-01,TMPV.NS,222958.0
2025-01-02,TMPV.NS,227660.0
2025-01-03,TMPV.NS,235203.0
2025-01-06,TMPV.NS,230992.0
2025-01-07,TMPV.NS,236051.0
2025-01-08,TMPV.NS,236557.0
2025-01-09,TMPV.NS,232138.0
2025-01-10,TMPV.NS,230516.0
2025-01-13,TMPV.NS,223479.0
2025-01-14,TMPV.NS,229281.0
2025-01-15,TMPV.NS,227228.0
2025-01-16,TMPV.NS,230427.0
2025-01-17,TMPV.NS,232034.0
2025-01-20,TMPV.NS,230427.0
2025-01-21,TMPV.NS,226380.0
2025-01-22,TMPV.NS,221024.0
2025-01-23,TMPV.NS,223925.0
2025-01-24,TMPV.NS,218450.0
2025-01-27,TMPV.NS,212186.0
2025-01-28,TMPV.NS,216709.0
2025-01-29,TMPV.NS,223925.0
2025-01-30,TMPV.NS,207365.0
2025-01-31,TMPV.NS,213093.0
2025-02-01,TMPV.NS,210251.0
2025-02-03,TMPV.NS,204568.0
2025-02-04,TMPV.NS,211442.0
2025-02-05,TMPV.NS,213376.0
2025-02-06,TMPV.NS,211174.0
2025-02-07,TMPV.NS,210311.0
2025-02-10,TMPV.NS,207112.0
2025-02-11,TMPV.NS,201681.0
2025-02-12,TMPV.NS,203645.0
2025-02-13,TMPV.NS,203497.0
2025-02-14,TMPV.NS,202544.0
2025-02-17,TMPV.NS,204315.0
2025-02-18,TMPV.NS,203065.0
2025-02-19,TMPV.NS,202648.0
2025-02-20,TMPV.NS,205267.0
2025-02-21,TMPV.NS,200327.0
2025-02-24,TMPV.NS,198854.0
2025-02-25,TMPV.NS,196875.0
2025-02-27,TMPV.NS,192992.0
2025-02-28,TMPV.NS,184690.0
2025-03-03,TMPV.NS,184839.0
2025-03-04,TMPV.NS,184258.0
2025-03-05,TMPV.NS,190686.0
2025-03-06,TMPV.NS,190344.0
2025-03-07,TMPV.NS,192918.0
2025-03-10,TMPV.NS,192873.0
2025-03-11,TMPV.NS,192843.0
2025-03-12,TMPV.NS,198869.0
2025-03-13,TMPV.NS,195060.0
2025-03-17,TMPV.NS,196712.0
2025-03-18,TMPV.NS,196712.0
2025-03-19,TMPV.NS,203020.0
2025-03-20,TMPV.NS,205341.0
2025-03-21,TMPV.NS,209180.0
2025-03-24,TMPV.NS,212320.0
2025-03-25,TMPV.NS,211367.0
2025-03-26,TMPV.NS,210757.0
2025-03-27,TMPV.NS,198944.0
2025-03-28,TMPV.NS,200699.0
2025-04-01,TMPV.NS,199926.0
2025-04-02,TMPV.NS,199940.0
2025-04-03,TMPV.NS,194599.0
2025-04-04,TMPV.NS,182666.0
2025-04-07,TMPV.NS,172519.0
2025-04-08,TMPV.NS,175227.0
2025-04-09,TMPV.NS,173456.0
2025-04-11,TMPV.NS,177072.0
2025-04-15,TMPV.NS,185151.0
2025-04-16,TMPV.NS,183321.0
2025-04-17,TMPV.NS,184958.0
2025-04-21,TMPV.NS,187487.0
2025-04-22,TMPV.NS,187725.0
2025-04-23,TMPV.NS,196370.0
2025-04-24,TMPV.NS,198884.0
2025-04-25,TMPV.NS,194986.0
2025-04-28,TMPV.NS,198825.0
2025-04-29,TMPV.NS,198066.0
2025-04-30,TMPV.NS,191713.0
2025-05-02,TMPV.NS,193156.0
2025-05-05,TMPV.NS,196861.0
2025-05-06,TMPV.NS,192888.0
2025-05-07,TMPV.NS,202440.0
2025-05-08,TMPV.NS,203199.0
2025-05-09,TMPV.NS,210832.0
2025-05-12,TMPV.NS,214492.0
2025-05-13,TMPV.NS,210594.0
2025-05-14,TMPV.NS,207990.0
2025-05-15,TMPV.NS,216664.0
2025-05-16,TMPV.NS,217438.0
2025-05-19,TMPV.NS,217081.0
2025-05-20,TMPV.NS,213927.0
2025-05-21,TMPV.NS,216277.0
2025-05-22,TMPV.NS,213495.0
2025-05-23,TMPV.NS,213733.0
2025-05-26,TMPV.NS,216932.0
2025-05-27,TMPV.NS,213197.0
2025-05-28,TMPV.NS,213644.0
2025-05-29,TMPV.NS,215578.0
2025-05-30,TMPV.NS,214105.0
2025-06-02,TMPV.NS,211754.0
2025-06-03,TMPV.NS,209448.0
2025-06-04,TMPV.NS,211025.0
2025-06-05,TMPV.NS,211323.0
2025-06-06,TMPV.NS,211576.0
2025-06-09,TMPV.NS,213599.0
2025-06-10,TMPV.NS,217899.0
2025-06-11,TMPV.NS,219134.0
2025-06-12,TMPV.NS,212870.0
2025-06-13,TMPV.NS,211888.0
2025-06-16,TMPV.NS,204330.0
2025-06-17,TMPV.NS,200789.0
2025-06-18,TMPV.NS,199449.0
2025-06-19,TMPV.NS,200060.0
2025-06-20,TMPV.NS,201220.0
2025-06-23,TMPV.NS,199747.0
2025-06-24,TMPV.NS,200461.0
2025-06-25,TMPV.NS,200714.0
2025-06-26,TMPV.NS,203169.0
2025-06-27,TMPV.NS,204404.0
2025-06-30,TMPV.NS,204731.0
2025-07-01,TMPV.NS,203482.0
2025-07-02,TMPV.NS,204895.0
2025-07-03,TMPV.NS,205446.0
2025-07-04,TMPV.NS,205044.0
2025-07-07,TMPV.NS,204984.0
2025-07-08,TMPV.NS,206279.0
2025-07-09,TMPV.NS,206160.0
2025-07-10,TMPV.NS,206993.0
2025-07-11,TMPV.NS,202886.0
2025-07-14,TMPV.NS,200714.0
2025-07-15,TMPV.NS,203660.0
2025-07-16,TMPV.NS,202053.0
2025-07-17,TMPV.NS,202857.0
2025-07-18,TMPV.NS,202425.0
2025-07-21,TMPV.NS,204568.0
2025-07-22,TMPV.NS,200387.0
2025-07-23,TMPV.NS,205356.0
2025-07-24,TMPV.NS,208451.0
2025-07-25,TMPV.NS,204553.0
2025-07-28,TMPV.NS,203214.0
2025-07-29,TMPV.NS,206026.0
2025-07-30,TMPV.NS,198914.0
2025-07-31,TMPV.NS,198170.0
2025-08-01,TMPV.NS,193081.0
2025-08-04,TMPV.NS,194495.0
2025-08-05,TMPV.NS,194792.0
2025-08-06,TMPV.NS,194272.0
2025-08-07,TMPV.NS,192382.0
2025-08-08,TMPV.NS,188573.0
2025-08-11,TMPV.NS,194540.0
2025-08-12,TMPV.NS,194644.0
2025-08-13,TMPV.NS,197515.0
2025-08-14,TMPV.NS,197768.0
2025-08-18,TMPV.NS,201161.0
2025-08-19,TMPV.NS,208377.0
2025-08-20,TMPV.NS,205208.0
2025-08-21,TMPV.NS,203958.0
2025-08-22,TMPV.NS,202440.0
2025-08-25,TMPV.NS,204374.0
2025-08-26,TMPV.NS,202842.0
2025-08-28,TMPV.NS,200997.0
2025-08-29,TMPV.NS,199078.0
2025-09-01,TMPV.NS,205371.0
2025-09-02,TMPV.NS,203660.0
2025-09-03,TMPV.NS,205937.0
2025-09-04,TMPV.NS,204583.0
2025-09-05,TMPV.NS,205832.0
2025-09-08,TMPV.NS,214105.0
2025-09-09,TMPV.NS,212930.0
2025-09-10,TMPV.NS,211010.0
2025-09-11,TMPV.NS,210043.0
2025-09-12,TMPV.NS,212840.0
2025-09-15,TMPV.NS,212141.0
2025-09-16,TMPV.NS,212245.0
2025-09-17,TMPV.NS,214001.0
2025-09-18,TMPV.NS,211635.0
2025-09-19,TMPV.NS,210519.0
2025-09-22,TMPV.NS,207186.0
2025-09-23,TMPV.NS,208704.0
2025-09-24,TMPV.NS,203229.0
2025-09-25,TMPV.NS,197679.0
2025-09-26,TMPV.NS,200238.0
2025-09-29,TMPV.NS,200119.0
2025-09-30,TMPV.NS,202410.0
2025-10-01,TMPV.NS,213763.0
2025-10-03,TMPV.NS,213093.0
2025-10-06,TMPV.NS,212067.0
2025-10-07,TMPV.NS,207722.0
2025-10-08,TMPV.NS,202812.0
2025-10-09,TMPV.NS,202678.0
2025-10-10,TMPV.NS,202038.0
2025-10-13,TMPV.NS,196623.0
2025-10-14,TMPV.NS,117676.0
2025-10-15,TMPV.NS,116307.0
2025-10-16,TMPV.NS,118078.0
2025-10-17,TMPV.NS,118018.0
2025-10-20,TMPV.NS,118956.0
2025-10-21,TMPV.NS,119580.0
2025-10-23,TMPV.NS,120771.0
2025-10-24,TMPV.NS,120012.0
2025-10-27,TMPV.NS,122021.0
2025-10-28,TMPV.NS,122452.0
2025-10-29,TMPV.NS,122407.0
2025-10-30,TMPV.NS,122735.0
2025-10-31,TMPV.NS,122006.0
2025-11-03,TMPV.NS,124089.0
2025-11-04,TMPV.NS,120964.0
2025-11-06,TMPV.NS,121366.0
2025-11-07,TMPV.NS,120726.0
2025-11-10,TMPV.NS,122140.0
2025-11-11,TMPV.NS,121291.0
2025-11-12,TMPV.NS,119670.0
2025-11-13,TMPV.NS,118420.0
2025-11-14,TMPV.NS,116411.0
2025-11-17,TMPV.NS,110906.0
2025-11-18,TMPV.NS,110490.0
2025-11-19,TMPV.NS,107380.0
2025-11-20,TMPV.NS,107067.0
2025-11-21,TMPV.NS,107796.0
2025-11-24,TMPV.NS,106621.0
2025-11-25,TMPV.NS,104880.0
2025-11-26,TMPV.NS,106904.0
2025-11-27,TMPV.NS,106472.0
2025-11-28,TMPV.NS,106175.0
2025-12-01,TMPV.NS,108258.0
2025-12-02,TMPV.NS,107648.0
2025-12-03,TMPV.NS,106190.0
2025-12-04,TMPV.NS,106071.0
2025-12-05,TMPV.NS,105222.0
2025-12-08,TMPV.NS,103645.0
2025-12-09,TMPV.NS,102574.0
2025-12-10,TMPV.NS,102187.0
2025-12-11,TMPV.NS,103154.0
2025-12-12,TMPV.NS,103392.0
2025-12-15,TMPV.NS,103303.0
2025-12-16,TMPV.NS,102797.0
2025-12-17,TMPV.NS,103065.0
2025-12-18,TMPV.NS,102901.0
2025-12-19,TMPV.NS,104940.0
2025-12-22,TMPV.NS,106874.0
2025-12-23,TMPV.NS,108094.0
2025-12-24,TMPV.NS,106889.0
2025-12-26,TMPV.NS,106770.0
2025-12-29,TMPV.NS,106710.0
2025-12-30,TMPV.NS,107648.0
2025-12-31,TMPV.NS,109314.0
2026-01-01,TMPV.NS,109374.0
2026-01-02,TMPV.NS,110207.0
2026-01-05,TMPV.NS,111159.0
2026-01-06,TMPV.NS,109775.0
2026-01-07,TMPV.NS,108124.0
2026-01-08,TMPV.NS,106963.0
2026-01-09,TMPV.NS,105386.0
2026-01-12,TMPV.NS,104315.0
2026-01-13,TMPV.NS,104077.0
2026-01-14,TMPV.NS,104092.0
2026-01-15,TMPV.NS,104092.0
2026-01-16,TMPV.NS,105222.0
2026-01-19,TMPV.NS,102366.0
2026-01-20,TMPV.NS,100536.0
2026-01-21,TMPV.NS,100952.0
2026-01-22,TMPV.NS,103348.0
2026-01-23,TMPV.NS,102500.0
2026-01-27,TMPV.NS,101339.0
2026-01-28,TMPV.NS,101309.0
2026-01-29,TMPV.NS,104687.0
2026-01-30,TMPV.NS,104166.0
2026-02-02,TMPV.NS,107990.0
2026-02-03,TMPV.NS,110713.0
2026-02-04,TMPV.NS,111724.0
2026-02-05,TMPV.NS,111338.0
2026-02-06,TMPV.NS,109954.0
2026-02-09,TMPV.NS,112305.0
2026-02-10,TMPV.NS,112885.0
2026-02-11,TMPV.NS,114477.0
2026-02-12,TMPV.NS,114105.0
2026-02-13,TMPV.NS,113153.0
2026-02-16,TMPV.NS,112260.0
2026-02-17,TMPV.NS,113927.0
2026-02-18,TMPV.NS,113927.0
2026-02-19,TMPV.NS,111799.0
2026-02-20,TMPV.NS,112483.0
2026-02-23,TMPV.NS,113064.0
2026-02-24,TMPV.NS,112349.0
2026-02-25,TMPV.NS,113629.0
2026-02-26,TMPV.NS,116515.0
2026-02-27,TMPV.NS,113867.0
2026-03-02,TMPV.NS,110281.0
2026-03-04,TMPV.NS,104508.0
2026-03-05,TMPV.NS,105684.0
2026-03-06,TMPV.NS,104374.0
2026-03-09,TMPV.NS,98795.0
2026-03-10,TMPV.NS,102723.0
2026-03-11,TMPV.NS,99792.0
2026-03-12,TMPV.NS,96578.0
2026-03-13,TMPV.NS,93468.0
2026-03-16,TMPV.NS,93558.0
2026-03-17,TMPV.NS,94986.0
2026-03-18,TMPV.NS,96637.0
2026-03-19,TMPV.NS,92040.0
2026-03-20,TMPV.NS,93468.0
2026-03-23,TMPV.NS,90835.0
2026-03-24,TMPV.NS,92605.0
2026-03-25,TMPV.NS,94614.0
2026-03-27,TMPV.NS,90225.0
2026-03-30,TMPV.NS,88142.0
2026-04-01,TMPV.NS,90150.0
2026-04-02,TMPV.NS,90254.0
2026-04-06,TMPV.NS,91474.0
2026-04-07,TMPV.NS,91861.0
2026-04-08,TMPV.NS,99613.0
2026-04-09,TMPV.NS,99167.0
2026-04-10,TMPV.NS,101949.0
2026-04-13,TMPV.NS,102812.0
2026-04-15,TMPV.NS,106502.0
2026-04-16,TMPV.NS,106026.0
2026-04-17,TMPV.NS,107157.0
2026-04-20,TMPV.NS,105847.0
2026-04-21,TMPV.NS,105907.0
2026-04-22,TMPV.NS,107677.0
2026-04-23,TMPV.NS,104731.0
2026-04-24,TMPV.NS,104300.0
2026-04-27,TMPV.NS,105446.0
2026-04-28,TMPV.NS,104389.0
2026-04-29,TMPV.NS,104955.0
2026-04-30,TMPV.NS,101637.0
2026-05-01,TMPV.NS,101637.0
2026-05-04,TMPV.NS,102083.0
2026-05-05,TMPV.NS,101220.0
2026-05-06,TMPV.NS,106576.0
2026-05-07,TMPV.NS,106904.0
2026-05-08,TMPV.NS,105773.0
2026-05-11,TMPV.NS,102961.0
2026-05-12,TMPV.NS,100238.0
2026-05-13,TMPV.NS,100238.0
2026-05-14,TMPV.NS,100803.0
2026-05-15,TMPV.NS,106100.0
2026-05-18,TMPV.NS,105089.0
2026-05-19,TMPV.NS,107484.0
2026-05-20,TMPV.NS,107499.0
2026-05-21,TMPV.NS,107529.0
2026-05-22,TMPV.NS,108124.0
2026-05-25,TMPV.NS,111070.0
2026-05-26,TMPV.NS,114745.0
2026-05-27,TMPV.NS,119313.0
2026-05-28,TMPV.NS,119313.0
2026-05-29,TMPV.NS,117215.0
2026-06-01,TMPV.NS,114537.0
2026-06-02,TMPV.NS,116114.0
2026-06-03,TMPV.NS,118479.0
2026-06-04,TMPV.NS,118941.0
2026-06-05,TMPV.NS,118375.0
2026-06-08,TMPV.NS,115757.0
2026-06-09,TMPV.NS,115399.0
2026-06-10,TMPV.NS,113376.0
2026-06-11,TMPV.NS,111858.0
2026-06-12,TMPV.NS,116054.0
2026-06-15,TMPV.NS,117959.0
2026-06-16,TMPV.NS,117125.0
2026-06-17,TMPV.NS,107410.0
2026-06-18,TMPV.NS,108511.0
2026-06-19,TMPV.NS,106978.0
2026-06-22,TMPV.NS,107573.0
2026-06-23,TMPV.NS,105505.0
2026-06-24,TMPV.NS,104062.0
2026-06-25,TMPV.NS,105103.0
2026-06-26,TMPV.NS,105103.0
2026-06-29,TMPV.NS,102678.0
2026-06-30,TMPV.NS,104806.0
2026-07-01,TMPV.NS,103497.0
2026-07-02,TMPV.NS,102946.0
2026-07-03,TMPV.NS,102395.0
2026-07-06,TMPV.NS,103273.0
2026-07-07,TMPV.NS,101860.0
2026-07-08,TMPV.NS,98810.0
2026-07-09,TMPV.NS,98646.0
2026-07-10,TMPV.NS,100565.0
2026-07-13,TMPV.NS,101845.0
2026-07-14,TMPV.NS,99197.0
2026-07-15,TMPV.NS,99092.0
2026-07-16,TMPV.NS,98735.0
2026-07-17,TMPV.NS,99866.0
2026-07-20,TMPV.NS,100119.0
2026-07-21,TMPV.NS,99330.0
2026-07-22,TMPV.NS,97515.0
2026-07-23,TMPV.NS,96503.0
2026-07-24,TMPV.NS,96355.0
2026-07-27,TMPV.NS,97500.0
2026-07-28,TMPV.NS,96533.0
2026-07-29,TMPV.NS,98140.0
2026-07-30,TMPV.NS,99449.0
2026-07-31,TMPV.NS,101101.0
2026-08-03,TMPV.NS,103943.0
2026-08-04,TMPV.NS,103720.0
2026-08-05,TMPV.NS,104092.0
2026-08-06,TMPV.NS,102767.0
2026-08-07,TMPV.NS,103258.0
2026-08-10,TMPV.NS,103288.0
2026-08-11,TMPV.NS,103437.0
2026-08-12,TMPV.NS,102068.0
2026-08-13,TMPV.NS,104032.0
2026-08-14,TMPV.NS,99539.0
2026-08-17,TMPV.NS,98259.0
2026-08-18,TMPV.NS,96057.0
2026-08-19,TMPV.NS,95611.0
2026-08-20,TMPV.NS,95298.0
2026-08-21,TMPV.NS,94599.0
2026-08-24,TMPV.NS,93558.0
2026-08-25,TMPV.NS,93513.0
2026-08-26,TMPV.NS,93171.0
2026-08-27,TMPV.NS,94034.0
2026-08-28,TMPV.NS,95045.0
2026-08-31,TMPV.NS,91906.0
2026-09-01,TMPV.NS,92248.0
2026-09-02,TMPV.NS,93067.0
2026-09-03,TMPV.NS,92843.0
2026-09-04,TMPV.NS,92695.0
2026-09-07,TMPV.NS,91355.0
2026-09-08,TMPV.NS,91192.0
2026-09-09,TMPV.NS,90165.0
2026-09-10,TMPV.NS,89421.0
2026-09-11,TMPV.NS,89600.0
2026-09-14,TMPV.NS,89600.0
2026-09-15,TMPV.NS,90344.0
2026-09-16,TMPV.NS,89570.0
2026-09-17,TMPV.NS,93587.0
2026-09-18,TMPV.NS,90403.0
2026-09-21,TMPV.NS,89763.0
2026-09-22,TMPV.NS,89287.0
2026-09-23,TMPV.NS,89421.0
2026-09-24,TMPV.NS,87785.0
2026-09-25,TMPV.NS,86431.0
2026-09-28,TMPV.NS,83842.0
2026-09-29,TMPV.NS,83604.0
2026-09-30,TMPV.NS,84362.0
2026-10-01,TMPV.NS,83142.0
2026-10-02,TMPV.NS,83142.0
2026-10-05,TMPV.NS,85895.0
2026-10-06,TMPV.NS,85047.0
